state,state_code,year,education,education_code,region,births,avg_birth_weight_g,sd_birth_weight_g,avg_mother_age,sd_mother_age,avg_gestational_age_wks,sd_gestational_age_wks
Connecticut,09,2016,8th grade or less,1,Northeast,812,3287.25,568.97,29.96,6.62,38.53,2.68
Connecticut,09,2017,8th grade or less,1,Northeast,842,3260.71,622.22,30.43,6.41,38.57,2.92
Connecticut,09,2018,8th grade or less,1,Northeast,766,3277.18,562.34,30.97,6.12,38.55,2.54
Connecticut,09,2019,8th grade or less,1,Northeast,729,3263.99,541.15,30.62,6.25,38.68,2.49
Connecticut,09,2020,8th grade or less,1,Northeast,780,3261.89,560.67,30.98,6.68,38.47,2.63
Connecticut,09,2021,8th grade or less,1,Northeast,823,3235.91,599.22,30.49,6.76,38.51,2.76
Connecticut,09,2022,8th grade or less,1,Northeast,872,3262.37,561.61,30.33,6.62,38.56,2.74
Connecticut,09,2023,8th grade or less,1,Northeast,884,3272.66,527.73,30.42,6.51,38.53,2.57
Connecticut,09,2024,8th grade or less,1,Northeast,863,3226.31,589.08,30.26,6.89,38.42,2.73
Connecticut,09,2016,9th through 12th grade with no diploma,2,Northeast,2805,3196.71,598.27,26.17,6.6,38.55,2.7
Connecticut,09,2017,9th through 12th grade with no diploma,2,Northeast,2732,3184.52,593.62,26.12,6.64,38.55,2.83
Connecticut,09,2018,9th through 12th grade with no diploma,2,Northeast,2484,3178.39,623.06,26.3,6.75,38.42,2.83
Connecticut,09,2019,9th through 12th grade with no diploma,2,Northeast,2393,3180.92,602.26,26.44,6.84,38.53,2.69
Connecticut,09,2020,9th through 12th grade with no diploma,2,Northeast,2297,3195.39,613.43,26.61,6.94,38.47,2.81
Connecticut,09,2021,9th through 12th grade with no diploma,2,Northeast,2256,3158.8,600.79,26.6,6.78,38.42,2.7
Connecticut,09,2022,9th through 12th grade with no diploma,2,Northeast,2096,3163.24,595.67,26.71,6.99,38.39,2.77
Connecticut,09,2023,9th through 12th grade with no diploma,2,Northeast,2154,3169.42,609.25,26.95,6.91,38.34,2.81
Connecticut,09,2024,9th through 12th grade with no diploma,2,Northeast,2106,3158.81,573.74,26.94,6.96,38.39,2.57
Connecticut,09,2016,High school graduate or GED completed,3,Northeast,6688,3228.1,610.37,27.61,5.85,38.62,2.65
Connecticut,09,2017,High school graduate or GED completed,3,Northeast,6390,3227.08,609.19,27.6,5.75,38.63,2.68
Connecticut,09,2018,High school graduate or GED completed,3,Northeast,6587,3233.5,596.89,27.89,5.77,38.58,2.75
Connecticut,09,2019,High school graduate or GED completed,3,Northeast,6437,3239.05,601.39,27.98,5.83,38.62,2.62
Connecticut,09,2020,High school graduate or GED completed,3,Northeast,6570,3224.83,610.66,27.92,5.83,38.56,2.73
Connecticut,09,2021,High school graduate or GED completed,3,Northeast,6563,3213.72,629.49,27.96,5.71,38.49,2.73
Connecticut,09,2022,High school graduate or GED completed,3,Northeast,6763,3204.02,610.48,28.31,5.86,38.5,2.65
Connecticut,09,2023,High school graduate or GED completed,3,Northeast,6721,3199.96,597.16,28.31,5.92,38.5,2.67
Connecticut,09,2024,High school graduate or GED completed,3,Northeast,6885,3204.62,604.91,28.37,5.86,38.44,2.67
Connecticut,09,2016,"Some college credit, but not a degree",4,Northeast,6422,3270.78,615.92,28.69,5.46,38.69,2.63
Connecticut,09,2017,"Some college credit, but not a degree",4,Northeast,6371,3263.56,600.96,28.89,5.4,38.71,2.44
Connecticut,09,2018,"Some college credit, but not a degree",4,Northeast,6078,3265.54,601.8,28.9,5.46,38.69,2.57
Connecticut,09,2019,"Some college credit, but not a degree",4,Northeast,5946,3249.24,614.43,29.12,5.45,38.62,2.57
Connecticut,09,2020,"Some college credit, but not a degree",4,Northeast,5525,3247.23,617.07,29.25,5.5,38.59,2.6
Connecticut,09,2021,"Some college credit, but not a degree",4,Northeast,5778,3237.34,608.6,29.6,5.28,38.56,2.56
Connecticut,09,2022,"Some college credit, but not a degree",4,Northeast,5316,3252.53,621.57,29.78,5.3,38.58,2.55
Connecticut,09,2023,"Some college credit, but not a degree",4,Northeast,5093,3233.64,611.99,29.83,5.34,38.52,2.62
Connecticut,09,2024,"Some college credit, but not a degree",4,Northeast,4816,3248.14,603.84,30.05,5.4,38.49,2.53
Connecticut,09,2016,"Associate degree (AA, AS)",5,Northeast,3188,3310.41,595.01,30.5,4.87,38.74,2.4
Connecticut,09,2017,"Associate degree (AA, AS)",5,Northeast,3162,3285.76,605.34,30.73,4.97,38.72,2.49
Connecticut,09,2018,"Associate degree (AA, AS)",5,Northeast,3126,3286.42,594.13,30.71,4.91,38.64,2.4
Connecticut,09,2019,"Associate degree (AA, AS)",5,Northeast,3142,3279.49,578.46,30.87,4.93,38.64,2.45
Connecticut,09,2020,"Associate degree (AA, AS)",5,Northeast,2894,3297.6,608.11,30.83,4.86,38.7,2.5
Connecticut,09,2021,"Associate degree (AA, AS)",5,Northeast,2959,3289.21,579.11,31.18,4.7,38.65,2.37
Connecticut,09,2022,"Associate degree (AA, AS)",5,Northeast,2973,3253.87,585.9,31.41,4.6,38.61,2.45
Connecticut,09,2023,"Associate degree (AA, AS)",5,Northeast,2770,3275.26,573.85,31.46,4.7,38.58,2.31
Connecticut,09,2024,"Associate degree (AA, AS)",5,Northeast,2782,3265.52,596.77,31.88,4.81,38.51,2.46
Connecticut,09,2016,"Bachelor's degree (BA, AB, BS)",6,Northeast,8460,3335.49,576.33,32.11,4.31,38.85,2.27
Connecticut,09,2017,"Bachelor's degree (BA, AB, BS)",6,Northeast,8226,3331.05,577.27,32.22,4.29,38.87,2.18
Connecticut,09,2018,"Bachelor's degree (BA, AB, BS)",6,Northeast,8200,3353.31,560.47,32.23,4.3,38.94,2.13
Connecticut,09,2019,"Bachelor's degree (BA, AB, BS)",6,Northeast,8101,3326.36,567.76,32.31,4.25,38.83,2.23
Connecticut,09,2020,"Bachelor's degree (BA, AB, BS)",6,Northeast,8042,3337.38,572.1,32.43,4.26,38.89,2.14
Connecticut,09,2021,"Bachelor's degree (BA, AB, BS)",6,Northeast,9074,3325.55,565.73,32.57,4.19,38.81,2.17
Connecticut,09,2022,"Bachelor's degree (BA, AB, BS)",6,Northeast,8964,3329.4,557.25,32.66,4.22,38.82,2.13
Connecticut,09,2023,"Bachelor's degree (BA, AB, BS)",6,Northeast,8869,3328.87,552.02,32.73,4.26,38.83,2.15
Connecticut,09,2024,"Bachelor's degree (BA, AB, BS)",6,Northeast,8915,3320.55,570.57,32.83,4.21,38.75,2.19
Connecticut,09,2016,"Master's degree (MA, MS, MEng, MEd, MSW, MBA)",7,Northeast,6110,3336.91,564.76,33.07,3.83,38.87,2.2
Connecticut,09,2017,"Master's degree (MA, MS, MEng, MEd, MSW, MBA)",7,Northeast,5961,3324.81,582.94,33.17,3.72,38.85,2.3
Connecticut,09,2018,"Master's degree (MA, MS, MEng, MEd, MSW, MBA)",7,Northeast,5961,3353.56,572.49,33.28,3.75,38.9,2.18
Connecticut,09,2019,"Master's degree (MA, MS, MEng, MEd, MSW, MBA)",7,Northeast,5936,3337.37,569.38,33.33,3.71,38.86,2.24
Connecticut,09,2020,"Master's degree (MA, MS, MEng, MEd, MSW, MBA)",7,Northeast,5830,3346.28,541.22,33.39,3.77,38.93,2.02
Connecticut,09,2021,"Master's degree (MA, MS, MEng, MEd, MSW, MBA)",7,Northeast,6590,3333.37,577.28,33.54,3.8,38.75,2.2
Connecticut,09,2022,"Master's degree (MA, MS, MEng, MEd, MSW, MBA)",7,Northeast,6611,3326.01,569.5,33.59,3.85,38.76,2.23
Connecticut,09,2023,"Master's degree (MA, MS, MEng, MEd, MSW, MBA)",7,Northeast,6415,3327.49,564.1,33.59,3.91,38.78,2.15
Connecticut,09,2024,"Master's degree (MA, MS, MEng, MEd, MSW, MBA)",7,Northeast,6417,3333.84,555.24,33.67,3.87,38.77,2.15
Connecticut,09,2016,"Doctorate (PhD, EdD) or Professional Degree (MD, DDS, DVM, LLB, JD)",8,Northeast,1414,3302.89,568.94,34.23,3.84,38.78,2.3
Connecticut,09,2017,"Doctorate (PhD, EdD) or Professional Degree (MD, DDS, DVM, LLB, JD)",8,Northeast,1444,3311.45,576.26,34.27,3.85,39.02,2.33
Connecticut,09,2018,"Doctorate (PhD, EdD) or Professional Degree (MD, DDS, DVM, LLB, JD)",8,Northeast,1456,3316.89,563.88,34.26,3.78,38.82,2.17
Connecticut,09,2019,"Doctorate (PhD, EdD) or Professional Degree (MD, DDS, DVM, LLB, JD)",8,Northeast,1508,3318.37,535.99,34.29,3.92,38.98,1.99
Connecticut,09,2020,"Doctorate (PhD, EdD) or Professional Degree (MD, DDS, DVM, LLB, JD)",8,Northeast,1465,3314.41,522.78,34.44,3.87,38.91,1.99
Connecticut,09,2021,"Doctorate (PhD, EdD) or Professional Degree (MD, DDS, DVM, LLB, JD)",8,Northeast,1586,3300.09,518.13,34.33,3.72,38.78,1.96
Connecticut,09,2022,"Doctorate (PhD, EdD) or Professional Degree (MD, DDS, DVM, LLB, JD)",8,Northeast,1682,3326.53,505.79,34.4,3.64,38.94,1.81
Connecticut,09,2023,"Doctorate (PhD, EdD) or Professional Degree (MD, DDS, DVM, LLB, JD)",8,Northeast,1612,3313.89,535.73,34.5,3.75,38.81,2.12
Connecticut,09,2024,"Doctorate (PhD, EdD) or Professional Degree (MD, DDS, DVM, LLB, JD)",8,Northeast,1763,3318.75,535.15,34.59,3.69,38.83,2.04
Maine,23,2016,8th grade or less,1,Northeast,162,3268.22,592.82,29.69,6.45,38.76,2.15
Maine,23,2017,8th grade or less,1,Northeast,204,3269.15,660.68,30.92,6.92,38.67,2.52
Maine,23,2018,8th grade or less,1,Northeast,191,3300.69,600.64,30.26,6.1,38.76,2.38
Maine,23,2019,8th grade or less,1,Northeast,162,3329.96,519.15,30.0,6.25,38.94,2.16
Maine,23,2020,8th grade or less,1,Northeast,167,3347.43,522.68,30.19,6.41,38.87,1.99
Maine,23,2021,8th grade or less,1,Northeast,194,3339.85,581.86,29.64,6.2,38.88,2.4
Maine,23,2022,8th grade or less,1,Northeast,214,3241.45,628.64,30.31,7.17,38.41,2.59
Maine,23,2023,8th grade or less,1,Northeast,198,3287.02,587.91,30.58,7.12,38.59,2.3
Maine,23,2024,8th grade or less,1,Northeast,196,3255.8,546.59,29.32,7.12,38.6,2.08
Maine,23,2016,9th through 12th grade with no diploma,2,Northeast,676,3193.53,576.36,23.8,5.94,38.84,2.55
Maine,23,2017,9th through 12th grade with no diploma,2,Northeast,664,3191.8,607.47,24.1,6.14,38.66,2.65
Maine,23,2018,9th through 12th grade with no diploma,2,Northeast,628,3151.49,629.66,24.03,5.94,38.52,2.74
Maine,23,2019,9th through 12th grade with no diploma,2,Northeast,630,3175.6,628.76,24.7,6.11,38.7,2.81
Maine,23,2020,9th through 12th grade with no diploma,2,Northeast,628,3189.5,583.11,24.64,6.35,38.64,2.52
Maine,23,2021,9th through 12th grade with no diploma,2,Northeast,603,3179.23,598.34,24.53,6.31,38.48,2.58
Maine,23,2022,9th through 12th grade with no diploma,2,Northeast,613,3145.37,579.89,24.79,6.19,38.4,2.56
Maine,23,2023,9th through 12th grade with no diploma,2,Northeast,605,3149.6,599.35,25.29,6.4,38.33,2.63
Maine,23,2024,9th through 12th grade with no diploma,2,Northeast,601,3173.95,616.65,25.13,6.49,38.48,2.57
Maine,23,2016,High school graduate or GED completed,3,Northeast,3531,3297.82,624.67,26.17,5.33,38.88,2.58
Maine,23,2017,High school graduate or GED completed,3,Northeast,3329,3290.26,592.21,26.48,5.32,38.8,2.43
Maine,23,2018,High school graduate or GED completed,3,Northeast,3303,3288.39,608.16,26.71,5.31,38.74,2.53
Maine,23,2019,High school graduate or GED completed,3,Northeast,2920,3280.11,615.61,27.01,5.41,38.68,2.6
Maine,23,2020,High school graduate or GED completed,3,Northeast,2892,3273.39,610.46,26.84,5.39,38.63,2.49
Maine,23,2021,High school graduate or GED completed,3,Northeast,2855,3275.97,609.08,27.24,5.43,38.56,2.55
Maine,23,2022,High school graduate or GED completed,3,Northeast,2881,3242.65,632.0,27.29,5.45,38.58,2.67
Maine,23,2023,High school graduate or GED completed,3,Northeast,2806,3247.14,619.86,27.49,5.59,38.59,2.54
Maine,23,2024,High school graduate or GED completed,3,Northeast,2885,3261.05,601.43,27.55,5.51,38.55,2.4
Maine,23,2016,"Some college credit, but not a degree",4,Northeast,2628,3384.81,582.56,27.63,4.98,39.01,2.27
Maine,23,2017,"Some college credit, but not a degree",4,Northeast,2560,3334.23,589.15,27.75,5.16,38.89,2.39
Maine,23,2018,"Some college credit, but not a degree",4,Northeast,2663,3339.29,584.34,28.31,5.15,38.9,2.28
Maine,23,2019,"Some college credit, but not a degree",4,Northeast,2563,3316.68,580.9,28.29,5.16,38.69,2.38
Maine,23,2020,"Some college credit, but not a degree",4,Northeast,2446,3318.32,610.57,28.73,5.25,38.6,2.49
Maine,23,2021,"Some college credit, but not a degree",4,Northeast,2377,3302.41,582.41,28.95,5.2,38.64,2.35
Maine,23,2022,"Some college credit, but not a degree",4,Northeast,2256,3307.39,593.76,29.02,5.15,38.6,2.37
Maine,23,2023,"Some college credit, but not a degree",4,Northeast,2124,3289.51,579.51,29.15,5.22,38.61,2.23
Maine,23,2024,"Some college credit, but not a degree",4,Northeast,2020,3291.89,595.3,29.26,5.25,38.57,2.41
Maine,23,2016,"Associate degree (AA, AS)",5,Northeast,1245,3387.23,613.07,29.6,4.62,38.79,2.38
Maine,23,2017,"Associate degree (AA, AS)",5,Northeast,1204,3380.94,584.75,29.67,4.67,38.77,2.25
Maine,23,2018,"Associate degree (AA, AS)",5,Northeast,1186,3353.2,592.03,29.68,4.82,38.71,2.52
Maine,23,2019,"Associate degree (AA, AS)",5,Northeast,1114,3347.45,576.51,29.9,4.41,38.67,2.37
Maine,23,2020,"Associate degree (AA, AS)",5,Northeast,982,3351.48,588.34,29.92,4.51,38.64,2.23
Maine,23,2021,"Associate degree (AA, AS)",5,Northeast,1094,3326.65,600.76,30.07,4.64,38.66,2.29
Maine,23,2022,"Associate degree (AA, AS)",5,Northeast,1138,3313.5,609.03,30.35,4.68,38.55,2.33
Maine,23,2023,"Associate degree (AA, AS)",5,Northeast,966,3333.99,567.12,30.46,4.76,38.56,2.08
Maine,23,2024,"Associate degree (AA, AS)",5,Northeast,1000,3310.47,592.57,30.61,4.62,38.5,2.44
Maine,23,2016,"Bachelor's degree (BA, AB, BS)",6,Northeast,2818,3429.71,567.64,31.08,4.34,39.02,2.15
Maine,23,2017,"Bachelor's degree (BA, AB, BS)",6,Northeast,2777,3411.11,583.89,31.25,4.3,38.99,2.15
Maine,23,2018,"Bachelor's degree (BA, AB, BS)",6,Northeast,2799,3400.65,561.79,31.32,4.2,38.95,2.1
Maine,23,2019,"Bachelor's degree (BA, AB, BS)",6,Northeast,2763,3415.64,542.6,31.5,4.34,38.92,2.05
Maine,23,2020,"Bachelor's degree (BA, AB, BS)",6,Northeast,2750,3396.62,557.58,31.59,4.21,38.88,2.01
Maine,23,2021,"Bachelor's degree (BA, AB, BS)",6,Northeast,3094,3384.27,562.13,31.6,4.23,38.79,2.18
Maine,23,2022,"Bachelor's degree (BA, AB, BS)",6,Northeast,3125,3369.51,568.46,31.67,4.33,38.76,2.04
Maine,23,2023,"Bachelor's degree (BA, AB, BS)",6,Northeast,3112,3354.47,557.97,31.72,4.25,38.77,2.19
Maine,23,2024,"Bachelor's degree (BA, AB, BS)",6,Northeast,3048,3359.35,556.78,31.92,4.37,38.79,2.02
Maine,23,2016,"Master's degree (MA, MS, MEng, MEd, MSW, MBA)",7,Northeast,1243,3422.99,558.56,32.76,3.96,39.0,2.12
Maine,23,2017,"Master's degree (MA, MS, MEng, MEd, MSW, MBA)",7,Northeast,1180,3382.85,594.51,32.8,3.77,38.91,2.1
Maine,23,2018,"Master's degree (MA, MS, MEng, MEd, MSW, MBA)",7,Northeast,1155,3418.27,552.25,32.93,3.86,38.92,2.1
Maine,23,2019,"Master's degree (MA, MS, MEng, MEd, MSW, MBA)",7,Northeast,1209,3398.26,586.13,33.16,3.98,38.76,2.36
Maine,23,2020,"Master's degree (MA, MS, MEng, MEd, MSW, MBA)",7,Northeast,1241,3399.44,563.85,33.22,3.87,38.78,2.21
Maine,23,2021,"Master's degree (MA, MS, MEng, MEd, MSW, MBA)",7,Northeast,1326,3378.42,571.96,33.07,3.87,38.76,2.13
Maine,23,2022,"Master's degree (MA, MS, MEng, MEd, MSW, MBA)",7,Northeast,1367,3392.4,557.36,33.42,3.97,38.79,2.08
Maine,23,2023,"Master's degree (MA, MS, MEng, MEd, MSW, MBA)",7,Northeast,1346,3374.06,551.18,33.26,3.93,38.76,2.0
Maine,23,2024,"Master's degree (MA, MS, MEng, MEd, MSW, MBA)",7,Northeast,1384,3378.88,548.27,33.34,3.99,38.63,2.09
Maine,23,2016,"Doctorate (PhD, EdD) or Professional Degree (MD, DDS, DVM, LLB, JD)",8,Northeast,379,3396.61,545.96,33.31,3.94,39.02,1.9
Maine,23,2017,"Doctorate (PhD, EdD) or Professional Degree (MD, DDS, DVM, LLB, JD)",8,Northeast,359,3400.14,519.41,33.45,3.68,39.04,1.74
Maine,23,2018,"Doctorate (PhD, EdD) or Professional Degree (MD, DDS, DVM, LLB, JD)",8,Northeast,368,3349.01,580.78,33.61,4.0,38.7,2.3
Maine,23,2019,"Doctorate (PhD, EdD) or Professional Degree (MD, DDS, DVM, LLB, JD)",8,Northeast,387,3304.1,621.83,33.91,3.71,38.61,2.31
Maine,23,2020,"Doctorate (PhD, EdD) or Professional Degree (MD, DDS, DVM, LLB, JD)",8,Northeast,366,3369.69,539.42,33.94,4.2,38.92,2.35
Maine,23,2021,"Doctorate (PhD, EdD) or Professional Degree (MD, DDS, DVM, LLB, JD)",8,Northeast,421,3388.81,552.2,33.9,3.79,38.81,1.99
Maine,23,2022,"Doctorate (PhD, EdD) or Professional Degree (MD, DDS, DVM, LLB, JD)",8,Northeast,452,3365.11,556.54,33.95,3.8,38.76,1.75
Maine,23,2023,"Doctorate (PhD, EdD) or Professional Degree (MD, DDS, DVM, LLB, JD)",8,Northeast,425,3332.08,602.96,33.84,3.69,38.55,1.94
Maine,23,2024,"Doctorate (PhD, EdD) or Professional Degree (MD, DDS, DVM, LLB, JD)",8,Northeast,419,3370.96,544.02,34.06,3.7,38.73,1.81
Massachusetts,25,2016,8th grade or less,1,Northeast,1651,3234.3,609.46,29.31,6.55,38.62,2.67
Massachusetts,25,2017,8th grade or less,1,Northeast,1636,3232.69,560.19,29.76,6.41,38.63,2.57
Massachusetts,25,2018,8th grade or less,1,Northeast,1488,3256.82,568.27,29.88,6.43,38.71,2.5
Massachusetts,25,2019,8th grade or less,1,Northeast,1437,3240.08,580.94,30.06,6.79,38.6,2.57
Massachusetts,25,2020,8th grade or less,1,Northeast,1361,3239.51,569.96,30.01,6.63,38.6,2.55
Massachusetts,25,2021,8th grade or less,1,Northeast,1189,3228.62,565.85,30.12,6.64,38.56,2.36
Massachusetts,25,2022,8th grade or less,1,Northeast,1581,3240.46,574.75,30.0,6.48,38.64,2.59
Massachusetts,25,2023,8th grade or less,1,Northeast,1636,3235.97,571.8,30.53,6.55,38.3,2.5
Massachusetts,25,2024,8th grade or less,1,Northeast,1657,3220.41,529.45,30.23,6.36,38.49,2.46
Massachusetts,25,2016,9th through 12th grade with no diploma,2,Northeast,4615,3198.0,598.57,26.22,6.54,38.73,2.67
Massachusetts,25,2017,9th through 12th grade with no diploma,2,Northeast,4522,3184.64,600.19,26.42,6.63,38.63,2.6
Massachusetts,25,2018,9th through 12th grade with no diploma,2,Northeast,4157,3187.36,591.06,26.64,6.76,38.65,2.65
Massachusetts,25,2019,9th through 12th grade with no diploma,2,Northeast,4080,3172.76,591.41,26.9,6.74,38.57,2.6
Massachusetts,25,2020,9th through 12th grade with no diploma,2,Northeast,3799,3206.36,592.89,26.92,6.71,38.57,2.69
Massachusetts,25,2021,9th through 12th grade with no diploma,2,Northeast,3773,3183.07,585.46,27.32,6.85,38.43,2.52
Massachusetts,25,2022,9th through 12th grade with no diploma,2,Northeast,4085,3193.0,576.08,27.65,6.83,38.55,2.63
Massachusetts,25,2023,9th through 12th grade with no diploma,2,Northeast,4120,3175.24,582.9,27.59,6.87,38.38,2.52
Massachusetts,25,2024,9th through 12th grade with no diploma,2,Northeast,4370,3185.75,570.95,27.96,6.74,38.49,2.52
Massachusetts,25,2016,High school graduate or GED completed,3,Northeast,11189,3248.93,607.24,27.71,5.85,38.77,2.61
Massachusetts,25,2017,High school graduate or GED completed,3,Northeast,11055,3246.8,587.11,27.76,5.84,38.74,2.54
Massachusetts,25,2018,High school graduate or GED completed,3,Northeast,10954,3245.86,584.0,27.99,5.93,38.72,2.48
Massachusetts,25,2019,High school graduate or GED completed,3,Northeast,10883,3242.64,593.07,28.07,5.88,38.67,2.57
Massachusetts,25,2020,High school graduate or GED completed,3,Northeast,10978,3244.34,584.09,28.29,5.92,38.67,2.49
Massachusetts,25,2021,High school graduate or GED completed,3,Northeast,10811,3226.91,595.64,28.14,5.82,38.54,2.48
Massachusetts,25,2022,High school graduate or GED completed,3,Northeast,11381,3211.75,585.22,28.31,5.85,38.6,2.46
Massachusetts,25,2023,High school graduate or GED completed,3,Northeast,11260,3223.02,587.67,28.44,5.93,38.52,2.47
Massachusetts,25,2024,High school graduate or GED completed,3,Northeast,11681,3227.32,577.22,28.62,5.89,38.6,2.42
Massachusetts,25,2016,"Some college credit, but not a degree",4,Northeast,13241,3293.82,598.94,28.88,5.42,38.83,2.47
Massachusetts,25,2017,"Some college credit, but not a degree",4,Northeast,12858,3286.89,589.13,29.05,5.28,38.82,2.46
Massachusetts,25,2018,"Some college credit, but not a degree",4,Northeast,12377,3270.81,600.04,29.27,5.38,38.72,2.54
Massachusetts,25,2019,"Some college credit, but not a degree",4,Northeast,12086,3260.11,595.71,29.51,5.37,38.72,2.47
Massachusetts,25,2020,"Some college credit, but not a degree",4,Northeast,11169,3264.93,588.28,29.68,5.38,38.71,2.39
Massachusetts,25,2021,"Some college credit, but not a degree",4,Northeast,11061,3259.19,597.77,29.93,5.37,38.61,2.42
Massachusetts,25,2022,"Some college credit, but not a degree",4,Northeast,10349,3246.81,589.25,30.06,5.28,38.64,2.44
Massachusetts,25,2023,"Some college credit, but not a degree",4,Northeast,9910,3249.49,588.52,30.18,5.33,38.6,2.44
Massachusetts,25,2024,"Some college credit, but not a degree",4,Northeast,9637,3254.32,580.17,30.43,5.34,38.62,2.34
Massachusetts,25,2016,"Associate degree (AA, AS)",5,Northeast,4431,3313.76,590.35,31.09,4.84,38.8,2.29
Massachusetts,25,2017,"Associate degree (AA, AS)",5,Northeast,4355,3308.38,604.74,31.11,4.75,38.78,2.41
Massachusetts,25,2018,"Associate degree (AA, AS)",5,Northeast,4182,3306.48,590.94,31.28,4.86,38.8,2.36
Massachusetts,25,2019,"Associate degree (AA, AS)",5,Northeast,4252,3276.1,585.64,31.34,4.79,38.66,2.39
Massachusetts,25,2020,"Associate degree (AA, AS)",5,Northeast,3904,3288.81,562.32,31.57,4.76,38.76,2.28
Massachusetts,25,2021,"Associate degree (AA, AS)",5,Northeast,4089,3298.46,570.12,31.51,4.79,38.65,2.23
Massachusetts,25,2022,"Associate degree (AA, AS)",5,Northeast,4034,3273.98,604.71,31.76,4.86,38.69,2.46
Massachusetts,25,2023,"Associate degree (AA, AS)",5,Northeast,3726,3268.29,573.26,31.84,4.85,38.64,2.41
Massachusetts,25,2024,"Associate degree (AA, AS)",5,Northeast,3495,3253.33,600.23,32.0,4.83,38.54,2.47
Massachusetts,25,2016,"Bachelor's degree (BA, AB, BS)",6,Northeast,17537,3360.04,568.47,32.22,4.27,39.0,2.2
Massachusetts,25,2017,"Bachelor's degree (BA, AB, BS)",6,Northeast,17254,3352.1,569.95,32.28,4.2,38.97,2.18
Massachusetts,25,2018,"Bachelor's degree (BA, AB, BS)",6,Northeast,17385,3338.59,575.64,32.37,4.16,38.9,2.24
Massachusetts,25,2019,"Bachelor's degree (BA, AB, BS)",6,Northeast,17482,3331.3,564.26,32.45,4.16,38.89,2.2
Massachusetts,25,2020,"Bachelor's degree (BA, AB, BS)",6,Northeast,16994,3342.35,562.17,32.57,4.12,38.89,2.2
Massachusetts,25,2021,"Bachelor's degree (BA, AB, BS)",6,Northeast,18531,3336.51,556.66,32.64,4.06,38.84,2.13
Massachusetts,25,2022,"Bachelor's degree (BA, AB, BS)",6,Northeast,17883,3323.37,559.49,32.77,4.16,38.86,2.21
Massachusetts,25,2023,"Bachelor's degree (BA, AB, BS)",6,Northeast,17348,3321.01,553.01,32.81,4.1,38.81,2.18
Massachusetts,25,2024,"Bachelor's degree (BA, AB, BS)",6,Northeast,17409,3327.19,546.64,32.94,4.1,38.84,2.12
Massachusetts,25,2016,"Master's degree (MA, MS, MEng, MEd, MSW, MBA)",7,Northeast,12670,3362.48,570.39,33.23,3.75,39.04,2.13
Massachusetts,25,2017,"Master's degree (MA, MS, MEng, MEd, MSW, MBA)",7,Northeast,12419,3356.75,562.62,33.36,3.68,38.99,2.15
Massachusetts,25,2018,"Master's degree (MA, MS, MEng, MEd, MSW, MBA)",7,Northeast,12871,3353.4,558.64,33.42,3.71,38.95,2.11
Massachusetts,25,2019,"Master's degree (MA, MS, MEng, MEd, MSW, MBA)",7,Northeast,12947,3338.22,560.77,33.53,3.7,38.96,2.14
Massachusetts,25,2020,"Master's degree (MA, MS, MEng, MEd, MSW, MBA)",7,Northeast,12502,3335.23,548.53,33.66,3.72,38.9,2.09
Massachusetts,25,2021,"Master's degree (MA, MS, MEng, MEd, MSW, MBA)",7,Northeast,13762,3332.3,556.38,33.7,3.63,38.86,2.12
Massachusetts,25,2022,"Master's degree (MA, MS, MEng, MEd, MSW, MBA)",7,Northeast,13204,3327.9,554.86,33.92,3.73,38.89,2.16
Massachusetts,25,2023,"Master's degree (MA, MS, MEng, MEd, MSW, MBA)",7,Northeast,12792,3322.77,554.43,33.81,3.64,38.83,2.15
Massachusetts,25,2024,"Master's degree (MA, MS, MEng, MEd, MSW, MBA)",7,Northeast,12651,3311.9,556.57,33.91,3.71,38.8,2.14
Massachusetts,25,2016,"Doctorate (PhD, EdD) or Professional Degree (MD, DDS, DVM, LLB, JD)",8,Northeast,3988,3307.52,558.81,34.42,3.74,38.93,2.13
Massachusetts,25,2017,"Doctorate (PhD, EdD) or Professional Degree (MD, DDS, DVM, LLB, JD)",8,Northeast,3890,3321.49,542.24,34.4,3.66,39.02,2.06
Massachusetts,25,2018,"Doctorate (PhD, EdD) or Professional Degree (MD, DDS, DVM, LLB, JD)",8,Northeast,4068,3316.09,557.78,34.41,3.6,38.94,2.2
Massachusetts,25,2019,"Doctorate (PhD, EdD) or Professional Degree (MD, DDS, DVM, LLB, JD)",8,Northeast,4135,3317.3,530.35,34.54,3.64,38.95,2.01
Massachusetts,25,2020,"Doctorate (PhD, EdD) or Professional Degree (MD, DDS, DVM, LLB, JD)",8,Northeast,4013,3306.48,530.09,34.6,3.57,38.9,2.05
Massachusetts,25,2021,"Doctorate (PhD, EdD) or Professional Degree (MD, DDS, DVM, LLB, JD)",8,Northeast,4310,3298.59,562.23,34.73,3.54,38.84,2.21
Massachusetts,25,2022,"Doctorate (PhD, EdD) or Professional Degree (MD, DDS, DVM, LLB, JD)",8,Northeast,4318,3302.68,532.83,34.86,3.62,38.9,1.99
Massachusetts,25,2023,"Doctorate (PhD, EdD) or Professional Degree (MD, DDS, DVM, LLB, JD)",8,Northeast,4236,3308.3,531.59,34.82,3.61,38.87,2.02
Massachusetts,25,2024,"Doctorate (PhD, EdD) or Professional Degree (MD, DDS, DVM, LLB, JD)",8,Northeast,4372,3282.74,542.39,34.92,3.65,38.74,2.08
New Hampshire,33,2016,8th grade or less,1,Northeast,86,3373.65,509.55,29.71,6.59,38.91,2.16
New Hampshire,33,2017,8th grade or less,1,Northeast,86,3228.84,632.85,29.24,6.59,38.42,3.2
New Hampshire,33,2018,8th grade or less,1,Northeast,93,3216.49,572.91,28.92,6.48,38.7,2.86
New Hampshire,33,2019,8th grade or less,1,Northeast,65,3339.31,478.1,30.03,6.83,38.57,2.74
New Hampshire,33,2020,8th grade or less,1,Northeast,65,3269.45,562.17,29.43,6.72,38.57,2.27
New Hampshire,33,2021,8th grade or less,1,Northeast,72,3364.65,521.99,29.08,7.28,38.82,3.13
New Hampshire,33,2022,8th grade or less,1,Northeast,76,3185.07,588.57,29.01,7.03,38.47,2.88
New Hampshire,33,2023,8th grade or less,1,Northeast,74,3181.96,633.77,30.32,7.39,37.86,2.8
New Hampshire,33,2024,8th grade or less,1,Northeast,79,3184.58,652.67,30.48,6.58,38.15,3.05
New Hampshire,33,2016,9th through 12th grade with no diploma,2,Northeast,656,3215.72,602.17,24.8,6.06,38.91,2.71
New Hampshire,33,2017,9th through 12th grade with no diploma,2,Northeast,617,3194.99,624.54,24.54,5.79,38.86,2.44
New Hampshire,33,2018,9th through 12th grade with no diploma,2,Northeast,564,3174.42,626.74,24.6,5.84,38.62,2.98
New Hampshire,33,2019,9th through 12th grade with no diploma,2,Northeast,548,3208.28,563.58,25.34,6.26,38.82,2.54
New Hampshire,33,2020,9th through 12th grade with no diploma,2,Northeast,561,3198.49,575.54,25.38,6.13,38.87,2.43
New Hampshire,33,2021,9th through 12th grade with no diploma,2,Northeast,527,3217.69,563.8,25.46,6.22,38.68,2.61
New Hampshire,33,2022,9th through 12th grade with no diploma,2,Northeast,454,3191.37,525.02,25.87,6.51,38.59,2.38
New Hampshire,33,2023,9th through 12th grade with no diploma,2,Northeast,436,3221.16,556.23,25.47,6.11,38.72,2.22
New Hampshire,33,2024,9th through 12th grade with no diploma,2,Northeast,444,3208.28,606.8,25.85,6.59,38.33,2.71
New Hampshire,33,2016,High school graduate or GED completed,3,Northeast,2615,3332.55,600.12,26.63,5.44,39.01,2.5
New Hampshire,33,2017,High school graduate or GED completed,3,Northeast,2573,3307.87,589.59,26.62,5.21,39.02,2.34
New Hampshire,33,2018,High school graduate or GED completed,3,Northeast,2514,3310.37,598.64,26.77,5.41,38.91,2.5
New Hampshire,33,2019,High school graduate or GED completed,3,Northeast,2423,3306.55,570.84,26.81,5.14,38.9,2.5
New Hampshire,33,2020,High school graduate or GED completed,3,Northeast,2463,3294.45,616.07,27.08,5.31,38.75,2.63
New Hampshire,33,2021,High school graduate or GED completed,3,Northeast,2506,3290.36,584.93,27.56,5.3,38.82,2.52
New Hampshire,33,2022,High school graduate or GED completed,3,Northeast,2346,3287.04,588.13,27.71,5.36,38.8,2.44
New Hampshire,33,2023,High school graduate or GED completed,3,Northeast,2288,3284.75,578.6,27.6,5.3,38.78,2.44
New Hampshire,33,2024,High school graduate or GED completed,3,Northeast,2329,3306.82,599.11,28.25,5.42,38.81,2.39
New Hampshire,33,2016,"Some college credit, but not a degree",4,Northeast,2553,3363.46,573.65,28.32,5.13,39.1,2.37
New Hampshire,33,2017,"Some college credit, but not a degree",4,Northeast,2347,3331.52,611.37,28.39,5.03,38.93,2.5
New Hampshire,33,2018,"Some college credit, but not a degree",4,Northeast,2382,3363.01,595.01,28.75,5.21,38.93,2.4
New Hampshire,33,2019,"Some college credit, but not a degree",4,Northeast,2265,3325.32,583.39,28.88,5.08,38.85,2.25
New Hampshire,33,2020,"Some college credit, but not a degree",4,Northeast,2197,3349.45,587.23,29.15,4.99,38.95,2.27
New Hampshire,33,2021,"Some college credit, but not a degree",4,Northeast,2179,3330.93,617.92,29.49,5.05,38.77,2.4
New Hampshire,33,2022,"Some college credit, but not a degree",4,Northeast,1943,3338.38,593.22,29.61,4.96,38.86,2.4
New Hampshire,33,2023,"Some college credit, but not a degree",4,Northeast,1938,3332.13,586.03,29.9,5.0,38.74,2.4
New Hampshire,33,2024,"Some college credit, but not a degree",4,Northeast,1744,3313.16,580.48,30.06,5.05,38.72,2.31
New Hampshire,33,2016,"Associate degree (AA, AS)",5,Northeast,1091,3397.49,556.24,30.32,4.52,39.04,2.07
New Hampshire,33,2017,"Associate degree (AA, AS)",5,Northeast,1158,3346.91,577.47,30.55,4.62,38.93,2.37
New Hampshire,33,2018,"Associate degree (AA, AS)",5,Northeast,1082,3359.69,570.37,30.73,4.53,38.88,2.18
New Hampshire,33,2019,"Associate degree (AA, AS)",5,Northeast,1073,3363.25,534.02,30.7,4.55,38.97,2.08
New Hampshire,33,2020,"Associate degree (AA, AS)",5,Northeast,1029,3362.84,589.86,30.6,4.42,38.86,2.44
New Hampshire,33,2021,"Associate degree (AA, AS)",5,Northeast,1115,3366.77,565.34,30.93,4.56,38.92,2.2
New Hampshire,33,2022,"Associate degree (AA, AS)",5,Northeast,1030,3351.66,528.66,31.02,4.59,38.9,2.07
New Hampshire,33,2023,"Associate degree (AA, AS)",5,Northeast,1025,3352.35,593.53,31.15,4.54,38.84,2.22
New Hampshire,33,2024,"Associate degree (AA, AS)",5,Northeast,1015,3391.54,570.04,31.14,4.62,38.77,2.22
New Hampshire,33,2016,"Bachelor's degree (BA, AB, BS)",6,Northeast,3017,3396.68,571.92,31.52,4.08,39.07,2.16
New Hampshire,33,2017,"Bachelor's degree (BA, AB, BS)",6,Northeast,3169,3393.88,546.27,31.34,4.12,39.07,2.02
New Hampshire,33,2018,"Bachelor's degree (BA, AB, BS)",6,Northeast,3126,3380.67,568.52,31.72,4.11,39.0,2.11
New Hampshire,33,2019,"Bachelor's degree (BA, AB, BS)",6,Northeast,3141,3404.04,540.93,31.63,4.17,39.06,2.04
New Hampshire,33,2020,"Bachelor's degree (BA, AB, BS)",6,Northeast,3181,3381.54,547.92,31.77,4.04,39.03,2.18
New Hampshire,33,2021,"Bachelor's degree (BA, AB, BS)",6,Northeast,3559,3383.89,557.06,31.77,4.12,39.02,2.02
New Hampshire,33,2022,"Bachelor's degree (BA, AB, BS)",6,Northeast,3521,3387.8,565.83,31.95,4.11,38.98,2.09
New Hampshire,33,2023,"Bachelor's degree (BA, AB, BS)",6,Northeast,3558,3383.46,555.21,32.15,4.09,38.96,2.03
New Hampshire,33,2024,"Bachelor's degree (BA, AB, BS)",6,Northeast,3595,3379.09,543.96,32.14,4.15,38.89,1.97
New Hampshire,33,2016,"Master's degree (MA, MS, MEng, MEd, MSW, MBA)",7,Northeast,1800,3396.16,577.66,32.59,3.63,39.07,2.13
New Hampshire,33,2017,"Master's degree (MA, MS, MEng, MEd, MSW, MBA)",7,Northeast,1714,3378.3,577.6,32.78,3.73,38.98,2.08
New Hampshire,33,2018,"Master's degree (MA, MS, MEng, MEd, MSW, MBA)",7,Northeast,1774,3406.85,583.46,32.7,3.65,39.0,2.15
New Hampshire,33,2019,"Master's degree (MA, MS, MEng, MEd, MSW, MBA)",7,Northeast,1876,3406.78,538.42,32.82,3.65,38.99,1.99
New Hampshire,33,2020,"Master's degree (MA, MS, MEng, MEd, MSW, MBA)",7,Northeast,1828,3383.41,550.26,33.0,3.72,38.96,2.08
New Hampshire,33,2021,"Master's degree (MA, MS, MEng, MEd, MSW, MBA)",7,Northeast,2144,3375.42,576.89,33.06,3.7,38.91,2.05
New Hampshire,33,2022,"Master's degree (MA, MS, MEng, MEd, MSW, MBA)",7,Northeast,2173,3376.16,564.18,33.12,3.65,38.83,2.13
New Hampshire,33,2023,"Master's degree (MA, MS, MEng, MEd, MSW, MBA)",7,Northeast,2099,3350.33,563.1,33.11,3.7,38.73,2.22
New Hampshire,33,2024,"Master's degree (MA, MS, MEng, MEd, MSW, MBA)",7,Northeast,2088,3395.91,554.93,33.2,3.69,38.89,2.09
New Hampshire,33,2016,"Doctorate (PhD, EdD) or Professional Degree (MD, DDS, DVM, LLB, JD)",8,Northeast,376,3316.23,634.13,33.71,3.84,38.64,2.5
New Hampshire,33,2017,"Doctorate (PhD, EdD) or Professional Degree (MD, DDS, DVM, LLB, JD)",8,Northeast,392,3326.96,558.16,34.25,3.67,38.98,2.02
New Hampshire,33,2018,"Doctorate (PhD, EdD) or Professional Degree (MD, DDS, DVM, LLB, JD)",8,Northeast,399,3318.66,549.97,34.08,3.72,38.79,2.08
New Hampshire,33,2019,"Doctorate (PhD, EdD) or Professional Degree (MD, DDS, DVM, LLB, JD)",8,Northeast,371,3315.79,580.42,34.43,3.77,38.67,2.16
New Hampshire,33,2020,"Doctorate (PhD, EdD) or Professional Degree (MD, DDS, DVM, LLB, JD)",8,Northeast,406,3316.82,598.96,34.32,3.53,38.77,2.44
New Hampshire,33,2021,"Doctorate (PhD, EdD) or Professional Degree (MD, DDS, DVM, LLB, JD)",8,Northeast,463,3369.84,536.85,34.12,3.87,38.92,1.99
New Hampshire,33,2022,"Doctorate (PhD, EdD) or Professional Degree (MD, DDS, DVM, LLB, JD)",8,Northeast,463,3327.33,540.23,34.58,3.9,38.89,1.95
New Hampshire,33,2023,"Doctorate (PhD, EdD) or Professional Degree (MD, DDS, DVM, LLB, JD)",8,Northeast,476,3375.66,503.56,34.17,3.67,38.84,2.26
New Hampshire,33,2024,"Doctorate (PhD, EdD) or Professional Degree (MD, DDS, DVM, LLB, JD)",8,Northeast,401,3421.68,492.94,34.41,3.63,38.94,1.73
New Jersey,34,2016,8th grade or less,1,Northeast,4470,3271.14,564.88,30.08,6.12,38.58,2.7
New Jersey,34,2017,8th grade or less,1,Northeast,4187,3277.75,564.76,30.14,6.23,38.62,2.63
New Jersey,34,2018,8th grade or less,1,Northeast,4149,3262.29,553.07,30.44,6.24,38.49,2.68
New Jersey,34,2019,8th grade or less,1,Northeast,3853,3241.34,546.15,30.29,6.44,38.51,2.6
New Jersey,34,2020,8th grade or less,1,Northeast,3827,3251.74,555.42,30.38,6.5,38.48,2.71
New Jersey,34,2021,8th grade or less,1,Northeast,3566,3245.27,542.91,30.08,6.66,38.47,2.56
New Jersey,34,2022,8th grade or less,1,Northeast,3918,3199.83,557.64,29.85,6.74,38.33,2.72
New Jersey,34,2023,8th grade or less,1,Northeast,3605,3224.23,550.25,29.78,6.75,38.37,2.74
New Jersey,34,2024,8th grade or less,1,Northeast,3571,3228.52,540.5,29.69,6.71,38.47,2.56
New Jersey,34,2016,9th through 12th grade with no diploma,2,Northeast,7088,3185.68,603.65,26.24,6.68,38.5,2.84
New Jersey,34,2017,9th through 12th grade with no diploma,2,Northeast,6454,3176.03,601.82,26.57,6.76,38.44,2.85
New Jersey,34,2018,9th through 12th grade with no diploma,2,Northeast,6437,3194.34,592.62,26.52,6.78,38.46,2.77
New Jersey,34,2019,9th through 12th grade with no diploma,2,Northeast,6080,3186.21,588.66,26.62,6.88,38.42,2.77
New Jersey,34,2020,9th through 12th grade with no diploma,2,Northeast,5474,3186.53,588.13,26.71,6.94,38.46,2.75
New Jersey,34,2021,9th through 12th grade with no diploma,2,Northeast,5150,3198.14,591.92,26.99,7.04,38.42,2.73
New Jersey,34,2022,9th through 12th grade with no diploma,2,Northeast,5479,3176.3,574.83,26.97,7.0,38.43,2.63
New Jersey,34,2023,9th through 12th grade with no diploma,2,Northeast,5459,3186.94,569.77,26.99,6.99,38.45,2.66
New Jersey,34,2024,9th through 12th grade with no diploma,2,Northeast,5555,3181.59,597.45,27.18,7.08,38.41,2.74
New Jersey,34,2016,High school graduate or GED completed,3,Northeast,23672,3230.3,600.73,27.91,5.89,38.61,2.69
New Jersey,34,2017,High school graduate or GED completed,3,Northeast,23473,3229.63,591.61,28.02,5.89,38.59,2.67
New Jersey,34,2018,High school graduate or GED completed,3,Northeast,23898,3229.91,590.97,28.17,5.91,38.61,2.61
New Jersey,34,2019,High school graduate or GED completed,3,Northeast,23164,3224.68,600.94,28.14,5.81,38.55,2.66
New Jersey,34,2020,High school graduate or GED completed,3,Northeast,23010,3226.41,590.0,28.32,5.9,38.56,2.61
New Jersey,34,2021,High school graduate or GED completed,3,Northeast,23384,3231.18,588.77,28.44,5.8,38.55,2.56
New Jersey,34,2022,High school graduate or GED completed,3,Northeast,22544,3219.37,584.47,28.52,5.85,38.55,2.53
New Jersey,34,2023,High school graduate or GED completed,3,Northeast,22137,3221.28,576.7,28.59,5.82,38.57,2.57
New Jersey,34,2024,High school graduate or GED completed,3,Northeast,22656,3229.14,575.3,28.58,5.85,38.63,2.57
New Jersey,34,2016,"Some college credit, but not a degree",4,Northeast,13986,3249.83,596.57,29.07,5.57,38.62,2.58
New Jersey,34,2017,"Some college credit, but not a degree",4,Northeast,13495,3254.74,592.09,29.17,5.61,38.65,2.57
New Jersey,34,2018,"Some college credit, but not a degree",4,Northeast,12994,3243.06,603.26,29.38,5.64,38.58,2.58
New Jersey,34,2019,"Some college credit, but not a degree",4,Northeast,12505,3251.04,585.3,29.5,5.57,38.58,2.49
New Jersey,34,2020,"Some college credit, but not a degree",4,Northeast,11731,3250.77,587.41,29.68,5.61,38.63,2.47
New Jersey,34,2021,"Some college credit, but not a degree",4,Northeast,11997,3247.62,584.48,29.88,5.56,38.54,2.5
New Jersey,34,2022,"Some college credit, but not a degree",4,Northeast,13064,3233.87,593.62,30.03,5.55,38.54,2.61
New Jersey,34,2023,"Some college credit, but not a degree",4,Northeast,12959,3236.05,587.02,30.19,5.57,38.55,2.48
New Jersey,34,2024,"Some college credit, but not a degree",4,Northeast,12642,3243.47,587.82,30.23,5.56,38.56,2.53
New Jersey,34,2016,"Associate degree (AA, AS)",5,Northeast,7000,3276.57,593.93,30.77,5.07,38.63,2.54
New Jersey,34,2017,"Associate degree (AA, AS)",5,Northeast,7054,3271.15,593.53,30.81,5.11,38.63,2.51
New Jersey,34,2018,"Associate degree (AA, AS)",5,Northeast,6828,3274.5,597.64,31.02,5.07,38.62,2.45
New Jersey,34,2019,"Associate degree (AA, AS)",5,Northeast,6909,3261.04,605.34,31.11,5.09,38.53,2.61
New Jersey,34,2020,"Associate degree (AA, AS)",5,Northeast,6800,3272.84,593.73,31.08,5.11,38.56,2.48
New Jersey,34,2021,"Associate degree (AA, AS)",5,Northeast,6910,3267.82,600.2,31.19,4.95,38.56,2.43
New Jersey,34,2022,"Associate degree (AA, AS)",5,Northeast,6768,3259.59,594.03,31.34,4.97,38.54,2.46
New Jersey,34,2023,"Associate degree (AA, AS)",5,Northeast,6266,3259.68,585.57,31.45,5.02,38.52,2.43
New Jersey,34,2024,"Associate degree (AA, AS)",5,Northeast,6029,3250.93,573.38,31.51,5.08,38.54,2.44
New Jersey,34,2016,"Bachelor's degree (BA, AB, BS)",6,Northeast,26605,3286.96,575.25,32.1,4.39,38.75,2.32
New Jersey,34,2017,"Bachelor's degree (BA, AB, BS)",6,Northeast,26826,3285.58,563.75,32.19,4.37,38.75,2.3
New Jersey,34,2018,"Bachelor's degree (BA, AB, BS)",6,Northeast,26829,3291.16,561.48,32.31,4.38,38.75,2.22
New Jersey,34,2019,"Bachelor's degree (BA, AB, BS)",6,Northeast,26943,3294.37,550.76,32.35,4.36,38.75,2.18
New Jersey,34,2020,"Bachelor's degree (BA, AB, BS)",6,Northeast,26645,3294.36,552.41,32.5,4.36,38.77,2.2
New Jersey,34,2021,"Bachelor's degree (BA, AB, BS)",6,Northeast,28276,3301.06,551.94,32.6,4.32,38.72,2.18
New Jersey,34,2022,"Bachelor's degree (BA, AB, BS)",6,Northeast,28085,3292.3,551.92,32.66,4.34,38.73,2.2
New Jersey,34,2023,"Bachelor's degree (BA, AB, BS)",6,Northeast,28008,3290.96,558.16,32.77,4.38,38.71,2.18
New Jersey,34,2024,"Bachelor's degree (BA, AB, BS)",6,Northeast,28144,3288.78,551.1,32.83,4.38,38.72,2.21
New Jersey,34,2016,"Master's degree (MA, MS, MEng, MEd, MSW, MBA)",7,Northeast,15752,3287.16,559.45,32.93,4.1,38.8,2.18
New Jersey,34,2017,"Master's degree (MA, MS, MEng, MEd, MSW, MBA)",7,Northeast,15616,3285.5,560.45,33.03,4.08,38.75,2.24
New Jersey,34,2018,"Master's degree (MA, MS, MEng, MEd, MSW, MBA)",7,Northeast,15901,3286.09,562.07,33.17,4.04,38.77,2.19
New Jersey,34,2019,"Master's degree (MA, MS, MEng, MEd, MSW, MBA)",7,Northeast,15757,3280.25,551.06,33.24,4.04,38.74,2.21
New Jersey,34,2020,"Master's degree (MA, MS, MEng, MEd, MSW, MBA)",7,Northeast,15924,3290.06,540.97,33.33,4.02,38.81,2.12
New Jersey,34,2021,"Master's degree (MA, MS, MEng, MEd, MSW, MBA)",7,Northeast,16990,3298.06,545.06,33.42,4.02,38.77,2.13
New Jersey,34,2022,"Master's degree (MA, MS, MEng, MEd, MSW, MBA)",7,Northeast,17310,3280.55,539.1,33.55,4.04,38.74,2.1
New Jersey,34,2023,"Master's degree (MA, MS, MEng, MEd, MSW, MBA)",7,Northeast,17083,3282.72,539.19,33.56,4.12,38.73,2.15
New Jersey,34,2024,"Master's degree (MA, MS, MEng, MEd, MSW, MBA)",7,Northeast,17531,3263.12,557.19,33.65,4.06,38.66,2.22
New Jersey,34,2016,"Doctorate (PhD, EdD) or Professional Degree (MD, DDS, DVM, LLB, JD)",8,Northeast,3547,3275.54,549.06,34.22,3.95,38.8,2.09
New Jersey,34,2017,"Doctorate (PhD, EdD) or Professional Degree (MD, DDS, DVM, LLB, JD)",8,Northeast,3464,3273.18,546.22,34.26,4.0,38.73,2.18
New Jersey,34,2018,"Doctorate (PhD, EdD) or Professional Degree (MD, DDS, DVM, LLB, JD)",8,Northeast,3569,3249.5,556.32,34.21,3.92,38.68,2.27
New Jersey,34,2019,"Doctorate (PhD, EdD) or Professional Degree (MD, DDS, DVM, LLB, JD)",8,Northeast,3691,3265.6,540.28,34.3,3.83,38.7,2.06
New Jersey,34,2020,"Doctorate (PhD, EdD) or Professional Degree (MD, DDS, DVM, LLB, JD)",8,Northeast,3623,3263.68,528.26,34.36,3.87,38.81,2.06
New Jersey,34,2021,"Doctorate (PhD, EdD) or Professional Degree (MD, DDS, DVM, LLB, JD)",8,Northeast,4080,3256.74,559.25,34.52,3.84,38.63,2.27
New Jersey,34,2022,"Doctorate (PhD, EdD) or Professional Degree (MD, DDS, DVM, LLB, JD)",8,Northeast,4248,3265.2,528.73,34.56,3.93,38.68,2.09
New Jersey,34,2023,"Doctorate (PhD, EdD) or Professional Degree (MD, DDS, DVM, LLB, JD)",8,Northeast,4310,3258.99,545.89,34.41,3.86,38.65,2.04
New Jersey,34,2024,"Doctorate (PhD, EdD) or Professional Degree (MD, DDS, DVM, LLB, JD)",8,Northeast,4358,3264.03,552.94,34.46,3.91,38.71,2.2
New York,36,2016,8th grade or less,1,Northeast,10806,3259.03,564.2,30.17,6.28,38.68,2.42
New York,36,2017,8th grade or less,1,Northeast,10546,3256.4,563.33,30.41,6.37,38.65,2.42
New York,36,2018,8th grade or less,1,Northeast,9775,3258.9,559.69,30.61,6.32,38.63,2.42
New York,36,2019,8th grade or less,1,Northeast,8984,3244.83,573.31,30.53,6.45,38.53,2.54
New York,36,2020,8th grade or less,1,Northeast,8296,3249.91,573.75,30.65,6.53,38.53,2.52
New York,36,2021,8th grade or less,1,Northeast,8023,3236.7,569.09,30.66,6.46,38.5,2.51
New York,36,2022,8th grade or less,1,Northeast,8510,3224.83,565.77,30.68,6.63,38.53,2.56
New York,36,2023,8th grade or less,1,Northeast,8660,3220.58,574.21,30.32,6.68,38.48,2.58
New York,36,2024,8th grade or less,1,Northeast,8386,3206.41,570.92,30.23,6.63,38.46,2.58
New York,36,2016,9th through 12th grade with no diploma,2,Northeast,25331,3193.93,594.4,26.43,6.53,38.67,2.59
New York,36,2017,9th through 12th grade with no diploma,2,Northeast,24154,3182.73,593.45,26.71,6.61,38.61,2.58
New York,36,2018,9th through 12th grade with no diploma,2,Northeast,22395,3181.44,589.12,26.81,6.63,38.59,2.59
New York,36,2019,9th through 12th grade with no diploma,2,Northeast,21562,3180.84,588.11,26.98,6.67,38.55,2.65
New York,36,2020,9th through 12th grade with no diploma,2,Northeast,19427,3171.74,596.58,27.15,6.7,38.47,2.69
New York,36,2021,9th through 12th grade with no diploma,2,Northeast,17929,3166.64,593.98,27.35,6.73,38.44,2.63
New York,36,2022,9th through 12th grade with no diploma,2,Northeast,17504,3153.77,595.52,27.55,6.73,38.44,2.7
New York,36,2023,9th through 12th grade with no diploma,2,Northeast,17186,3144.4,588.52,27.55,6.78,38.43,2.7
New York,36,2024,9th through 12th grade with no diploma,2,Northeast,17435,3155.93,574.14,27.68,6.73,38.49,2.62
New York,36,2016,High school graduate or GED completed,3,Northeast,51918,3246.86,582.79,27.77,5.88,38.81,2.45
New York,36,2017,High school graduate or GED completed,3,Northeast,51786,3236.81,589.0,27.92,5.92,38.75,2.51
New York,36,2018,High school graduate or GED completed,3,Northeast,51751,3235.67,592.84,28.05,5.95,38.75,2.53
New York,36,2019,High school graduate or GED completed,3,Northeast,50701,3231.14,586.84,28.06,5.93,38.7,2.51
New York,36,2020,High school graduate or GED completed,3,Northeast,48608,3230.85,588.64,28.16,5.95,38.66,2.53
New York,36,2021,High school graduate or GED completed,3,Northeast,48420,3218.51,592.7,28.22,5.95,38.59,2.57
New York,36,2022,High school graduate or GED completed,3,Northeast,49352,3210.46,580.68,28.34,6.02,38.65,2.52
New York,36,2023,High school graduate or GED completed,3,Northeast,49476,3210.73,582.76,28.31,5.99,38.63,2.52
New York,36,2024,High school graduate or GED completed,3,Northeast,51000,3211.31,579.6,28.41,6.0,38.64,2.48
New York,36,2016,"Some college credit, but not a degree",4,Northeast,37773,3257.68,599.24,28.67,5.57,38.74,2.49
New York,36,2017,"Some college credit, but not a degree",4,Northeast,36267,3250.08,603.5,28.8,5.56,38.72,2.5
New York,36,2018,"Some college credit, but not a degree",4,Northeast,35082,3250.68,597.39,28.97,5.57,38.69,2.48
New York,36,2019,"Some college credit, but not a degree",4,Northeast,33762,3240.69,601.39,29.09,5.58,38.6,2.53
New York,36,2020,"Some college credit, but not a degree",4,Northeast,31492,3238.45,605.01,29.21,5.59,38.59,2.51
New York,36,2021,"Some college credit, but not a degree",4,Northeast,30756,3230.24,594.12,29.43,5.57,38.53,2.48
New York,36,2022,"Some college credit, but not a degree",4,Northeast,28748,3220.37,601.16,29.59,5.62,38.55,2.52
New York,36,2023,"Some college credit, but not a degree",4,Northeast,26588,3211.88,593.89,29.72,5.64,38.54,2.49
New York,36,2024,"Some college credit, but not a degree",4,Northeast,25529,3221.11,591.93,29.77,5.65,38.56,2.45
New York,36,2016,"Associate degree (AA, AS)",5,Northeast,18758,3276.71,608.03,30.39,5.09,38.72,2.41
New York,36,2017,"Associate degree (AA, AS)",5,Northeast,18189,3279.4,603.44,30.48,5.07,38.69,2.42
New York,36,2018,"Associate degree (AA, AS)",5,Northeast,17968,3278.03,601.37,30.58,5.05,38.68,2.42
New York,36,2019,"Associate degree (AA, AS)",5,Northeast,17602,3273.19,600.13,30.63,5.06,38.62,2.43
New York,36,2020,"Associate degree (AA, AS)",5,Northeast,16740,3268.19,591.47,30.72,5.07,38.61,2.37
New York,36,2021,"Associate degree (AA, AS)",5,Northeast,17058,3258.81,588.07,30.87,5.03,38.54,2.38
New York,36,2022,"Associate degree (AA, AS)",5,Northeast,16338,3243.77,598.13,30.93,5.06,38.54,2.43
New York,36,2023,"Associate degree (AA, AS)",5,Northeast,15378,3237.31,595.02,31.09,5.02,38.5,2.42
New York,36,2024,"Associate degree (AA, AS)",5,Northeast,14780,3240.13,586.31,31.26,5.0,38.52,2.39
New York,36,2016,"Bachelor's degree (BA, AB, BS)",6,Northeast,46756,3294.72,568.35,32.0,4.64,38.86,2.2
New York,36,2017,"Bachelor's degree (BA, AB, BS)",6,Northeast,46142,3294.38,563.91,32.14,4.63,38.82,2.18
New York,36,2018,"Bachelor's degree (BA, AB, BS)",6,Northeast,46108,3294.41,560.35,32.25,4.62,38.83,2.16
New York,36,2019,"Bachelor's degree (BA, AB, BS)",6,Northeast,46163,3282.73,566.81,32.33,4.61,38.75,2.23
New York,36,2020,"Bachelor's degree (BA, AB, BS)",6,Northeast,43673,3287.77,558.17,32.36,4.6,38.77,2.16
New York,36,2021,"Bachelor's degree (BA, AB, BS)",6,Northeast,45572,3275.98,568.74,32.44,4.58,38.67,2.22
New York,36,2022,"Bachelor's degree (BA, AB, BS)",6,Northeast,44746,3270.08,556.66,32.53,4.67,38.7,2.18
New York,36,2023,"Bachelor's degree (BA, AB, BS)",6,Northeast,44404,3272.75,552.09,32.56,4.66,38.69,2.17
New York,36,2024,"Bachelor's degree (BA, AB, BS)",6,Northeast,45138,3269.25,563.37,32.6,4.66,38.67,2.2
New York,36,2016,"Master's degree (MA, MS, MEng, MEd, MSW, MBA)",7,Northeast,33616,3314.58,565.18,33.1,4.13,38.89,2.13
New York,36,2017,"Master's degree (MA, MS, MEng, MEd, MSW, MBA)",7,Northeast,33330,3310.34,567.94,33.27,4.16,38.82,2.18
New York,36,2018,"Master's degree (MA, MS, MEng, MEd, MSW, MBA)",7,Northeast,33389,3311.48,564.26,33.35,4.09,38.83,2.17
New York,36,2019,"Master's degree (MA, MS, MEng, MEd, MSW, MBA)",7,Northeast,33030,3309.56,546.47,33.42,4.13,38.8,2.1
New York,36,2020,"Master's degree (MA, MS, MEng, MEd, MSW, MBA)",7,Northeast,31728,3300.46,553.24,33.45,4.11,38.78,2.11
New York,36,2021,"Master's degree (MA, MS, MEng, MEd, MSW, MBA)",7,Northeast,33196,3295.7,559.19,33.59,4.1,38.68,2.11
New York,36,2022,"Master's degree (MA, MS, MEng, MEd, MSW, MBA)",7,Northeast,32730,3283.39,550.97,33.7,4.24,38.71,2.11
New York,36,2023,"Master's degree (MA, MS, MEng, MEd, MSW, MBA)",7,Northeast,31936,3285.79,550.08,33.67,4.23,38.67,2.12
New York,36,2024,"Master's degree (MA, MS, MEng, MEd, MSW, MBA)",7,Northeast,32739,3288.67,547.77,33.7,4.26,38.69,2.11
New York,36,2016,"Doctorate (PhD, EdD) or Professional Degree (MD, DDS, DVM, LLB, JD)",8,Northeast,8187,3281.51,539.38,34.13,4.0,38.89,2.04
New York,36,2017,"Doctorate (PhD, EdD) or Professional Degree (MD, DDS, DVM, LLB, JD)",8,Northeast,8113,3272.71,562.03,34.36,3.95,38.81,2.08
New York,36,2018,"Doctorate (PhD, EdD) or Professional Degree (MD, DDS, DVM, LLB, JD)",8,Northeast,8428,3279.92,556.41,34.37,3.99,38.78,2.12
New York,36,2019,"Doctorate (PhD, EdD) or Professional Degree (MD, DDS, DVM, LLB, JD)",8,Northeast,8178,3275.51,525.54,34.59,3.99,38.76,2.02
New York,36,2020,"Doctorate (PhD, EdD) or Professional Degree (MD, DDS, DVM, LLB, JD)",8,Northeast,7900,3265.67,534.52,34.48,3.96,38.75,2.03
New York,36,2021,"Doctorate (PhD, EdD) or Professional Degree (MD, DDS, DVM, LLB, JD)",8,Northeast,8265,3257.66,558.71,34.67,3.94,38.62,2.12
New York,36,2022,"Doctorate (PhD, EdD) or Professional Degree (MD, DDS, DVM, LLB, JD)",8,Northeast,8044,3249.27,540.42,34.71,4.01,38.66,2.05
New York,36,2023,"Doctorate (PhD, EdD) or Professional Degree (MD, DDS, DVM, LLB, JD)",8,Northeast,7952,3248.97,536.37,34.73,4.0,38.63,2.04
New York,36,2024,"Doctorate (PhD, EdD) or Professional Degree (MD, DDS, DVM, LLB, JD)",8,Northeast,8267,3252.24,548.14,34.73,4.05,38.61,2.05
Pennsylvania,42,2016,8th grade or less,1,Northeast,4534,3390.07,564.94,28.62,6.2,39.03,2.32
Pennsylvania,42,2017,8th grade or less,1,Northeast,4471,3377.5,597.51,28.87,6.2,38.97,2.44
Pennsylvania,42,2018,8th grade or less,1,Northeast,4454,3383.45,580.58,28.88,6.25,38.99,2.38
Pennsylvania,42,2019,8th grade or less,1,Northeast,4590,3366.92,576.63,28.84,6.26,38.93,2.32
Pennsylvania,42,2020,8th grade or less,1,Northeast,4527,3371.09,584.73,28.88,6.41,38.95,2.41
Pennsylvania,42,2021,8th grade or less,1,Northeast,4913,3370.89,568.51,28.69,6.35,38.95,2.28
Pennsylvania,42,2022,8th grade or less,1,Northeast,5201,3365.62,565.87,28.84,6.45,38.95,2.33
Pennsylvania,42,2023,8th grade or less,1,Northeast,5559,3370.06,576.34,28.72,6.46,38.87,2.45
Pennsylvania,42,2024,8th grade or less,1,Northeast,5653,3372.28,558.03,28.63,6.37,38.98,2.24
Pennsylvania,42,2016,9th through 12th grade with no diploma,2,Northeast,12291,3170.39,616.72,24.56,6.14,38.54,2.88
Pennsylvania,42,2017,9th through 12th grade with no diploma,2,Northeast,11823,3167.23,615.64,24.73,6.17,38.52,2.84
Pennsylvania,42,2018,9th through 12th grade with no diploma,2,Northeast,11444,3173.59,609.9,24.9,6.28,38.54,2.8
Pennsylvania,42,2019,9th through 12th grade with no diploma,2,Northeast,10945,3168.96,608.93,24.97,6.25,38.51,2.82
Pennsylvania,42,2020,9th through 12th grade with no diploma,2,Northeast,10584,3181.85,594.97,25.4,6.47,38.54,2.64
Pennsylvania,42,2021,9th through 12th grade with no diploma,2,Northeast,9760,3166.73,607.12,25.34,6.47,38.46,2.76
Pennsylvania,42,2022,9th through 12th grade with no diploma,2,Northeast,9257,3153.83,627.71,25.57,6.58,38.43,2.8
Pennsylvania,42,2023,9th through 12th grade with no diploma,2,Northeast,9321,3164.49,609.51,25.72,6.64,38.45,2.74
Pennsylvania,42,2024,9th through 12th grade with no diploma,2,Northeast,8989,3165.96,606.19,25.73,6.61,38.49,2.76
Pennsylvania,42,2016,High school graduate or GED completed,3,Northeast,34598,3212.35,614.0,26.48,5.44,38.63,2.71
Pennsylvania,42,2017,High school graduate or GED completed,3,Northeast,34606,3208.63,617.53,26.58,5.41,38.61,2.71
Pennsylvania,42,2018,High school graduate or GED completed,3,Northeast,34084,3212.59,611.46,26.69,5.39,38.58,2.7
Pennsylvania,42,2019,High school graduate or GED completed,3,Northeast,33940,3197.81,606.38,26.81,5.42,38.54,2.63
Pennsylvania,42,2020,High school graduate or GED completed,3,Northeast,33519,3195.59,612.73,26.96,5.47,38.5,2.71
Pennsylvania,42,2021,High school graduate or GED completed,3,Northeast,33040,3194.28,605.64,27.1,5.49,38.51,2.62
Pennsylvania,42,2022,High school graduate or GED completed,3,Northeast,32679,3184.49,607.8,27.25,5.5,38.5,2.67
Pennsylvania,42,2023,High school graduate or GED completed,3,Northeast,32181,3187.62,602.33,27.37,5.57,38.51,2.66
Pennsylvania,42,2024,High school graduate or GED completed,3,Northeast,32555,3187.35,602.94,27.41,5.54,38.5,2.67
Pennsylvania,42,2016,"Some college credit, but not a degree",4,Northeast,24202,3270.2,605.63,27.93,5.22,38.73,2.52
Pennsylvania,42,2017,"Some college credit, but not a degree",4,Northeast,24070,3257.86,617.78,28.09,5.19,38.68,2.6
Pennsylvania,42,2018,"Some college credit, but not a degree",4,Northeast,22909,3263.61,604.75,28.35,5.24,38.68,2.52
Pennsylvania,42,2019,"Some college credit, but not a degree",4,Northeast,22416,3249.86,608.98,28.48,5.23,38.6,2.6
Pennsylvania,42,2020,"Some college credit, but not a degree",4,Northeast,20890,3245.66,601.33,28.76,5.21,38.59,2.52
Pennsylvania,42,2021,"Some college credit, but not a degree",4,Northeast,20558,3235.9,616.2,28.99,5.25,38.52,2.59
Pennsylvania,42,2022,"Some college credit, but not a degree",4,Northeast,19894,3233.82,601.98,29.16,5.22,38.56,2.56
Pennsylvania,42,2023,"Some college credit, but not a degree",4,Northeast,18364,3228.89,603.81,29.42,5.3,38.54,2.56
Pennsylvania,42,2024,"Some college credit, but not a degree",4,Northeast,17612,3233.67,611.55,29.53,5.3,38.53,2.58
Pennsylvania,42,2016,"Associate degree (AA, AS)",5,Northeast,12598,3298.37,595.07,29.83,4.73,38.73,2.41
Pennsylvania,42,2017,"Associate degree (AA, AS)",5,Northeast,11990,3292.63,605.26,29.94,4.73,38.69,2.45
Pennsylvania,42,2018,"Associate degree (AA, AS)",5,Northeast,11748,3300.93,603.12,30.11,4.75,38.68,2.51
Pennsylvania,42,2019,"Associate degree (AA, AS)",5,Northeast,11265,3286.6,604.36,30.27,4.7,38.63,2.46
Pennsylvania,42,2020,"Associate degree (AA, AS)",5,Northeast,11110,3287.8,581.34,30.37,4.7,38.62,2.39
Pennsylvania,42,2021,"Associate degree (AA, AS)",5,Northeast,11149,3281.19,606.28,30.55,4.65,38.58,2.4
Pennsylvania,42,2022,"Associate degree (AA, AS)",5,Northeast,10860,3271.48,591.44,30.62,4.71,38.56,2.4
Pennsylvania,42,2023,"Associate degree (AA, AS)",5,Northeast,10259,3277.27,587.85,30.82,4.72,38.56,2.46
Pennsylvania,42,2024,"Associate degree (AA, AS)",5,Northeast,9876,3267.52,596.49,31.01,4.77,38.55,2.43
Pennsylvania,42,2016,"Bachelor's degree (BA, AB, BS)",6,Northeast,30011,3361.69,570.6,31.17,4.2,38.93,2.2
Pennsylvania,42,2017,"Bachelor's degree (BA, AB, BS)",6,Northeast,29284,3358.76,567.54,31.38,4.24,38.91,2.18
Pennsylvania,42,2018,"Bachelor's degree (BA, AB, BS)",6,Northeast,29163,3354.92,573.47,31.41,4.22,38.87,2.22
Pennsylvania,42,2019,"Bachelor's degree (BA, AB, BS)",6,Northeast,28933,3340.54,571.92,31.53,4.2,38.81,2.27
Pennsylvania,42,2020,"Bachelor's degree (BA, AB, BS)",6,Northeast,28555,3338.59,568.76,31.65,4.23,38.8,2.23
Pennsylvania,42,2021,"Bachelor's degree (BA, AB, BS)",6,Northeast,30278,3341.09,558.69,31.73,4.22,38.78,2.15
Pennsylvania,42,2022,"Bachelor's degree (BA, AB, BS)",6,Northeast,29731,3326.11,567.31,31.75,4.25,38.76,2.2
Pennsylvania,42,2023,"Bachelor's degree (BA, AB, BS)",6,Northeast,29063,3324.68,562.64,31.83,4.29,38.77,2.17
Pennsylvania,42,2024,"Bachelor's degree (BA, AB, BS)",6,Northeast,29649,3335.53,563.96,31.92,4.34,38.78,2.15
Pennsylvania,42,2016,"Master's degree (MA, MS, MEng, MEd, MSW, MBA)",7,Northeast,15918,3351.03,579.98,32.56,3.66,38.85,2.19
Pennsylvania,42,2017,"Master's degree (MA, MS, MEng, MEd, MSW, MBA)",7,Northeast,16003,3351.94,580.93,32.71,3.72,38.84,2.2
Pennsylvania,42,2018,"Master's degree (MA, MS, MEng, MEd, MSW, MBA)",7,Northeast,16131,3354.21,572.48,32.77,3.7,38.85,2.15
Pennsylvania,42,2019,"Master's degree (MA, MS, MEng, MEd, MSW, MBA)",7,Northeast,15878,3341.27,571.03,32.85,3.7,38.78,2.16
Pennsylvania,42,2020,"Master's degree (MA, MS, MEng, MEd, MSW, MBA)",7,Northeast,15940,3347.13,553.72,32.96,3.72,38.82,2.1
Pennsylvania,42,2021,"Master's degree (MA, MS, MEng, MEd, MSW, MBA)",7,Northeast,17020,3337.8,557.69,33.03,3.71,38.72,2.09
Pennsylvania,42,2022,"Master's degree (MA, MS, MEng, MEd, MSW, MBA)",7,Northeast,16835,3325.68,557.53,33.12,3.81,38.73,2.16
Pennsylvania,42,2023,"Master's degree (MA, MS, MEng, MEd, MSW, MBA)",7,Northeast,16414,3329.82,555.74,33.11,3.87,38.74,2.1
Pennsylvania,42,2024,"Master's degree (MA, MS, MEng, MEd, MSW, MBA)",7,Northeast,16895,3327.37,552.07,33.12,3.85,38.71,2.11
Pennsylvania,42,2016,"Doctorate (PhD, EdD) or Professional Degree (MD, DDS, DVM, LLB, JD)",8,Northeast,4368,3326.65,554.72,33.57,3.65,38.88,2.17
Pennsylvania,42,2017,"Doctorate (PhD, EdD) or Professional Degree (MD, DDS, DVM, LLB, JD)",8,Northeast,4521,3323.96,555.39,33.67,3.77,38.83,2.08
Pennsylvania,42,2018,"Doctorate (PhD, EdD) or Professional Degree (MD, DDS, DVM, LLB, JD)",8,Northeast,4481,3317.41,551.97,33.69,3.6,38.83,2.17
Pennsylvania,42,2019,"Doctorate (PhD, EdD) or Professional Degree (MD, DDS, DVM, LLB, JD)",8,Northeast,4505,3305.3,547.46,33.88,3.61,38.76,2.09
Pennsylvania,42,2020,"Doctorate (PhD, EdD) or Professional Degree (MD, DDS, DVM, LLB, JD)",8,Northeast,4582,3314.54,539.79,33.83,3.57,38.78,2.1
Pennsylvania,42,2021,"Doctorate (PhD, EdD) or Professional Degree (MD, DDS, DVM, LLB, JD)",8,Northeast,4940,3291.88,542.35,34.1,3.7,38.73,2.1
Pennsylvania,42,2022,"Doctorate (PhD, EdD) or Professional Degree (MD, DDS, DVM, LLB, JD)",8,Northeast,4939,3300.97,548.34,34.17,3.69,38.73,2.07
Pennsylvania,42,2023,"Doctorate (PhD, EdD) or Professional Degree (MD, DDS, DVM, LLB, JD)",8,Northeast,4864,3282.58,541.68,34.07,3.69,38.7,2.07
Pennsylvania,42,2024,"Doctorate (PhD, EdD) or Professional Degree (MD, DDS, DVM, LLB, JD)",8,Northeast,5139,3303.33,527.19,34.17,3.72,38.73,1.98
Rhode Island,44,2016,8th grade or less,1,Northeast,283,3244.83,604.82,29.39,6.0,38.85,2.73
Rhode Island,44,2017,8th grade or less,1,Northeast,315,3234.13,581.25,29.73,6.45,38.69,2.74
Rhode Island,44,2018,8th grade or less,1,Northeast,269,3206.65,511.37,30.14,6.28,38.4,2.73
Rhode Island,44,2019,8th grade or less,1,Northeast,289,3211.55,588.98,30.82,6.5,38.44,2.7
Rhode Island,44,2020,8th grade or less,1,Northeast,316,3305.52,579.35,29.91,6.54,38.67,2.35
Rhode Island,44,2021,8th grade or less,1,Northeast,291,3292.63,529.25,29.91,6.75,38.57,2.41
Rhode Island,44,2022,8th grade or less,1,Northeast,271,3277.8,528.33,29.69,7.04,38.65,2.58
Rhode Island,44,2023,8th grade or less,1,Northeast,291,3244.03,512.38,29.8,6.85,38.58,2.58
Rhode Island,44,2024,8th grade or less,1,Northeast,315,3277.58,548.94,30.13,6.42,38.69,2.75
Rhode Island,44,2016,9th through 12th grade with no diploma,2,Northeast,951,3178.21,588.76,25.02,6.15,38.69,2.83
Rhode Island,44,2017,9th through 12th grade with no diploma,2,Northeast,942,3212.88,599.51,25.53,6.26,38.63,2.96
Rhode Island,44,2018,9th through 12th grade with no diploma,2,Northeast,898,3177.78,579.47,25.54,6.51,38.58,2.59
Rhode Island,44,2019,9th through 12th grade with no diploma,2,Northeast,928,3171.18,571.48,25.83,6.36,38.61,2.69
Rhode Island,44,2020,9th through 12th grade with no diploma,2,Northeast,897,3190.28,620.46,26.14,6.5,38.58,2.6
Rhode Island,44,2021,9th through 12th grade with no diploma,2,Northeast,852,3218.86,595.01,26.46,6.52,38.64,2.6
Rhode Island,44,2022,9th through 12th grade with no diploma,2,Northeast,852,3191.2,574.77,26.36,6.41,38.54,2.57
Rhode Island,44,2023,9th through 12th grade with no diploma,2,Northeast,750,3189.27,588.4,26.44,6.69,38.62,2.66
Rhode Island,44,2024,9th through 12th grade with no diploma,2,Northeast,759,3157.69,646.01,26.23,6.66,38.51,3.05
Rhode Island,44,2016,High school graduate or GED completed,3,Northeast,2035,3252.93,613.67,26.93,5.51,38.75,2.59
Rhode Island,44,2017,High school graduate or GED completed,3,Northeast,2265,3276.86,601.58,26.91,5.62,38.79,2.66
Rhode Island,44,2018,High school graduate or GED completed,3,Northeast,2132,3294.63,578.99,27.24,5.51,38.89,2.48
Rhode Island,44,2019,High school graduate or GED completed,3,Northeast,2118,3264.02,594.85,27.34,5.65,38.69,2.52
Rhode Island,44,2020,High school graduate or GED completed,3,Northeast,2097,3246.68,584.83,27.38,5.6,38.72,2.51
Rhode Island,44,2021,High school graduate or GED completed,3,Northeast,2049,3246.41,598.92,27.79,5.8,38.62,2.72
Rhode Island,44,2022,High school graduate or GED completed,3,Northeast,2079,3216.15,638.99,27.84,5.83,38.53,2.91
Rhode Island,44,2023,High school graduate or GED completed,3,Northeast,2034,3229.36,607.98,27.9,5.75,38.58,2.52
Rhode Island,44,2024,High school graduate or GED completed,3,Northeast,2030,3217.57,623.19,28.0,5.7,38.62,2.64
Rhode Island,44,2016,"Some college credit, but not a degree",4,Northeast,2090,3304.54,584.39,28.37,5.26,38.81,2.41
Rhode Island,44,2017,"Some college credit, but not a degree",4,Northeast,2219,3278.17,599.84,28.57,5.35,38.8,2.63
Rhode Island,44,2018,"Some college credit, but not a degree",4,Northeast,2202,3290.56,617.19,28.9,5.34,38.74,2.67
Rhode Island,44,2019,"Some college credit, but not a degree",4,Northeast,2032,3272.12,589.77,28.91,5.34,38.69,2.53
Rhode Island,44,2020,"Some college credit, but not a degree",4,Northeast,2110,3287.03,589.23,29.04,5.25,38.67,2.45
Rhode Island,44,2021,"Some college credit, but not a degree",4,Northeast,2166,3273.65,596.99,28.99,5.15,38.7,2.44
Rhode Island,44,2022,"Some college credit, but not a degree",4,Northeast,1924,3259.25,587.04,29.53,5.33,38.76,2.51
Rhode Island,44,2023,"Some college credit, but not a degree",4,Northeast,1760,3281.31,566.79,29.58,5.19,38.74,2.38
Rhode Island,44,2024,"Some college credit, but not a degree",4,Northeast,1728,3260.29,602.09,29.95,5.28,38.71,2.33
Rhode Island,44,2016,"Associate degree (AA, AS)",5,Northeast,696,3307.8,596.06,30.47,4.84,38.78,2.33
Rhode Island,44,2017,"Associate degree (AA, AS)",5,Northeast,808,3281.18,625.3,30.65,4.65,38.69,2.51
Rhode Island,44,2018,"Associate degree (AA, AS)",5,Northeast,741,3276.25,579.67,30.73,4.72,38.93,2.3
Rhode Island,44,2019,"Associate degree (AA, AS)",5,Northeast,708,3285.43,607.11,30.94,4.9,38.56,2.69
Rhode Island,44,2020,"Associate degree (AA, AS)",5,Northeast,737,3275.11,562.15,30.95,4.82,38.73,2.26
Rhode Island,44,2021,"Associate degree (AA, AS)",5,Northeast,786,3300.24,594.09,30.97,4.68,38.69,2.41
Rhode Island,44,2022,"Associate degree (AA, AS)",5,Northeast,778,3278.89,619.1,31.35,4.85,38.85,2.46
Rhode Island,44,2023,"Associate degree (AA, AS)",5,Northeast,718,3266.63,607.37,31.3,4.82,38.68,2.41
Rhode Island,44,2024,"Associate degree (AA, AS)",5,Northeast,687,3340.88,589.16,31.25,4.66,38.84,2.4
Rhode Island,44,2016,"Bachelor's degree (BA, AB, BS)",6,Northeast,2101,3335.43,558.04,31.7,4.23,38.94,2.18
Rhode Island,44,2017,"Bachelor's degree (BA, AB, BS)",6,Northeast,2286,3356.51,569.91,31.87,4.17,38.96,2.32
Rhode Island,44,2018,"Bachelor's degree (BA, AB, BS)",6,Northeast,2270,3371.64,557.89,31.97,4.22,39.03,2.16
Rhode Island,44,2019,"Bachelor's degree (BA, AB, BS)",6,Northeast,2226,3337.94,558.31,31.79,4.24,38.98,2.08
Rhode Island,44,2020,"Bachelor's degree (BA, AB, BS)",6,Northeast,2267,3359.77,565.48,32.09,4.21,38.9,2.16
Rhode Island,44,2021,"Bachelor's degree (BA, AB, BS)",6,Northeast,2547,3331.75,571.55,32.23,4.18,38.83,2.21
Rhode Island,44,2022,"Bachelor's degree (BA, AB, BS)",6,Northeast,2474,3359.67,556.89,32.22,4.22,38.97,2.15
Rhode Island,44,2023,"Bachelor's degree (BA, AB, BS)",6,Northeast,2402,3335.21,569.97,32.42,4.18,38.81,2.26
Rhode Island,44,2024,"Bachelor's degree (BA, AB, BS)",6,Northeast,2471,3333.08,556.78,32.45,4.24,38.88,2.21
Rhode Island,44,2016,"Master's degree (MA, MS, MEng, MEd, MSW, MBA)",7,Northeast,1037,3314.38,602.22,32.9,3.82,38.81,2.22
Rhode Island,44,2017,"Master's degree (MA, MS, MEng, MEd, MSW, MBA)",7,Northeast,1102,3367.75,564.08,32.98,3.99,38.96,2.08
Rhode Island,44,2018,"Master's degree (MA, MS, MEng, MEd, MSW, MBA)",7,Northeast,1067,3339.83,581.3,33.13,3.79,38.92,2.38
Rhode Island,44,2019,"Master's degree (MA, MS, MEng, MEd, MSW, MBA)",7,Northeast,1100,3316.56,558.51,33.36,3.8,38.88,2.03
Rhode Island,44,2020,"Master's degree (MA, MS, MEng, MEd, MSW, MBA)",7,Northeast,1197,3317.54,572.51,33.24,3.78,38.9,2.23
Rhode Island,44,2021,"Master's degree (MA, MS, MEng, MEd, MSW, MBA)",7,Northeast,1317,3320.88,564.13,33.44,3.74,38.82,2.15
Rhode Island,44,2022,"Master's degree (MA, MS, MEng, MEd, MSW, MBA)",7,Northeast,1338,3343.04,582.07,33.22,3.77,38.88,2.22
Rhode Island,44,2023,"Master's degree (MA, MS, MEng, MEd, MSW, MBA)",7,Northeast,1342,3343.04,591.9,33.42,3.82,38.71,2.24
Rhode Island,44,2024,"Master's degree (MA, MS, MEng, MEd, MSW, MBA)",7,Northeast,1451,3341.55,559.9,33.66,3.89,38.8,2.11
Rhode Island,44,2016,"Doctorate (PhD, EdD) or Professional Degree (MD, DDS, DVM, LLB, JD)",8,Northeast,333,3294.87,529.86,33.8,3.85,38.98,2.15
Rhode Island,44,2017,"Doctorate (PhD, EdD) or Professional Degree (MD, DDS, DVM, LLB, JD)",8,Northeast,407,3329.39,551.82,34.07,3.73,39.02,2.06
Rhode Island,44,2018,"Doctorate (PhD, EdD) or Professional Degree (MD, DDS, DVM, LLB, JD)",8,Northeast,350,3358.57,536.22,34.22,3.53,38.87,1.94
Rhode Island,44,2019,"Doctorate (PhD, EdD) or Professional Degree (MD, DDS, DVM, LLB, JD)",8,Northeast,362,3276.68,573.49,34.1,3.87,38.8,2.05
Rhode Island,44,2020,"Doctorate (PhD, EdD) or Professional Degree (MD, DDS, DVM, LLB, JD)",8,Northeast,361,3317.01,512.89,34.09,3.73,38.99,1.75
Rhode Island,44,2021,"Doctorate (PhD, EdD) or Professional Degree (MD, DDS, DVM, LLB, JD)",8,Northeast,424,3342.71,520.34,34.14,3.45,39.02,1.91
Rhode Island,44,2022,"Doctorate (PhD, EdD) or Professional Degree (MD, DDS, DVM, LLB, JD)",8,Northeast,462,3308.61,542.85,34.34,3.69,38.89,2.13
Rhode Island,44,2023,"Doctorate (PhD, EdD) or Professional Degree (MD, DDS, DVM, LLB, JD)",8,Northeast,405,3314.32,516.74,34.14,3.62,38.81,1.73
Rhode Island,44,2024,"Doctorate (PhD, EdD) or Professional Degree (MD, DDS, DVM, LLB, JD)",8,Northeast,483,3313.63,557.25,34.4,3.56,38.71,2.04
Vermont,50,2016,8th grade or less,1,Northeast,37,3148.73,658.25,28.86,7.75,38.73,2.84
Vermont,50,2017,8th grade or less,1,Northeast,45,3276.24,486.88,29.96,6.54,39.56,2.26
Vermont,50,2018,8th grade or less,1,Northeast,41,3328.46,681.29,33.37,6.67,38.56,2.84
Vermont,50,2019,8th grade or less,1,Northeast,48,3243.85,513.35,29.75,5.24,38.83,2.49
Vermont,50,2020,8th grade or less,1,Northeast,48,3287.71,477.52,30.29,6.06,38.85,1.97
Vermont,50,2021,8th grade or less,1,Northeast,43,3421.58,485.41,30.84,6.33,38.98,2.02
Vermont,50,2022,8th grade or less,1,Northeast,51,3291.22,683.51,30.18,8.08,38.67,2.98
Vermont,50,2023,8th grade or less,1,Northeast,50,3302.24,647.19,29.98,6.5,38.76,2.47
Vermont,50,2024,8th grade or less,1,Northeast,49,3177.0,768.66,29.69,6.82,38.29,3.02
Vermont,50,2016,9th through 12th grade with no diploma,2,Northeast,371,3165.6,624.71,24.77,6.09,38.85,2.91
Vermont,50,2017,9th through 12th grade with no diploma,2,Northeast,352,3135.44,656.35,24.3,5.68,38.74,2.88
Vermont,50,2018,9th through 12th grade with no diploma,2,Northeast,370,3203.88,538.59,24.44,5.57,39.12,2.55
Vermont,50,2019,9th through 12th grade with no diploma,2,Northeast,317,3112.06,611.23,24.7,6.06,38.74,2.85
Vermont,50,2020,9th through 12th grade with no diploma,2,Northeast,333,3137.26,659.29,24.83,5.82,38.72,2.68
Vermont,50,2021,9th through 12th grade with no diploma,2,Northeast,311,3150.34,548.63,24.62,5.98,38.7,2.44
Vermont,50,2022,9th through 12th grade with no diploma,2,Northeast,307,3091.45,673.24,24.7,6.18,38.37,2.94
Vermont,50,2023,9th through 12th grade with no diploma,2,Northeast,286,3118.58,669.99,25.15,6.03,38.38,2.85
Vermont,50,2024,9th through 12th grade with no diploma,2,Northeast,297,3186.92,557.92,24.39,6.28,38.78,2.75
Vermont,50,2016,High school graduate or GED completed,3,Northeast,1436,3273.5,632.46,26.4,5.23,39.01,2.69
Vermont,50,2017,High school graduate or GED completed,3,Northeast,1412,3299.85,590.0,26.48,5.18,38.95,2.57
Vermont,50,2018,High school graduate or GED completed,3,Northeast,1302,3271.19,608.34,26.89,5.27,38.91,2.57
Vermont,50,2019,High school graduate or GED completed,3,Northeast,1254,3272.07,596.3,26.85,5.03,38.93,2.52
Vermont,50,2020,High school graduate or GED completed,3,Northeast,1201,3246.79,593.66,27.02,5.19,38.75,2.55
Vermont,50,2021,High school graduate or GED completed,3,Northeast,1115,3309.04,569.8,27.42,5.25,38.81,2.35
Vermont,50,2022,High school graduate or GED completed,3,Northeast,1103,3226.27,630.27,27.2,5.36,38.59,2.65
Vermont,50,2023,High school graduate or GED completed,3,Northeast,1110,3231.23,578.89,27.57,5.26,38.81,2.42
Vermont,50,2024,High school graduate or GED completed,3,Northeast,1136,3239.83,612.05,27.58,5.25,38.67,2.48
Vermont,50,2016,"Some college credit, but not a degree",4,Northeast,1046,3376.92,563.51,27.83,5.34,39.09,2.28
Vermont,50,2017,"Some college credit, but not a degree",4,Northeast,1006,3358.76,592.5,28.4,5.24,39.04,2.37
Vermont,50,2018,"Some college credit, but not a degree",4,Northeast,982,3350.62,582.35,28.21,5.11,39.02,2.35
Vermont,50,2019,"Some college credit, but not a degree",4,Northeast,987,3360.21,594.97,28.53,5.12,38.95,2.38
Vermont,50,2020,"Some college credit, but not a degree",4,Northeast,914,3315.81,602.01,28.9,5.37,38.7,2.45
Vermont,50,2021,"Some college credit, but not a degree",4,Northeast,938,3304.97,585.07,28.92,5.04,38.85,2.28
Vermont,50,2022,"Some college credit, but not a degree",4,Northeast,910,3312.5,585.43,29.34,5.14,38.81,2.34
Vermont,50,2023,"Some college credit, but not a degree",4,Northeast,800,3300.54,590.12,29.88,5.26,38.62,2.43
Vermont,50,2024,"Some college credit, but not a degree",4,Northeast,776,3317.29,605.78,29.5,5.34,38.81,2.46
Vermont,50,2016,"Associate degree (AA, AS)",5,Northeast,441,3419.42,589.91,30.18,4.65,39.0,2.27
Vermont,50,2017,"Associate degree (AA, AS)",5,Northeast,413,3414.51,533.76,30.04,4.52,39.21,2.0
Vermont,50,2018,"Associate degree (AA, AS)",5,Northeast,448,3355.9,600.13,30.29,4.59,38.88,2.25
Vermont,50,2019,"Associate degree (AA, AS)",5,Northeast,370,3372.64,545.46,30.16,4.82,38.89,2.25
Vermont,50,2020,"Associate degree (AA, AS)",5,Northeast,360,3370.11,538.56,30.59,4.89,38.84,2.09
Vermont,50,2021,"Associate degree (AA, AS)",5,Northeast,400,3338.86,643.39,30.54,4.64,38.74,2.66
Vermont,50,2022,"Associate degree (AA, AS)",5,Northeast,342,3356.8,584.8,30.82,4.62,38.74,2.17
Vermont,50,2023,"Associate degree (AA, AS)",5,Northeast,335,3354.19,558.89,30.61,4.68,38.93,2.31
Vermont,50,2024,"Associate degree (AA, AS)",5,Northeast,335,3351.19,585.81,30.66,4.63,38.91,2.21
Vermont,50,2016,"Bachelor's degree (BA, AB, BS)",6,Northeast,1422,3443.51,564.91,31.69,4.19,39.16,2.21
Vermont,50,2017,"Bachelor's degree (BA, AB, BS)",6,Northeast,1435,3423.08,574.43,31.7,4.26,39.25,2.13
Vermont,50,2018,"Bachelor's degree (BA, AB, BS)",6,Northeast,1341,3408.41,573.25,31.89,4.12,39.0,2.19
Vermont,50,2019,"Bachelor's degree (BA, AB, BS)",6,Northeast,1349,3402.19,553.78,31.98,4.25,38.99,2.03
Vermont,50,2020,"Bachelor's degree (BA, AB, BS)",6,Northeast,1269,3441.26,524.97,32.29,4.33,39.11,1.81
Vermont,50,2021,"Bachelor's degree (BA, AB, BS)",6,Northeast,1497,3431.84,572.36,32.42,4.27,38.94,2.15
Vermont,50,2022,"Bachelor's degree (BA, AB, BS)",6,Northeast,1437,3397.18,564.42,32.46,4.29,38.9,2.21
Vermont,50,2023,"Bachelor's degree (BA, AB, BS)",6,Northeast,1428,3426.94,534.01,32.4,4.35,39.06,1.89
Vermont,50,2024,"Bachelor's degree (BA, AB, BS)",6,Northeast,1370,3422.36,530.13,32.39,4.43,39.07,1.94
Vermont,50,2016,"Master's degree (MA, MS, MEng, MEd, MSW, MBA)",7,Northeast,752,3397.41,609.61,33.22,3.81,39.16,2.27
Vermont,50,2017,"Master's degree (MA, MS, MEng, MEd, MSW, MBA)",7,Northeast,747,3385.79,607.24,33.48,3.8,39.07,2.34
Vermont,50,2018,"Master's degree (MA, MS, MEng, MEd, MSW, MBA)",7,Northeast,692,3402.51,598.8,33.64,3.75,39.09,2.49
Vermont,50,2019,"Master's degree (MA, MS, MEng, MEd, MSW, MBA)",7,Northeast,797,3403.31,558.24,33.69,3.99,39.04,2.06
Vermont,50,2020,"Master's degree (MA, MS, MEng, MEd, MSW, MBA)",7,Northeast,750,3392.09,518.53,33.87,3.77,39.13,1.96
Vermont,50,2021,"Master's degree (MA, MS, MEng, MEd, MSW, MBA)",7,Northeast,840,3435.88,550.6,33.8,3.85,39.01,1.9
Vermont,50,2022,"Master's degree (MA, MS, MEng, MEd, MSW, MBA)",7,Northeast,870,3415.25,541.41,34.08,3.68,38.93,2.01
Vermont,50,2023,"Master's degree (MA, MS, MEng, MEd, MSW, MBA)",7,Northeast,805,3405.73,520.87,33.81,3.81,39.06,1.83
Vermont,50,2024,"Master's degree (MA, MS, MEng, MEd, MSW, MBA)",7,Northeast,797,3430.21,536.7,34.02,3.91,39.06,2.08
Vermont,50,2016,"Doctorate (PhD, EdD) or Professional Degree (MD, DDS, DVM, LLB, JD)",8,Northeast,207,3354.61,570.08,34.08,3.77,38.85,1.88
Vermont,50,2017,"Doctorate (PhD, EdD) or Professional Degree (MD, DDS, DVM, LLB, JD)",8,Northeast,211,3375.17,537.25,34.17,3.8,39.12,1.9
Vermont,50,2018,"Doctorate (PhD, EdD) or Professional Degree (MD, DDS, DVM, LLB, JD)",8,Northeast,214,3380.95,522.46,34.14,3.65,39.07,1.93
Vermont,50,2019,"Doctorate (PhD, EdD) or Professional Degree (MD, DDS, DVM, LLB, JD)",8,Northeast,207,3374.42,560.68,34.64,3.91,38.71,2.37
Vermont,50,2020,"Doctorate (PhD, EdD) or Professional Degree (MD, DDS, DVM, LLB, JD)",8,Northeast,229,3326.42,509.7,34.77,3.75,39.03,1.78
Vermont,50,2021,"Doctorate (PhD, EdD) or Professional Degree (MD, DDS, DVM, LLB, JD)",8,Northeast,215,3372.11,565.19,34.49,3.8,39.11,2.04
Vermont,50,2022,"Doctorate (PhD, EdD) or Professional Degree (MD, DDS, DVM, LLB, JD)",8,Northeast,261,3378.31,545.85,34.54,3.66,38.93,2.24
Vermont,50,2023,"Doctorate (PhD, EdD) or Professional Degree (MD, DDS, DVM, LLB, JD)",8,Northeast,234,3339.79,543.71,34.63,3.55,39.02,2.17
Vermont,50,2024,"Doctorate (PhD, EdD) or Professional Degree (MD, DDS, DVM, LLB, JD)",8,Northeast,241,3304.15,590.46,34.49,3.55,38.92,2.41
Illinois,17,2016,8th grade or less,1,Midwest,3994,3265.4,607.74,30.6,6.66,38.42,2.85
Illinois,17,2017,8th grade or less,1,Midwest,3496,3268.43,591.53,30.76,6.81,38.47,2.7
Illinois,17,2018,8th grade or less,1,Midwest,3162,3257.73,590.61,30.67,6.75,38.42,2.61
Illinois,17,2019,8th grade or less,1,Midwest,2870,3264.85,578.23,30.77,6.81,38.45,2.64
Illinois,17,2020,8th grade or less,1,Midwest,2623,3252.2,580.43,31.09,6.9,38.34,2.64
Illinois,17,2021,8th grade or less,1,Midwest,2443,3234.6,572.25,30.42,7.07,38.32,2.59
Illinois,17,2022,8th grade or less,1,Midwest,2630,3241.85,576.0,30.1,7.19,38.49,2.63
Illinois,17,2023,8th grade or less,1,Midwest,2767,3193.11,606.89,29.31,7.25,38.23,2.93
Illinois,17,2024,8th grade or less,1,Midwest,2919,3218.7,559.6,28.75,7.15,38.42,2.69
Illinois,17,2016,9th through 12th grade with no diploma,2,Midwest,13870,3145.94,615.63,24.95,6.53,38.35,2.99
Illinois,17,2017,9th through 12th grade with no diploma,2,Midwest,12844,3158.08,597.23,25.19,6.64,38.38,2.83
Illinois,17,2018,9th through 12th grade with no diploma,2,Midwest,11739,3136.72,610.26,25.35,6.67,38.34,2.92
Illinois,17,2019,9th through 12th grade with no diploma,2,Midwest,10453,3146.22,590.43,25.37,6.76,38.32,2.84
Illinois,17,2020,9th through 12th grade with no diploma,2,Midwest,9814,3126.07,603.42,25.32,6.71,38.29,2.94
Illinois,17,2021,9th through 12th grade with no diploma,2,Midwest,8829,3130.56,600.28,25.56,6.73,38.32,2.72
Illinois,17,2022,9th through 12th grade with no diploma,2,Midwest,8282,3115.09,597.84,25.73,6.85,38.31,2.93
Illinois,17,2023,9th through 12th grade with no diploma,2,Midwest,8130,3110.58,603.93,25.72,6.86,38.28,2.87
Illinois,17,2024,9th through 12th grade with no diploma,2,Midwest,8094,3127.96,600.07,25.75,6.76,38.33,2.8
Illinois,17,2016,High school graduate or GED completed,3,Midwest,32925,3205.78,607.49,26.55,5.76,38.49,2.79
Illinois,17,2017,High school graduate or GED completed,3,Midwest,32690,3196.88,610.33,26.55,5.72,38.45,2.78
Illinois,17,2018,High school graduate or GED completed,3,Midwest,32953,3199.44,603.1,26.73,5.7,38.42,2.73
Illinois,17,2019,High school graduate or GED completed,3,Midwest,32421,3190.13,603.46,26.8,5.74,38.38,2.75
Illinois,17,2020,High school graduate or GED completed,3,Midwest,30949,3188.87,596.74,26.89,5.7,38.42,2.68
Illinois,17,2021,High school graduate or GED completed,3,Midwest,29948,3176.39,608.81,27.05,5.71,38.37,2.72
Illinois,17,2022,High school graduate or GED completed,3,Midwest,30015,3171.55,594.6,27.12,5.71,38.42,2.69
Illinois,17,2023,High school graduate or GED completed,3,Midwest,29667,3167.72,602.92,27.23,5.74,38.38,2.74
Illinois,17,2024,High school graduate or GED completed,3,Midwest,30173,3175.93,600.18,27.29,5.72,38.4,2.73
Illinois,17,2016,"Some college credit, but not a degree",4,Midwest,30457,3247.01,610.79,27.66,5.32,38.53,2.69
Illinois,17,2017,"Some college credit, but not a degree",4,Midwest,29296,3248.04,605.81,27.86,5.32,38.52,2.64
Illinois,17,2018,"Some college credit, but not a degree",4,Midwest,27669,3233.23,613.1,28.12,5.34,38.44,2.67
Illinois,17,2019,"Some college credit, but not a degree",4,Midwest,26752,3231.34,602.18,28.28,5.35,38.44,2.63
Illinois,17,2020,"Some college credit, but not a degree",4,Midwest,24966,3230.2,594.09,28.48,5.3,38.44,2.58
Illinois,17,2021,"Some college credit, but not a degree",4,Midwest,23823,3218.56,606.67,28.71,5.28,38.41,2.6
Illinois,17,2022,"Some college credit, but not a degree",4,Midwest,22458,3213.82,605.44,28.97,5.32,38.43,2.6
Illinois,17,2023,"Some college credit, but not a degree",4,Midwest,20782,3203.64,605.55,29.19,5.33,38.36,2.66
Illinois,17,2024,"Some college credit, but not a degree",4,Midwest,20267,3215.48,600.88,29.26,5.37,38.43,2.57
Illinois,17,2016,"Associate degree (AA, AS)",5,Midwest,12242,3309.57,589.53,29.86,4.89,38.61,2.41
Illinois,17,2017,"Associate degree (AA, AS)",5,Midwest,11711,3294.53,605.76,29.93,4.87,38.52,2.54
Illinois,17,2018,"Associate degree (AA, AS)",5,Midwest,11547,3296.23,599.41,30.03,4.88,38.51,2.47
Illinois,17,2019,"Associate degree (AA, AS)",5,Midwest,11207,3284.85,591.04,30.1,4.85,38.47,2.5
Illinois,17,2020,"Associate degree (AA, AS)",5,Midwest,10601,3274.46,594.17,30.15,4.87,38.46,2.44
Illinois,17,2021,"Associate degree (AA, AS)",5,Midwest,10754,3282.09,583.75,30.27,4.78,38.47,2.39
Illinois,17,2022,"Associate degree (AA, AS)",5,Midwest,10546,3265.17,591.99,30.44,4.85,38.44,2.45
Illinois,17,2023,"Associate degree (AA, AS)",5,Midwest,10068,3268.71,570.93,30.42,4.89,38.47,2.35
Illinois,17,2024,"Associate degree (AA, AS)",5,Midwest,9785,3264.39,587.64,30.54,4.88,38.44,2.49
Illinois,17,2016,"Bachelor's degree (BA, AB, BS)",6,Midwest,34404,3338.52,580.94,31.49,4.31,38.74,2.32
Illinois,17,2017,"Bachelor's degree (BA, AB, BS)",6,Midwest,33544,3339.43,575.43,31.67,4.3,38.74,2.3
Illinois,17,2018,"Bachelor's degree (BA, AB, BS)",6,Midwest,33058,3334.06,575.94,31.75,4.29,38.69,2.27
Illinois,17,2019,"Bachelor's degree (BA, AB, BS)",6,Midwest,32326,3329.04,560.56,31.86,4.33,38.66,2.14
Illinois,17,2020,"Bachelor's degree (BA, AB, BS)",6,Midwest,31283,3326.63,555.81,31.88,4.32,38.71,2.14
Illinois,17,2021,"Bachelor's degree (BA, AB, BS)",6,Midwest,32759,3325.67,558.95,32.0,4.31,38.63,2.14
Illinois,17,2022,"Bachelor's degree (BA, AB, BS)",6,Midwest,32119,3314.84,564.58,32.1,4.38,38.63,2.21
Illinois,17,2023,"Bachelor's degree (BA, AB, BS)",6,Midwest,31229,3308.19,562.74,32.05,4.41,38.63,2.22
Illinois,17,2024,"Bachelor's degree (BA, AB, BS)",6,Midwest,31943,3311.17,563.75,32.15,4.41,38.62,2.2
Illinois,17,2016,"Master's degree (MA, MS, MEng, MEd, MSW, MBA)",7,Midwest,18838,3336.47,580.5,32.92,3.8,38.75,2.22
Illinois,17,2017,"Master's degree (MA, MS, MEng, MEd, MSW, MBA)",7,Midwest,18020,3341.89,564.03,33.0,3.78,38.79,2.12
Illinois,17,2018,"Master's degree (MA, MS, MEng, MEd, MSW, MBA)",7,Midwest,17859,3338.62,569.35,33.17,3.85,38.69,2.14
Illinois,17,2019,"Master's degree (MA, MS, MEng, MEd, MSW, MBA)",7,Midwest,17746,3315.53,571.25,33.23,3.81,38.62,2.23
Illinois,17,2020,"Master's degree (MA, MS, MEng, MEd, MSW, MBA)",7,Midwest,16916,3330.07,546.52,33.31,3.83,38.71,2.1
Illinois,17,2021,"Master's degree (MA, MS, MEng, MEd, MSW, MBA)",7,Midwest,17353,3319.77,547.1,33.39,3.85,38.61,2.08
Illinois,17,2022,"Master's degree (MA, MS, MEng, MEd, MSW, MBA)",7,Midwest,16353,3313.44,553.73,33.4,3.98,38.64,2.1
Illinois,17,2023,"Master's degree (MA, MS, MEng, MEd, MSW, MBA)",7,Midwest,15798,3302.77,556.99,33.39,4.0,38.6,2.17
Illinois,17,2024,"Master's degree (MA, MS, MEng, MEd, MSW, MBA)",7,Midwest,16195,3317.84,554.46,33.38,4.01,38.65,2.17
Illinois,17,2016,"Doctorate (PhD, EdD) or Professional Degree (MD, DDS, DVM, LLB, JD)",8,Midwest,4645,3294.95,575.32,33.73,3.78,38.73,2.18
Illinois,17,2017,"Doctorate (PhD, EdD) or Professional Degree (MD, DDS, DVM, LLB, JD)",8,Midwest,4539,3288.22,571.8,33.81,3.8,38.74,2.22
Illinois,17,2018,"Doctorate (PhD, EdD) or Professional Degree (MD, DDS, DVM, LLB, JD)",8,Midwest,4588,3282.45,580.28,33.96,3.72,38.61,2.21
Illinois,17,2019,"Doctorate (PhD, EdD) or Professional Degree (MD, DDS, DVM, LLB, JD)",8,Midwest,4567,3312.73,539.35,34.01,3.73,38.75,2.01
Illinois,17,2020,"Doctorate (PhD, EdD) or Professional Degree (MD, DDS, DVM, LLB, JD)",8,Midwest,4380,3292.68,549.87,34.03,3.78,38.6,2.11
Illinois,17,2021,"Doctorate (PhD, EdD) or Professional Degree (MD, DDS, DVM, LLB, JD)",8,Midwest,4824,3280.63,541.41,34.09,3.72,38.61,2.05
Illinois,17,2022,"Doctorate (PhD, EdD) or Professional Degree (MD, DDS, DVM, LLB, JD)",8,Midwest,4397,3289.75,543.28,34.29,3.87,38.64,2.07
Illinois,17,2023,"Doctorate (PhD, EdD) or Professional Degree (MD, DDS, DVM, LLB, JD)",8,Midwest,4546,3285.92,537.71,34.18,3.84,38.6,2.13
Illinois,17,2024,"Doctorate (PhD, EdD) or Professional Degree (MD, DDS, DVM, LLB, JD)",8,Midwest,4519,3287.35,547.77,34.27,3.94,38.62,2.1
Indiana,18,2016,8th grade or less,1,Midwest,3808,3353.18,567.77,28.84,6.33,38.91,2.31
Indiana,18,2017,8th grade or less,1,Midwest,3827,3350.12,570.19,28.7,6.38,38.85,2.29
Indiana,18,2018,8th grade or less,1,Midwest,3769,3342.91,572.26,28.82,6.43,38.84,2.37
Indiana,18,2019,8th grade or less,1,Midwest,3854,3327.77,555.66,28.71,6.42,38.85,2.32
Indiana,18,2020,8th grade or less,1,Midwest,3987,3314.78,575.05,28.76,6.26,38.75,2.44
Indiana,18,2021,8th grade or less,1,Midwest,3897,3318.71,563.97,28.64,6.34,38.73,2.35
Indiana,18,2022,8th grade or less,1,Midwest,4359,3300.77,572.87,28.61,6.33,38.68,2.46
Indiana,18,2023,8th grade or less,1,Midwest,4593,3301.69,573.22,28.65,6.34,38.73,2.37
Indiana,18,2024,8th grade or less,1,Midwest,4808,3287.44,563.17,28.61,6.27,38.7,2.38
Indiana,18,2016,9th through 12th grade with no diploma,2,Midwest,9134,3158.58,617.53,23.93,5.83,38.45,2.8
Indiana,18,2017,9th through 12th grade with no diploma,2,Midwest,8779,3154.99,621.03,24.19,5.96,38.37,2.7
Indiana,18,2018,9th through 12th grade with no diploma,2,Midwest,8453,3153.77,608.79,24.22,5.96,38.36,2.75
Indiana,18,2019,9th through 12th grade with no diploma,2,Midwest,8309,3145.13,604.06,24.28,5.97,38.29,2.67
Indiana,18,2020,9th through 12th grade with no diploma,2,Midwest,7629,3147.38,604.05,24.46,6.04,38.3,2.64
Indiana,18,2021,9th through 12th grade with no diploma,2,Midwest,7363,3140.36,601.49,24.63,6.11,38.2,2.59
Indiana,18,2022,9th through 12th grade with no diploma,2,Midwest,7323,3121.13,592.7,24.8,6.15,38.21,2.63
Indiana,18,2023,9th through 12th grade with no diploma,2,Midwest,7165,3140.86,594.66,25.01,6.34,38.19,2.55
Indiana,18,2024,9th through 12th grade with no diploma,2,Midwest,7197,3133.81,596.99,25.35,6.36,38.22,2.55
Indiana,18,2016,High school graduate or GED completed,3,Midwest,22764,3225.43,604.18,25.52,5.23,38.54,2.54
Indiana,18,2017,High school graduate or GED completed,3,Midwest,23165,3235.19,603.22,25.62,5.21,38.53,2.48
Indiana,18,2018,High school graduate or GED completed,3,Midwest,23558,3230.09,604.01,25.65,5.14,38.46,2.59
Indiana,18,2019,High school graduate or GED completed,3,Midwest,23993,3223.53,589.84,25.84,5.23,38.45,2.47
Indiana,18,2020,High school graduate or GED completed,3,Midwest,23434,3225.69,596.2,26.02,5.29,38.41,2.5
Indiana,18,2021,High school graduate or GED completed,3,Midwest,23268,3222.59,593.57,26.1,5.28,38.37,2.41
Indiana,18,2022,High school graduate or GED completed,3,Midwest,23295,3197.05,596.33,26.24,5.29,38.34,2.53
Indiana,18,2023,High school graduate or GED completed,3,Midwest,23782,3206.66,597.93,26.43,5.34,38.3,2.49
Indiana,18,2024,High school graduate or GED completed,3,Midwest,24390,3213.61,595.14,26.58,5.36,38.33,2.45
Indiana,18,2016,"Some college credit, but not a degree",4,Midwest,17037,3277.73,608.56,27.27,5.13,38.58,2.44
Indiana,18,2017,"Some college credit, but not a degree",4,Midwest,16650,3269.61,610.15,27.39,5.04,38.51,2.44
Indiana,18,2018,"Some college credit, but not a degree",4,Midwest,16215,3272.92,606.89,27.52,5.08,38.49,2.43
Indiana,18,2019,"Some college credit, but not a degree",4,Midwest,15388,3265.72,601.06,27.69,5.11,38.42,2.45
Indiana,18,2020,"Some college credit, but not a degree",4,Midwest,14462,3269.18,602.71,27.88,5.1,38.45,2.4
Indiana,18,2021,"Some college credit, but not a degree",4,Midwest,14538,3250.68,611.59,28.01,5.09,38.32,2.44
Indiana,18,2022,"Some college credit, but not a degree",4,Midwest,13680,3235.4,597.23,28.19,5.16,38.32,2.39
Indiana,18,2023,"Some college credit, but not a degree",4,Midwest,12942,3244.02,598.53,28.43,5.19,38.31,2.41
Indiana,18,2024,"Some college credit, but not a degree",4,Midwest,12541,3250.04,611.76,28.56,5.21,38.26,2.47
Indiana,18,2016,"Associate degree (AA, AS)",5,Midwest,7306,3307.32,598.35,29.37,4.59,38.55,2.37
Indiana,18,2017,"Associate degree (AA, AS)",5,Midwest,7051,3305.26,608.61,29.5,4.63,38.42,2.45
Indiana,18,2018,"Associate degree (AA, AS)",5,Midwest,6842,3315.0,593.52,29.67,4.73,38.51,2.29
Indiana,18,2019,"Associate degree (AA, AS)",5,Midwest,6464,3284.64,590.87,29.56,4.62,38.43,2.31
Indiana,18,2020,"Associate degree (AA, AS)",5,Midwest,6285,3300.99,602.31,29.74,4.76,38.44,2.37
Indiana,18,2021,"Associate degree (AA, AS)",5,Midwest,6544,3286.28,595.22,29.81,4.71,38.31,2.26
Indiana,18,2022,"Associate degree (AA, AS)",5,Midwest,6395,3274.52,597.97,29.99,4.76,38.34,2.37
Indiana,18,2023,"Associate degree (AA, AS)",5,Midwest,5994,3285.44,583.47,29.95,4.8,38.35,2.26
Indiana,18,2024,"Associate degree (AA, AS)",5,Midwest,6018,3272.29,574.21,30.22,4.92,38.28,2.18
Indiana,18,2016,"Bachelor's degree (BA, AB, BS)",6,Midwest,16270,3368.99,575.84,30.54,4.16,38.75,2.18
Indiana,18,2017,"Bachelor's degree (BA, AB, BS)",6,Midwest,16043,3374.24,572.07,30.52,4.16,38.73,2.17
Indiana,18,2018,"Bachelor's degree (BA, AB, BS)",6,Midwest,16128,3380.8,561.38,30.58,4.21,38.72,2.13
Indiana,18,2019,"Bachelor's degree (BA, AB, BS)",6,Midwest,16257,3358.85,568.52,30.56,4.27,38.65,2.14
Indiana,18,2020,"Bachelor's degree (BA, AB, BS)",6,Midwest,16074,3356.31,575.19,30.56,4.24,38.62,2.16
Indiana,18,2021,"Bachelor's degree (BA, AB, BS)",6,Midwest,17013,3348.96,564.52,30.65,4.29,38.55,2.1
Indiana,18,2022,"Bachelor's degree (BA, AB, BS)",6,Midwest,17103,3342.36,562.94,30.7,4.36,38.56,2.1
Indiana,18,2023,"Bachelor's degree (BA, AB, BS)",6,Midwest,17040,3334.35,571.15,30.69,4.39,38.5,2.18
Indiana,18,2024,"Bachelor's degree (BA, AB, BS)",6,Midwest,17311,3336.65,566.17,30.68,4.39,38.53,2.1
Indiana,18,2016,"Master's degree (MA, MS, MEng, MEd, MSW, MBA)",7,Midwest,5104,3370.68,577.77,32.16,3.71,38.71,2.24
Indiana,18,2017,"Master's degree (MA, MS, MEng, MEd, MSW, MBA)",7,Midwest,5014,3352.2,560.89,32.28,3.73,38.7,2.01
Indiana,18,2018,"Master's degree (MA, MS, MEng, MEd, MSW, MBA)",7,Midwest,4975,3353.16,586.19,32.36,3.8,38.62,2.14
Indiana,18,2019,"Master's degree (MA, MS, MEng, MEd, MSW, MBA)",7,Midwest,4916,3347.91,567.92,32.39,3.87,38.59,2.14
Indiana,18,2020,"Master's degree (MA, MS, MEng, MEd, MSW, MBA)",7,Midwest,4964,3346.74,560.19,32.36,3.9,38.62,2.15
Indiana,18,2021,"Master's degree (MA, MS, MEng, MEd, MSW, MBA)",7,Midwest,5391,3340.17,566.73,32.31,3.92,38.52,2.05
Indiana,18,2022,"Master's degree (MA, MS, MEng, MEd, MSW, MBA)",7,Midwest,5586,3322.93,567.13,32.24,3.95,38.53,2.07
Indiana,18,2023,"Master's degree (MA, MS, MEng, MEd, MSW, MBA)",7,Midwest,5472,3325.86,567.27,32.29,4.13,38.51,2.13
Indiana,18,2024,"Master's degree (MA, MS, MEng, MEd, MSW, MBA)",7,Midwest,5790,3309.15,556.24,32.38,4.06,38.48,2.11
Indiana,18,2016,"Doctorate (PhD, EdD) or Professional Degree (MD, DDS, DVM, LLB, JD)",8,Midwest,1532,3351.17,577.81,33.26,3.83,38.69,2.1
Indiana,18,2017,"Doctorate (PhD, EdD) or Professional Degree (MD, DDS, DVM, LLB, JD)",8,Midwest,1504,3322.95,557.45,33.13,3.87,38.68,2.2
Indiana,18,2018,"Doctorate (PhD, EdD) or Professional Degree (MD, DDS, DVM, LLB, JD)",8,Midwest,1601,3368.82,541.27,33.3,3.76,38.66,1.98
Indiana,18,2019,"Doctorate (PhD, EdD) or Professional Degree (MD, DDS, DVM, LLB, JD)",8,Midwest,1577,3332.22,551.06,33.23,3.99,38.56,2.0
Indiana,18,2020,"Doctorate (PhD, EdD) or Professional Degree (MD, DDS, DVM, LLB, JD)",8,Midwest,1664,3323.43,545.56,33.21,3.73,38.63,1.87
Indiana,18,2021,"Doctorate (PhD, EdD) or Professional Degree (MD, DDS, DVM, LLB, JD)",8,Midwest,1717,3307.2,554.23,33.15,3.74,38.48,1.93
Indiana,18,2022,"Doctorate (PhD, EdD) or Professional Degree (MD, DDS, DVM, LLB, JD)",8,Midwest,1688,3305.13,565.3,33.13,3.75,38.47,2.13
Indiana,18,2023,"Doctorate (PhD, EdD) or Professional Degree (MD, DDS, DVM, LLB, JD)",8,Midwest,1754,3322.12,547.51,33.18,3.84,38.49,1.95
Indiana,18,2024,"Doctorate (PhD, EdD) or Professional Degree (MD, DDS, DVM, LLB, JD)",8,Midwest,1929,3318.37,548.8,33.13,3.91,38.5,1.97
Iowa,19,2016,8th grade or less,1,Midwest,1291,3381.87,561.69,30.14,6.16,38.97,2.63
Iowa,19,2017,8th grade or less,1,Midwest,1263,3346.56,572.02,30.14,6.37,38.78,2.6
Iowa,19,2018,8th grade or less,1,Midwest,1204,3363.65,569.05,30.01,6.25,38.7,2.56
Iowa,19,2019,8th grade or less,1,Midwest,1236,3356.28,543.88,29.74,6.33,38.67,2.55
Iowa,19,2020,8th grade or less,1,Midwest,1217,3341.27,575.8,29.87,6.47,38.7,2.51
Iowa,19,2021,8th grade or less,1,Midwest,1256,3334.83,571.51,29.34,6.51,38.68,2.68
Iowa,19,2022,8th grade or less,1,Midwest,1363,3292.86,578.53,29.33,6.63,38.58,2.46
Iowa,19,2023,8th grade or less,1,Midwest,1460,3309.79,572.03,29.2,6.66,38.63,2.62
Iowa,19,2024,8th grade or less,1,Midwest,1575,3294.4,594.55,29.03,6.59,38.47,2.72
Iowa,19,2016,9th through 12th grade with no diploma,2,Midwest,3098,3225.11,589.13,24.37,5.84,38.75,2.83
Iowa,19,2017,9th through 12th grade with no diploma,2,Midwest,3067,3236.22,597.88,24.77,6.25,38.64,2.67
Iowa,19,2018,9th through 12th grade with no diploma,2,Midwest,3091,3225.06,592.45,24.69,6.17,38.53,2.87
Iowa,19,2019,9th through 12th grade with no diploma,2,Midwest,2802,3244.5,574.12,25.06,6.29,38.55,2.7
Iowa,19,2020,9th through 12th grade with no diploma,2,Midwest,2829,3208.93,607.18,24.96,6.27,38.38,2.89
Iowa,19,2021,9th through 12th grade with no diploma,2,Midwest,2767,3200.77,600.89,25.21,6.45,38.37,2.93
Iowa,19,2022,9th through 12th grade with no diploma,2,Midwest,2746,3195.45,582.47,24.97,6.45,38.5,2.74
Iowa,19,2023,9th through 12th grade with no diploma,2,Midwest,2769,3166.48,608.28,25.07,6.31,38.27,2.8
Iowa,19,2024,9th through 12th grade with no diploma,2,Midwest,2785,3181.64,588.98,25.3,6.57,38.42,2.83
Iowa,19,2016,High school graduate or GED completed,3,Midwest,9447,3286.57,595.72,26.06,5.28,38.81,2.76
Iowa,19,2017,High school graduate or GED completed,3,Midwest,9406,3289.95,598.44,26.19,5.24,38.64,2.63
Iowa,19,2018,High school graduate or GED completed,3,Midwest,9172,3278.2,594.88,26.37,5.26,38.57,2.58
Iowa,19,2019,High school graduate or GED completed,3,Midwest,9289,3264.23,602.83,26.5,5.24,38.57,2.6
Iowa,19,2020,High school graduate or GED completed,3,Midwest,9088,3270.54,590.19,26.61,5.37,38.55,2.51
Iowa,19,2021,High school graduate or GED completed,3,Midwest,8971,3259.26,582.77,26.74,5.34,38.49,2.55
Iowa,19,2022,High school graduate or GED completed,3,Midwest,9063,3239.4,585.79,26.79,5.31,38.45,2.57
Iowa,19,2023,High school graduate or GED completed,3,Midwest,9140,3237.15,593.49,26.92,5.36,38.44,2.59
Iowa,19,2024,High school graduate or GED completed,3,Midwest,9369,3255.31,582.11,27.0,5.4,38.46,2.51
Iowa,19,2016,"Some college credit, but not a degree",4,Midwest,6957,3340.59,603.44,27.15,5.06,38.78,2.65
Iowa,19,2017,"Some college credit, but not a degree",4,Midwest,6607,3338.2,592.67,27.47,5.12,38.73,2.49
Iowa,19,2018,"Some college credit, but not a degree",4,Midwest,6349,3320.4,596.94,27.43,5.02,38.66,2.59
Iowa,19,2019,"Some college credit, but not a degree",4,Midwest,6263,3311.9,593.66,27.63,5.1,38.61,2.53
Iowa,19,2020,"Some college credit, but not a degree",4,Midwest,5855,3321.9,603.0,27.81,5.08,38.53,2.55
Iowa,19,2021,"Some college credit, but not a degree",4,Midwest,5809,3303.14,599.97,28.01,5.11,38.52,2.56
Iowa,19,2022,"Some college credit, but not a degree",4,Midwest,5440,3299.56,595.8,28.1,5.03,38.52,2.48
Iowa,19,2023,"Some college credit, but not a degree",4,Midwest,5167,3292.98,589.6,28.28,5.14,38.47,2.5
Iowa,19,2024,"Some college credit, but not a degree",4,Midwest,5138,3291.21,590.61,28.41,5.16,38.52,2.45
Iowa,19,2016,"Associate degree (AA, AS)",5,Midwest,5045,3384.87,582.56,29.23,4.53,38.86,2.41
Iowa,19,2017,"Associate degree (AA, AS)",5,Midwest,4853,3397.15,576.34,29.36,4.51,38.7,2.29
Iowa,19,2018,"Associate degree (AA, AS)",5,Midwest,4746,3360.28,583.9,29.41,4.54,38.6,2.31
Iowa,19,2019,"Associate degree (AA, AS)",5,Midwest,4649,3368.63,573.46,29.49,4.52,38.62,2.24
Iowa,19,2020,"Associate degree (AA, AS)",5,Midwest,4330,3371.62,557.84,29.46,4.58,38.62,2.26
Iowa,19,2021,"Associate degree (AA, AS)",5,Midwest,4487,3338.63,596.84,29.66,4.56,38.51,2.33
Iowa,19,2022,"Associate degree (AA, AS)",5,Midwest,4412,3331.29,571.44,29.63,4.52,38.51,2.33
Iowa,19,2023,"Associate degree (AA, AS)",5,Midwest,4330,3335.31,567.04,29.64,4.64,38.53,2.28
Iowa,19,2024,"Associate degree (AA, AS)",5,Midwest,4066,3339.06,578.33,29.61,4.63,38.5,2.38
Iowa,19,2016,"Bachelor's degree (BA, AB, BS)",6,Midwest,9449,3436.06,569.45,30.3,4.05,38.94,2.3
Iowa,19,2017,"Bachelor's degree (BA, AB, BS)",6,Midwest,9119,3420.11,565.97,30.45,4.02,38.85,2.14
Iowa,19,2018,"Bachelor's degree (BA, AB, BS)",6,Midwest,9062,3404.56,569.26,30.38,4.03,38.79,2.24
Iowa,19,2019,"Bachelor's degree (BA, AB, BS)",6,Midwest,9161,3418.25,557.24,30.54,4.07,38.79,2.1
Iowa,19,2020,"Bachelor's degree (BA, AB, BS)",6,Midwest,8719,3398.73,565.63,30.53,4.14,38.73,2.14
Iowa,19,2021,"Bachelor's degree (BA, AB, BS)",6,Midwest,9170,3395.76,556.67,30.61,4.15,38.73,2.09
Iowa,19,2022,"Bachelor's degree (BA, AB, BS)",6,Midwest,9063,3382.08,557.5,30.65,4.17,38.68,2.15
Iowa,19,2023,"Bachelor's degree (BA, AB, BS)",6,Midwest,8787,3370.05,576.46,30.65,4.19,38.65,2.24
Iowa,19,2024,"Bachelor's degree (BA, AB, BS)",6,Midwest,8977,3382.57,569.22,30.66,4.22,38.69,2.17
Iowa,19,2016,"Master's degree (MA, MS, MEng, MEd, MSW, MBA)",7,Midwest,2999,3402.3,582.17,31.78,3.63,38.86,2.31
Iowa,19,2017,"Master's degree (MA, MS, MEng, MEd, MSW, MBA)",7,Midwest,2982,3416.58,573.32,31.92,3.71,38.79,2.12
Iowa,19,2018,"Master's degree (MA, MS, MEng, MEd, MSW, MBA)",7,Midwest,3036,3401.68,565.59,32.08,3.69,38.78,2.19
Iowa,19,2019,"Master's degree (MA, MS, MEng, MEd, MSW, MBA)",7,Midwest,3092,3399.79,566.68,32.07,3.79,38.69,2.21
Iowa,19,2020,"Master's degree (MA, MS, MEng, MEd, MSW, MBA)",7,Midwest,2984,3382.9,568.62,32.09,3.79,38.68,2.18
Iowa,19,2021,"Master's degree (MA, MS, MEng, MEd, MSW, MBA)",7,Midwest,3262,3380.34,558.68,32.15,3.87,38.63,2.06
Iowa,19,2022,"Master's degree (MA, MS, MEng, MEd, MSW, MBA)",7,Midwest,3246,3366.27,558.53,32.08,3.96,38.64,2.16
Iowa,19,2023,"Master's degree (MA, MS, MEng, MEd, MSW, MBA)",7,Midwest,3211,3374.86,549.92,31.95,3.85,38.62,2.11
Iowa,19,2024,"Master's degree (MA, MS, MEng, MEd, MSW, MBA)",7,Midwest,3347,3376.45,573.39,32.06,3.96,38.64,2.13
Iowa,19,2016,"Doctorate (PhD, EdD) or Professional Degree (MD, DDS, DVM, LLB, JD)",8,Midwest,1045,3354.42,572.0,32.52,3.8,38.81,2.34
Iowa,19,2017,"Doctorate (PhD, EdD) or Professional Degree (MD, DDS, DVM, LLB, JD)",8,Midwest,1075,3357.1,556.06,32.69,3.83,38.81,2.14
Iowa,19,2018,"Doctorate (PhD, EdD) or Professional Degree (MD, DDS, DVM, LLB, JD)",8,Midwest,1047,3391.44,535.49,32.71,3.79,38.88,1.87
Iowa,19,2019,"Doctorate (PhD, EdD) or Professional Degree (MD, DDS, DVM, LLB, JD)",8,Midwest,1071,3355.73,568.65,32.74,3.83,38.73,2.18
Iowa,19,2020,"Doctorate (PhD, EdD) or Professional Degree (MD, DDS, DVM, LLB, JD)",8,Midwest,1020,3356.61,566.55,32.81,3.62,38.7,2.18
Iowa,19,2021,"Doctorate (PhD, EdD) or Professional Degree (MD, DDS, DVM, LLB, JD)",8,Midwest,1047,3346.88,541.58,32.88,3.73,38.6,2.02
Iowa,19,2022,"Doctorate (PhD, EdD) or Professional Degree (MD, DDS, DVM, LLB, JD)",8,Midwest,1103,3354.69,565.72,32.95,3.82,38.6,2.17
Iowa,19,2023,"Doctorate (PhD, EdD) or Professional Degree (MD, DDS, DVM, LLB, JD)",8,Midwest,1088,3379.07,509.1,33.01,3.89,38.68,1.98
Iowa,19,2024,"Doctorate (PhD, EdD) or Professional Degree (MD, DDS, DVM, LLB, JD)",8,Midwest,1083,3362.05,559.29,32.73,3.99,38.57,2.06
Kansas,20,2016,8th grade or less,1,Midwest,1138,3281.09,550.53,29.3,6.37,38.56,2.12
Kansas,20,2017,8th grade or less,1,Midwest,1047,3281.44,537.44,29.36,6.33,38.58,1.91
Kansas,20,2018,8th grade or less,1,Midwest,1029,3316.42,542.67,29.45,6.5,38.58,1.98
Kansas,20,2019,8th grade or less,1,Midwest,1078,3246.21,601.81,29.03,6.8,38.25,2.64
Kansas,20,2020,8th grade or less,1,Midwest,1024,3274.78,565.32,29.12,6.62,38.43,2.07
Kansas,20,2021,8th grade or less,1,Midwest,1113,3269.22,551.05,29.09,6.64,38.45,2.19
Kansas,20,2022,8th grade or less,1,Midwest,1155,3232.33,529.08,28.67,6.67,38.39,2.15
Kansas,20,2023,8th grade or less,1,Midwest,1133,3284.65,535.37,28.75,6.79,38.49,2.03
Kansas,20,2024,8th grade or less,1,Midwest,1203,3246.67,530.87,28.39,6.64,38.4,2.5
Kansas,20,2016,9th through 12th grade with no diploma,2,Midwest,3627,3209.05,564.19,24.44,6.18,38.32,2.24
Kansas,20,2017,9th through 12th grade with no diploma,2,Midwest,3285,3193.6,610.09,24.57,6.16,38.21,2.52
Kansas,20,2018,9th through 12th grade with no diploma,2,Midwest,3199,3166.23,592.56,24.47,6.21,38.25,2.51
Kansas,20,2019,9th through 12th grade with no diploma,2,Midwest,2984,3171.15,604.25,24.58,6.32,38.13,2.56
Kansas,20,2020,9th through 12th grade with no diploma,2,Midwest,2725,3166.38,593.33,24.88,6.38,38.17,2.44
Kansas,20,2021,9th through 12th grade with no diploma,2,Midwest,2538,3173.37,593.63,24.89,6.46,38.07,2.44
Kansas,20,2022,9th through 12th grade with no diploma,2,Midwest,2445,3147.73,589.03,24.82,6.54,38.1,2.38
Kansas,20,2023,9th through 12th grade with no diploma,2,Midwest,2522,3154.86,575.43,24.89,6.48,38.11,2.25
Kansas,20,2024,9th through 12th grade with no diploma,2,Midwest,2514,3146.48,591.04,24.97,6.57,38.19,2.64
Kansas,20,2016,High school graduate or GED completed,3,Midwest,8625,3248.54,592.48,25.54,5.28,38.4,2.26
Kansas,20,2017,High school graduate or GED completed,3,Midwest,8695,3231.96,595.88,25.7,5.32,38.3,2.33
Kansas,20,2018,High school graduate or GED completed,3,Midwest,8832,3237.31,579.4,25.97,5.39,38.37,2.26
Kansas,20,2019,High school graduate or GED completed,3,Midwest,8551,3214.59,594.05,25.86,5.34,38.25,2.36
Kansas,20,2020,High school graduate or GED completed,3,Midwest,8766,3226.01,598.96,25.83,5.29,38.18,2.33
Kansas,20,2021,High school graduate or GED completed,3,Midwest,8961,3218.56,596.55,26.26,5.47,38.18,2.29
Kansas,20,2022,High school graduate or GED completed,3,Midwest,8951,3214.52,603.55,26.23,5.43,38.18,2.33
Kansas,20,2023,High school graduate or GED completed,3,Midwest,8589,3226.11,583.04,26.12,5.42,38.21,2.16
Kansas,20,2024,High school graduate or GED completed,3,Midwest,8886,3218.7,585.9,26.24,5.41,38.36,2.4
Kansas,20,2016,"Some college credit, but not a degree",4,Midwest,8151,3308.68,583.55,27.06,5.14,38.5,2.15
Kansas,20,2017,"Some college credit, but not a degree",4,Midwest,7665,3285.62,597.67,27.26,5.22,38.38,2.27
Kansas,20,2018,"Some college credit, but not a degree",4,Midwest,7350,3290.75,580.17,27.23,5.16,38.44,2.28
Kansas,20,2019,"Some college credit, but not a degree",4,Midwest,7079,3275.07,597.91,27.42,5.24,38.32,2.29
Kansas,20,2020,"Some college credit, but not a degree",4,Midwest,6591,3274.93,581.97,27.55,5.22,38.33,2.23
Kansas,20,2021,"Some college credit, but not a degree",4,Midwest,6177,3289.34,577.38,27.72,5.26,38.32,2.05
Kansas,20,2022,"Some college credit, but not a degree",4,Midwest,5876,3262.83,582.57,27.8,5.33,38.29,2.28
Kansas,20,2023,"Some college credit, but not a degree",4,Midwest,5743,3256.65,581.13,27.98,5.29,38.27,2.16
Kansas,20,2024,"Some college credit, but not a degree",4,Midwest,5690,3261.62,579.26,28.02,5.31,38.33,2.37
Kansas,20,2016,"Associate degree (AA, AS)",5,Midwest,3605,3344.35,571.58,28.87,4.77,38.52,2.08
Kansas,20,2017,"Associate degree (AA, AS)",5,Midwest,3478,3337.59,576.84,28.77,4.65,38.5,2.11
Kansas,20,2018,"Associate degree (AA, AS)",5,Midwest,3486,3322.46,584.34,29.0,4.69,38.42,2.24
Kansas,20,2019,"Associate degree (AA, AS)",5,Midwest,3386,3314.32,571.92,29.09,4.77,38.37,2.15
Kansas,20,2020,"Associate degree (AA, AS)",5,Midwest,3230,3327.27,573.5,29.05,4.8,38.41,2.12
Kansas,20,2021,"Associate degree (AA, AS)",5,Midwest,3178,3306.18,571.78,29.28,4.77,38.31,2.18
Kansas,20,2022,"Associate degree (AA, AS)",5,Midwest,3299,3317.98,567.15,29.39,4.83,38.41,1.99
Kansas,20,2023,"Associate degree (AA, AS)",5,Midwest,3271,3307.44,585.32,29.48,4.85,38.34,2.15
Kansas,20,2024,"Associate degree (AA, AS)",5,Midwest,3097,3296.68,598.42,29.33,4.95,38.42,2.38
Kansas,20,2016,"Bachelor's degree (BA, AB, BS)",6,Midwest,8547,3393.04,562.04,30.54,4.12,38.75,1.95
Kansas,20,2017,"Bachelor's degree (BA, AB, BS)",6,Midwest,8172,3389.28,565.84,30.57,4.21,38.68,1.98
Kansas,20,2018,"Bachelor's degree (BA, AB, BS)",6,Midwest,8249,3376.65,557.27,30.72,4.23,38.66,2.01
Kansas,20,2019,"Bachelor's degree (BA, AB, BS)",6,Midwest,8008,3380.17,562.43,30.68,4.24,38.6,2.0
Kansas,20,2020,"Bachelor's degree (BA, AB, BS)",6,Midwest,7821,3390.14,541.88,30.78,4.31,38.64,1.84
Kansas,20,2021,"Bachelor's degree (BA, AB, BS)",6,Midwest,8368,3366.44,561.23,30.77,4.29,38.51,1.93
Kansas,20,2022,"Bachelor's degree (BA, AB, BS)",6,Midwest,8143,3359.99,556.88,30.72,4.33,38.52,1.97
Kansas,20,2023,"Bachelor's degree (BA, AB, BS)",6,Midwest,8098,3361.95,565.43,30.8,4.41,38.53,1.98
Kansas,20,2024,"Bachelor's degree (BA, AB, BS)",6,Midwest,8083,3363.63,555.33,30.81,4.41,38.62,2.04
Kansas,20,2016,"Master's degree (MA, MS, MEng, MEd, MSW, MBA)",7,Midwest,3330,3375.92,567.17,31.94,3.75,38.68,1.95
Kansas,20,2017,"Master's degree (MA, MS, MEng, MEd, MSW, MBA)",7,Midwest,3188,3363.03,569.4,32.15,3.73,38.62,2.01
Kansas,20,2018,"Master's degree (MA, MS, MEng, MEd, MSW, MBA)",7,Midwest,3096,3388.35,582.98,32.18,3.78,38.63,2.1
Kansas,20,2019,"Master's degree (MA, MS, MEng, MEd, MSW, MBA)",7,Midwest,3243,3365.65,565.32,32.44,3.85,38.56,2.02
Kansas,20,2020,"Master's degree (MA, MS, MEng, MEd, MSW, MBA)",7,Midwest,3112,3345.51,576.12,32.16,3.92,38.56,2.02
Kansas,20,2021,"Master's degree (MA, MS, MEng, MEd, MSW, MBA)",7,Midwest,3171,3375.28,535.86,32.33,3.88,38.53,1.79
Kansas,20,2022,"Master's degree (MA, MS, MEng, MEd, MSW, MBA)",7,Midwest,3272,3352.49,544.91,32.29,4.01,38.47,1.94
Kansas,20,2023,"Master's degree (MA, MS, MEng, MEd, MSW, MBA)",7,Midwest,3421,3352.63,560.94,32.21,4.09,38.48,2.0
Kansas,20,2024,"Master's degree (MA, MS, MEng, MEd, MSW, MBA)",7,Midwest,3283,3353.61,567.47,32.24,4.12,38.51,2.15
Kansas,20,2016,"Doctorate (PhD, EdD) or Professional Degree (MD, DDS, DVM, LLB, JD)",8,Midwest,920,3340.9,560.87,32.88,3.77,38.61,2.04
Kansas,20,2017,"Doctorate (PhD, EdD) or Professional Degree (MD, DDS, DVM, LLB, JD)",8,Midwest,874,3352.82,544.4,33.12,3.86,38.62,1.83
Kansas,20,2018,"Doctorate (PhD, EdD) or Professional Degree (MD, DDS, DVM, LLB, JD)",8,Midwest,886,3363.23,531.66,32.95,3.84,38.83,1.84
Kansas,20,2019,"Doctorate (PhD, EdD) or Professional Degree (MD, DDS, DVM, LLB, JD)",8,Midwest,907,3337.84,528.31,33.08,3.69,38.59,1.89
Kansas,20,2020,"Doctorate (PhD, EdD) or Professional Degree (MD, DDS, DVM, LLB, JD)",8,Midwest,922,3298.52,572.89,33.13,3.73,38.46,2.22
Kansas,20,2021,"Doctorate (PhD, EdD) or Professional Degree (MD, DDS, DVM, LLB, JD)",8,Midwest,994,3337.0,559.07,32.88,3.57,38.57,2.04
Kansas,20,2022,"Doctorate (PhD, EdD) or Professional Degree (MD, DDS, DVM, LLB, JD)",8,Midwest,978,3327.33,513.23,32.93,3.75,38.49,1.93
Kansas,20,2023,"Doctorate (PhD, EdD) or Professional Degree (MD, DDS, DVM, LLB, JD)",8,Midwest,1051,3321.11,536.08,32.94,3.75,38.52,1.87
Kansas,20,2024,"Doctorate (PhD, EdD) or Professional Degree (MD, DDS, DVM, LLB, JD)",8,Midwest,1043,3326.15,543.94,32.94,4.02,38.52,1.94
Michigan,26,2016,8th grade or less,1,Midwest,2241,3289.88,581.59,29.34,6.77,38.87,2.5
Michigan,26,2017,8th grade or less,1,Midwest,2311,3318.45,538.25,29.65,6.86,38.96,2.21
Michigan,26,2018,8th grade or less,1,Midwest,2244,3274.66,604.81,29.64,6.57,38.62,2.64
Michigan,26,2019,8th grade or less,1,Midwest,2060,3279.63,558.74,29.8,6.74,38.8,2.46
Michigan,26,2020,8th grade or less,1,Midwest,2139,3268.76,593.51,29.83,6.9,38.66,2.48
Michigan,26,2021,8th grade or less,1,Midwest,1946,3257.68,595.16,29.8,6.83,38.59,2.45
Michigan,26,2022,8th grade or less,1,Midwest,2171,3253.41,565.5,29.21,6.82,38.78,2.35
Michigan,26,2023,8th grade or less,1,Midwest,2238,3271.26,569.15,29.71,6.92,38.74,2.41
Michigan,26,2024,8th grade or less,1,Midwest,2316,3260.67,571.45,29.26,6.66,38.68,2.43
Michigan,26,2016,9th through 12th grade with no diploma,2,Midwest,10583,3132.57,624.42,24.13,5.9,38.43,3.0
Michigan,26,2017,9th through 12th grade with no diploma,2,Midwest,10252,3133.82,618.83,24.33,5.91,38.37,2.9
Michigan,26,2018,9th through 12th grade with no diploma,2,Midwest,9624,3131.78,612.72,24.51,5.98,38.39,2.84
Michigan,26,2019,9th through 12th grade with no diploma,2,Midwest,9206,3119.03,613.44,24.61,6.03,38.33,2.9
Michigan,26,2020,9th through 12th grade with no diploma,2,Midwest,8546,3129.45,601.63,24.67,6.0,38.39,2.68
Michigan,26,2021,9th through 12th grade with no diploma,2,Midwest,7956,3110.9,608.26,24.82,6.06,38.35,2.72
Michigan,26,2022,9th through 12th grade with no diploma,2,Midwest,7654,3107.85,599.96,25.03,6.17,38.36,2.66
Michigan,26,2023,9th through 12th grade with no diploma,2,Midwest,7502,3098.77,605.22,25.28,6.26,38.27,2.69
Michigan,26,2024,9th through 12th grade with no diploma,2,Midwest,7440,3096.25,613.82,25.3,6.19,38.27,2.82
Michigan,26,2016,High school graduate or GED completed,3,Midwest,28259,3221.64,612.84,26.11,5.34,38.59,2.73
Michigan,26,2017,High school graduate or GED completed,3,Midwest,28028,3201.05,622.91,26.24,5.36,38.48,2.79
Michigan,26,2018,High school graduate or GED completed,3,Midwest,27793,3211.23,611.88,26.28,5.34,38.52,2.72
Michigan,26,2019,High school graduate or GED completed,3,Midwest,27980,3192.73,621.72,26.41,5.36,38.43,2.75
Michigan,26,2020,High school graduate or GED completed,3,Midwest,27691,3190.9,623.21,26.66,5.39,38.4,2.7
Michigan,26,2021,High school graduate or GED completed,3,Midwest,27780,3179.67,631.21,26.9,5.4,38.31,2.67
Michigan,26,2022,High school graduate or GED completed,3,Midwest,27619,3171.6,618.83,27.14,5.44,38.36,2.61
Michigan,26,2023,High school graduate or GED completed,3,Midwest,26390,3190.98,609.1,27.25,5.45,38.39,2.57
Michigan,26,2024,High school graduate or GED completed,3,Midwest,26900,3184.38,617.89,27.41,5.52,38.35,2.66
Michigan,26,2016,"Some college credit, but not a degree",4,Midwest,26973,3276.41,618.04,27.66,5.11,38.66,2.68
Michigan,26,2017,"Some college credit, but not a degree",4,Midwest,25861,3268.28,617.44,27.9,5.09,38.57,2.71
Michigan,26,2018,"Some college credit, but not a degree",4,Midwest,25100,3267.71,606.45,28.07,5.07,38.62,2.59
Michigan,26,2019,"Some college credit, but not a degree",4,Midwest,23715,3259.08,612.47,28.29,5.09,38.54,2.58
Michigan,26,2020,"Some college credit, but not a degree",4,Midwest,22733,3257.99,611.56,28.57,5.05,38.51,2.52
Michigan,26,2021,"Some college credit, but not a degree",4,Midwest,22583,3249.11,618.14,28.81,5.07,38.44,2.5
Michigan,26,2022,"Some college credit, but not a degree",4,Midwest,21112,3244.89,611.78,28.96,5.12,38.49,2.51
Michigan,26,2023,"Some college credit, but not a degree",4,Midwest,20259,3239.76,616.62,29.18,5.09,38.43,2.54
Michigan,26,2024,"Some college credit, but not a degree",4,Midwest,19794,3252.29,615.84,29.3,5.12,38.46,2.53
Michigan,26,2016,"Associate degree (AA, AS)",5,Midwest,9932,3342.86,596.6,29.84,4.6,38.78,2.4
Michigan,26,2017,"Associate degree (AA, AS)",5,Midwest,9518,3340.64,597.25,29.9,4.6,38.73,2.48
Michigan,26,2018,"Associate degree (AA, AS)",5,Midwest,9423,3339.3,594.8,29.99,4.52,38.68,2.41
Michigan,26,2019,"Associate degree (AA, AS)",5,Midwest,9055,3325.8,590.69,30.15,4.67,38.64,2.43
Michigan,26,2020,"Associate degree (AA, AS)",5,Midwest,8965,3313.5,602.03,30.26,4.63,38.63,2.4
Michigan,26,2021,"Associate degree (AA, AS)",5,Midwest,9299,3318.57,585.38,30.33,4.63,38.54,2.26
Michigan,26,2022,"Associate degree (AA, AS)",5,Midwest,9202,3303.68,590.72,30.41,4.6,38.56,2.34
Michigan,26,2023,"Associate degree (AA, AS)",5,Midwest,8752,3307.65,580.8,30.53,4.62,38.54,2.35
Michigan,26,2024,"Associate degree (AA, AS)",5,Midwest,8621,3299.83,590.29,30.59,4.71,38.55,2.28
Michigan,26,2016,"Bachelor's degree (BA, AB, BS)",6,Midwest,21964,3367.27,578.37,30.96,4.2,38.89,2.3
Michigan,26,2017,"Bachelor's degree (BA, AB, BS)",6,Midwest,22200,3365.43,585.88,30.98,4.23,38.84,2.36
Michigan,26,2018,"Bachelor's degree (BA, AB, BS)",6,Midwest,22410,3370.64,573.89,31.06,4.2,38.86,2.26
Michigan,26,2019,"Bachelor's degree (BA, AB, BS)",6,Midwest,22331,3351.47,578.8,31.14,4.21,38.73,2.25
Michigan,26,2020,"Bachelor's degree (BA, AB, BS)",6,Midwest,21237,3354.38,576.98,31.24,4.19,38.71,2.22
Michigan,26,2021,"Bachelor's degree (BA, AB, BS)",6,Midwest,21980,3350.19,577.83,31.32,4.17,38.62,2.14
Michigan,26,2022,"Bachelor's degree (BA, AB, BS)",6,Midwest,21556,3337.49,577.31,31.39,4.24,38.68,2.17
Michigan,26,2023,"Bachelor's degree (BA, AB, BS)",6,Midwest,21147,3352.48,569.04,31.41,4.21,38.69,2.15
Michigan,26,2024,"Bachelor's degree (BA, AB, BS)",6,Midwest,21266,3354.51,566.93,31.47,4.22,38.7,2.13
Michigan,26,2016,"Master's degree (MA, MS, MEng, MEd, MSW, MBA)",7,Midwest,9533,3359.84,584.66,32.47,3.8,38.87,2.27
Michigan,26,2017,"Master's degree (MA, MS, MEng, MEd, MSW, MBA)",7,Midwest,9433,3350.63,589.12,32.56,3.86,38.8,2.39
Michigan,26,2018,"Master's degree (MA, MS, MEng, MEd, MSW, MBA)",7,Midwest,9542,3357.4,568.7,32.62,3.89,38.84,2.18
Michigan,26,2019,"Master's degree (MA, MS, MEng, MEd, MSW, MBA)",7,Midwest,9665,3351.03,568.21,32.6,3.84,38.76,2.25
Michigan,26,2020,"Master's degree (MA, MS, MEng, MEd, MSW, MBA)",7,Midwest,9212,3331.3,567.07,32.54,3.81,38.69,2.11
Michigan,26,2021,"Master's degree (MA, MS, MEng, MEd, MSW, MBA)",7,Midwest,9545,3336.45,568.93,32.72,3.82,38.6,2.11
Michigan,26,2022,"Master's degree (MA, MS, MEng, MEd, MSW, MBA)",7,Midwest,9408,3335.76,571.12,32.73,3.86,38.68,2.17
Michigan,26,2023,"Master's degree (MA, MS, MEng, MEd, MSW, MBA)",7,Midwest,9147,3330.59,566.68,32.74,3.89,38.66,2.1
Michigan,26,2024,"Master's degree (MA, MS, MEng, MEd, MSW, MBA)",7,Midwest,9557,3335.12,569.92,32.75,3.94,38.69,2.13
Michigan,26,2016,"Doctorate (PhD, EdD) or Professional Degree (MD, DDS, DVM, LLB, JD)",8,Midwest,2705,3312.56,591.98,33.04,3.77,38.78,2.39
Michigan,26,2017,"Doctorate (PhD, EdD) or Professional Degree (MD, DDS, DVM, LLB, JD)",8,Midwest,2681,3317.87,556.51,33.22,3.78,38.85,2.23
Michigan,26,2018,"Doctorate (PhD, EdD) or Professional Degree (MD, DDS, DVM, LLB, JD)",8,Midwest,2836,3345.76,549.82,33.28,3.84,38.83,2.14
Michigan,26,2019,"Doctorate (PhD, EdD) or Professional Degree (MD, DDS, DVM, LLB, JD)",8,Midwest,2786,3303.17,558.66,33.35,3.77,38.7,2.13
Michigan,26,2020,"Doctorate (PhD, EdD) or Professional Degree (MD, DDS, DVM, LLB, JD)",8,Midwest,2759,3323.46,560.31,33.43,3.8,38.72,2.09
Michigan,26,2021,"Doctorate (PhD, EdD) or Professional Degree (MD, DDS, DVM, LLB, JD)",8,Midwest,2986,3304.97,563.02,33.43,3.82,38.57,2.06
Michigan,26,2022,"Doctorate (PhD, EdD) or Professional Degree (MD, DDS, DVM, LLB, JD)",8,Midwest,2913,3314.78,555.76,33.53,3.91,38.68,1.98
Michigan,26,2023,"Doctorate (PhD, EdD) or Professional Degree (MD, DDS, DVM, LLB, JD)",8,Midwest,2908,3301.94,554.41,33.37,3.9,38.6,2.03
Michigan,26,2024,"Doctorate (PhD, EdD) or Professional Degree (MD, DDS, DVM, LLB, JD)",8,Midwest,3069,3289.16,551.48,33.33,3.77,38.61,2.0
Minnesota,27,2016,8th grade or less,1,Midwest,2412,3335.1,555.56,30.67,5.91,39.01,2.63
Minnesota,27,2017,8th grade or less,1,Midwest,2372,3351.61,583.89,30.82,5.93,38.88,2.77
Minnesota,27,2018,8th grade or less,1,Midwest,2353,3339.68,579.7,30.73,6.13,38.85,2.72
Minnesota,27,2019,8th grade or less,1,Midwest,2334,3308.81,577.81,31.17,5.95,38.83,2.6
Minnesota,27,2020,8th grade or less,1,Midwest,2186,3330.32,560.87,31.14,6.09,38.77,2.64
Minnesota,27,2021,8th grade or less,1,Midwest,1995,3334.39,562.05,31.18,6.23,38.82,2.57
Minnesota,27,2022,8th grade or less,1,Midwest,2184,3308.48,579.8,31.17,6.46,38.72,2.65
Minnesota,27,2023,8th grade or less,1,Midwest,2018,3274.96,585.05,30.99,6.49,38.6,2.71
Minnesota,27,2024,8th grade or less,1,Midwest,2227,3236.53,610.69,30.79,6.66,38.49,2.91
Minnesota,27,2016,9th through 12th grade with no diploma,2,Midwest,4831,3240.41,616.29,25.51,6.48,38.67,2.97
Minnesota,27,2017,9th through 12th grade with no diploma,2,Midwest,4816,3229.29,595.47,25.66,6.53,38.66,2.82
Minnesota,27,2018,9th through 12th grade with no diploma,2,Midwest,4390,3230.32,602.88,25.77,6.4,38.59,2.79
Minnesota,27,2019,9th through 12th grade with no diploma,2,Midwest,4505,3208.38,616.87,25.66,6.51,38.52,2.84
Minnesota,27,2020,9th through 12th grade with no diploma,2,Midwest,4171,3238.1,597.49,25.94,6.56,38.61,2.74
Minnesota,27,2021,9th through 12th grade with no diploma,2,Midwest,4025,3208.1,607.12,25.99,6.7,38.44,2.89
Minnesota,27,2022,9th through 12th grade with no diploma,2,Midwest,4005,3214.22,591.94,26.5,6.8,38.5,2.68
Minnesota,27,2023,9th through 12th grade with no diploma,2,Midwest,3976,3187.25,608.41,26.46,6.92,38.47,2.81
Minnesota,27,2024,9th through 12th grade with no diploma,2,Midwest,4043,3188.14,603.25,26.45,6.71,38.49,2.79
Minnesota,27,2016,High school graduate or GED completed,3,Midwest,11557,3291.28,597.7,26.94,5.56,38.8,2.67
Minnesota,27,2017,High school graduate or GED completed,3,Midwest,11513,3288.91,607.76,27.06,5.58,38.72,2.72
Minnesota,27,2018,High school graduate or GED completed,3,Midwest,11329,3288.12,606.51,27.26,5.55,38.73,2.68
Minnesota,27,2019,High school graduate or GED completed,3,Midwest,11152,3284.06,603.57,27.43,5.68,38.66,2.65
Minnesota,27,2020,High school graduate or GED completed,3,Midwest,10793,3276.69,597.86,27.52,5.65,38.66,2.56
Minnesota,27,2021,High school graduate or GED completed,3,Midwest,10620,3263.24,599.06,27.66,5.67,38.6,2.59
Minnesota,27,2022,High school graduate or GED completed,3,Midwest,10914,3248.75,611.54,27.65,5.72,38.57,2.64
Minnesota,27,2023,High school graduate or GED completed,3,Midwest,10775,3233.01,606.36,27.78,5.8,38.53,2.69
Minnesota,27,2024,High school graduate or GED completed,3,Midwest,10966,3240.86,601.28,27.75,5.71,38.54,2.65
Minnesota,27,2016,"Some college credit, but not a degree",4,Midwest,12707,3328.27,612.81,28.11,5.13,38.77,2.63
Minnesota,27,2017,"Some college credit, but not a degree",4,Midwest,12206,3322.7,611.09,28.36,5.16,38.74,2.6
Minnesota,27,2018,"Some college credit, but not a degree",4,Midwest,12272,3313.56,618.65,28.62,5.21,38.73,2.61
Minnesota,27,2019,"Some college credit, but not a degree",4,Midwest,11599,3304.18,613.09,28.83,5.22,38.64,2.68
Minnesota,27,2020,"Some college credit, but not a degree",4,Midwest,11166,3309.19,601.87,28.99,5.25,38.64,2.53
Minnesota,27,2021,"Some college credit, but not a degree",4,Midwest,10696,3296.53,615.43,29.08,5.2,38.57,2.58
Minnesota,27,2022,"Some college credit, but not a degree",4,Midwest,10397,3283.36,606.43,29.28,5.27,38.57,2.58
Minnesota,27,2023,"Some college credit, but not a degree",4,Midwest,9627,3289.3,586.13,29.39,5.26,38.64,2.49
Minnesota,27,2024,"Some college credit, but not a degree",4,Midwest,9292,3287.2,602.24,29.48,5.28,38.54,2.59
Minnesota,27,2016,"Associate degree (AA, AS)",5,Midwest,9096,3386.02,580.01,29.98,4.55,38.84,2.38
Minnesota,27,2017,"Associate degree (AA, AS)",5,Midwest,8869,3375.68,583.37,30.14,4.5,38.77,2.33
Minnesota,27,2018,"Associate degree (AA, AS)",5,Midwest,8500,3376.5,567.14,30.25,4.52,38.78,2.35
Minnesota,27,2019,"Associate degree (AA, AS)",5,Midwest,8012,3370.12,570.69,30.43,4.62,38.76,2.33
Minnesota,27,2020,"Associate degree (AA, AS)",5,Midwest,7476,3357.57,578.34,30.41,4.66,38.69,2.4
Minnesota,27,2021,"Associate degree (AA, AS)",5,Midwest,7625,3339.95,597.81,30.58,4.69,38.59,2.36
Minnesota,27,2022,"Associate degree (AA, AS)",5,Midwest,7404,3330.59,598.38,30.68,4.76,38.6,2.44
Minnesota,27,2023,"Associate degree (AA, AS)",5,Midwest,6910,3336.17,574.72,30.68,4.75,38.63,2.37
Minnesota,27,2024,"Associate degree (AA, AS)",5,Midwest,6686,3319.84,588.21,30.8,4.89,38.61,2.35
Minnesota,27,2016,"Bachelor's degree (BA, AB, BS)",6,Midwest,18737,3416.31,568.62,31.11,4.1,39.01,2.24
Minnesota,27,2017,"Bachelor's degree (BA, AB, BS)",6,Midwest,18524,3409.56,580.36,31.19,4.09,38.92,2.25
Minnesota,27,2018,"Bachelor's degree (BA, AB, BS)",6,Midwest,18724,3401.98,572.16,31.32,4.07,38.9,2.27
Minnesota,27,2019,"Bachelor's degree (BA, AB, BS)",6,Midwest,18386,3398.84,563.83,31.35,4.12,38.9,2.18
Minnesota,27,2020,"Bachelor's degree (BA, AB, BS)",6,Midwest,17904,3397.77,556.67,31.44,4.12,38.87,2.22
Minnesota,27,2021,"Bachelor's degree (BA, AB, BS)",6,Midwest,19036,3382.63,578.75,31.51,4.12,38.74,2.24
Minnesota,27,2022,"Bachelor's degree (BA, AB, BS)",6,Midwest,18742,3372.04,559.93,31.58,4.17,38.78,2.2
Minnesota,27,2023,"Bachelor's degree (BA, AB, BS)",6,Midwest,18382,3374.82,566.82,31.55,4.28,38.77,2.25
Minnesota,27,2024,"Bachelor's degree (BA, AB, BS)",6,Midwest,18467,3378.07,570.01,31.62,4.24,38.8,2.21
Minnesota,27,2016,"Master's degree (MA, MS, MEng, MEd, MSW, MBA)",7,Midwest,7207,3397.62,569.05,32.64,3.69,38.94,2.23
Minnesota,27,2017,"Master's degree (MA, MS, MEng, MEd, MSW, MBA)",7,Midwest,7192,3396.63,567.66,32.7,3.69,38.92,2.23
Minnesota,27,2018,"Master's degree (MA, MS, MEng, MEd, MSW, MBA)",7,Midwest,7144,3391.12,568.98,32.72,3.71,38.86,2.24
Minnesota,27,2019,"Master's degree (MA, MS, MEng, MEd, MSW, MBA)",7,Midwest,7382,3394.31,559.37,32.85,3.76,38.89,2.08
Minnesota,27,2020,"Master's degree (MA, MS, MEng, MEd, MSW, MBA)",7,Midwest,7040,3387.66,563.91,32.84,3.79,38.81,2.13
Minnesota,27,2021,"Master's degree (MA, MS, MEng, MEd, MSW, MBA)",7,Midwest,7634,3371.76,570.05,32.9,3.79,38.72,2.21
Minnesota,27,2022,"Master's degree (MA, MS, MEng, MEd, MSW, MBA)",7,Midwest,7429,3380.44,555.15,32.97,3.81,38.73,2.1
Minnesota,27,2023,"Master's degree (MA, MS, MEng, MEd, MSW, MBA)",7,Midwest,7163,3362.99,567.16,32.93,3.88,38.71,2.26
Minnesota,27,2024,"Master's degree (MA, MS, MEng, MEd, MSW, MBA)",7,Midwest,7416,3362.3,565.74,32.99,3.95,38.66,2.27
Minnesota,27,2016,"Doctorate (PhD, EdD) or Professional Degree (MD, DDS, DVM, LLB, JD)",8,Midwest,2218,3378.3,560.58,33.21,3.66,38.95,2.13
Minnesota,27,2017,"Doctorate (PhD, EdD) or Professional Degree (MD, DDS, DVM, LLB, JD)",8,Midwest,2332,3377.01,587.73,33.39,3.59,38.91,2.29
Minnesota,27,2018,"Doctorate (PhD, EdD) or Professional Degree (MD, DDS, DVM, LLB, JD)",8,Midwest,2243,3367.56,563.69,33.55,3.82,38.83,2.25
Minnesota,27,2019,"Doctorate (PhD, EdD) or Professional Degree (MD, DDS, DVM, LLB, JD)",8,Midwest,2336,3361.48,568.93,33.47,3.61,38.76,2.2
Minnesota,27,2020,"Doctorate (PhD, EdD) or Professional Degree (MD, DDS, DVM, LLB, JD)",8,Midwest,2403,3345.5,539.13,33.59,3.61,38.82,2.12
Minnesota,27,2021,"Doctorate (PhD, EdD) or Professional Degree (MD, DDS, DVM, LLB, JD)",8,Midwest,2464,3348.46,563.58,33.59,3.73,38.69,2.27
Minnesota,27,2022,"Doctorate (PhD, EdD) or Professional Degree (MD, DDS, DVM, LLB, JD)",8,Midwest,2535,3341.08,546.53,33.89,3.79,38.58,2.22
Minnesota,27,2023,"Doctorate (PhD, EdD) or Professional Degree (MD, DDS, DVM, LLB, JD)",8,Midwest,2448,3339.47,548.11,33.58,3.79,38.68,2.11
Minnesota,27,2024,"Doctorate (PhD, EdD) or Professional Degree (MD, DDS, DVM, LLB, JD)",8,Midwest,2589,3340.22,543.03,33.75,3.82,38.63,2.2
Missouri,29,2016,8th grade or less,1,Midwest,2078,3314.54,592.09,28.68,6.54,38.75,2.46
Missouri,29,2017,8th grade or less,1,Midwest,1961,3330.97,566.11,28.58,6.47,38.85,2.29
Missouri,29,2018,8th grade or less,1,Midwest,2011,3315.04,575.64,28.84,6.6,38.75,2.4
Missouri,29,2019,8th grade or less,1,Midwest,1986,3326.7,592.19,28.62,6.6,38.67,2.48
Missouri,29,2020,8th grade or less,1,Midwest,1947,3315.45,574.29,28.7,6.55,38.71,2.45
Missouri,29,2021,8th grade or less,1,Midwest,1971,3314.73,597.58,28.72,6.77,38.69,2.51
Missouri,29,2022,8th grade or less,1,Midwest,2170,3297.47,605.52,28.42,6.75,38.75,2.57
Missouri,29,2023,8th grade or less,1,Midwest,2229,3326.92,569.85,28.64,6.8,38.73,2.48
Missouri,29,2024,8th grade or less,1,Midwest,2349,3275.06,594.21,28.01,6.61,38.56,2.62
Missouri,29,2016,9th through 12th grade with no diploma,2,Midwest,7292,3130.84,604.21,23.96,5.84,38.39,2.81
Missouri,29,2017,9th through 12th grade with no diploma,2,Midwest,6802,3118.64,609.92,24.16,5.91,38.31,2.83
Missouri,29,2018,9th through 12th grade with no diploma,2,Midwest,6716,3121.73,601.15,24.29,6.08,38.25,2.8
Missouri,29,2019,9th through 12th grade with no diploma,2,Midwest,6431,3120.28,608.66,24.28,6.0,38.26,2.77
Missouri,29,2020,9th through 12th grade with no diploma,2,Midwest,6092,3124.41,587.72,24.23,6.04,38.26,2.75
Missouri,29,2021,9th through 12th grade with no diploma,2,Midwest,5623,3113.88,585.72,24.43,6.21,38.22,2.7
Missouri,29,2022,9th through 12th grade with no diploma,2,Midwest,5512,3103.88,599.65,24.35,6.27,38.26,2.88
Missouri,29,2023,9th through 12th grade with no diploma,2,Midwest,5481,3119.26,587.62,24.53,6.33,38.24,2.72
Missouri,29,2024,9th through 12th grade with no diploma,2,Midwest,5442,3117.42,595.73,24.46,6.28,38.29,2.77
Missouri,29,2016,High school graduate or GED completed,3,Midwest,17983,3206.58,613.84,25.41,5.23,38.46,2.69
Missouri,29,2017,High school graduate or GED completed,3,Midwest,18136,3201.63,615.34,25.52,5.24,38.44,2.69
Missouri,29,2018,High school graduate or GED completed,3,Midwest,18489,3186.23,607.32,25.61,5.26,38.4,2.65
Missouri,29,2019,High school graduate or GED completed,3,Midwest,18247,3193.9,604.05,25.75,5.25,38.39,2.6
Missouri,29,2020,High school graduate or GED completed,3,Midwest,18065,3182.21,603.49,25.96,5.27,38.31,2.61
Missouri,29,2021,High school graduate or GED completed,3,Midwest,17951,3183.59,604.53,26.06,5.29,38.31,2.61
Missouri,29,2022,High school graduate or GED completed,3,Midwest,17876,3163.56,611.82,26.14,5.33,38.28,2.68
Missouri,29,2023,High school graduate or GED completed,3,Midwest,17458,3167.33,602.08,26.17,5.34,38.33,2.63
Missouri,29,2024,High school graduate or GED completed,3,Midwest,18175,3177.48,593.67,26.32,5.37,38.36,2.57
Missouri,29,2016,"Some college credit, but not a degree",4,Midwest,17427,3265.94,611.65,27.17,5.1,38.55,2.55
Missouri,29,2017,"Some college credit, but not a degree",4,Midwest,16709,3261.89,607.04,27.26,5.09,38.48,2.53
Missouri,29,2018,"Some college credit, but not a degree",4,Midwest,16607,3263.12,602.3,27.47,5.12,38.46,2.48
Missouri,29,2019,"Some college credit, but not a degree",4,Midwest,16022,3240.48,606.72,27.62,5.11,38.37,2.58
Missouri,29,2020,"Some college credit, but not a degree",4,Midwest,14834,3237.04,601.83,27.76,5.12,38.39,2.5
Missouri,29,2021,"Some college credit, but not a degree",4,Midwest,14292,3239.68,605.91,28.04,5.12,38.35,2.46
Missouri,29,2022,"Some college credit, but not a degree",4,Midwest,13790,3228.28,606.28,28.2,5.17,38.36,2.56
Missouri,29,2023,"Some college credit, but not a degree",4,Midwest,12952,3232.32,609.97,28.38,5.2,38.35,2.53
Missouri,29,2024,"Some college credit, but not a degree",4,Midwest,12518,3230.77,596.57,28.57,5.21,38.38,2.48
Missouri,29,2016,"Associate degree (AA, AS)",5,Midwest,6611,3318.98,602.52,29.02,4.65,38.56,2.44
Missouri,29,2017,"Associate degree (AA, AS)",5,Midwest,6489,3317.62,588.12,29.32,4.69,38.52,2.33
Missouri,29,2018,"Associate degree (AA, AS)",5,Midwest,6494,3308.16,598.94,29.33,4.66,38.49,2.34
Missouri,29,2019,"Associate degree (AA, AS)",5,Midwest,6429,3295.95,602.96,29.48,4.71,38.43,2.37
Missouri,29,2020,"Associate degree (AA, AS)",5,Midwest,6071,3276.76,596.72,29.46,4.79,38.39,2.33
Missouri,29,2021,"Associate degree (AA, AS)",5,Midwest,6090,3290.43,595.66,29.52,4.79,38.4,2.36
Missouri,29,2022,"Associate degree (AA, AS)",5,Midwest,5987,3290.72,584.76,29.63,4.82,38.44,2.3
Missouri,29,2023,"Associate degree (AA, AS)",5,Midwest,5792,3280.84,598.34,29.57,4.93,38.39,2.37
Missouri,29,2024,"Associate degree (AA, AS)",5,Midwest,5766,3271.57,591.55,29.76,4.88,38.36,2.43
Missouri,29,2016,"Bachelor's degree (BA, AB, BS)",6,Midwest,14391,3377.61,573.58,30.63,4.25,38.74,2.2
Missouri,29,2017,"Bachelor's degree (BA, AB, BS)",6,Midwest,14179,3357.63,578.52,30.69,4.19,38.7,2.15
Missouri,29,2018,"Bachelor's degree (BA, AB, BS)",6,Midwest,14256,3359.23,575.69,30.8,4.29,38.66,2.15
Missouri,29,2019,"Bachelor's degree (BA, AB, BS)",6,Midwest,14236,3343.02,565.74,30.76,4.26,38.59,2.16
Missouri,29,2020,"Bachelor's degree (BA, AB, BS)",6,Midwest,13714,3350.05,563.44,30.83,4.29,38.64,2.11
Missouri,29,2021,"Bachelor's degree (BA, AB, BS)",6,Midwest,14331,3345.21,572.37,30.79,4.33,38.56,2.17
Missouri,29,2022,"Bachelor's degree (BA, AB, BS)",6,Midwest,14490,3334.47,565.94,30.78,4.36,38.56,2.15
Missouri,29,2023,"Bachelor's degree (BA, AB, BS)",6,Midwest,14179,3351.08,559.93,30.83,4.41,38.6,2.09
Missouri,29,2024,"Bachelor's degree (BA, AB, BS)",6,Midwest,14601,3336.83,565.51,30.8,4.4,38.6,2.15
Missouri,29,2016,"Master's degree (MA, MS, MEng, MEd, MSW, MBA)",7,Midwest,6887,3379.73,581.54,32.15,3.76,38.77,2.17
Missouri,29,2017,"Master's degree (MA, MS, MEng, MEd, MSW, MBA)",7,Midwest,6795,3360.44,588.9,32.28,3.85,38.63,2.27
Missouri,29,2018,"Master's degree (MA, MS, MEng, MEd, MSW, MBA)",7,Midwest,6733,3368.51,566.76,32.18,3.75,38.63,2.08
Missouri,29,2019,"Master's degree (MA, MS, MEng, MEd, MSW, MBA)",7,Midwest,6708,3358.42,555.05,32.31,3.81,38.6,2.05
Missouri,29,2020,"Master's degree (MA, MS, MEng, MEd, MSW, MBA)",7,Midwest,6544,3355.97,558.75,32.3,3.88,38.58,2.1
Missouri,29,2021,"Master's degree (MA, MS, MEng, MEd, MSW, MBA)",7,Midwest,6996,3346.02,552.22,32.36,3.92,38.55,2.04
Missouri,29,2022,"Master's degree (MA, MS, MEng, MEd, MSW, MBA)",7,Midwest,7005,3333.33,556.74,32.37,3.95,38.56,2.06
Missouri,29,2023,"Master's degree (MA, MS, MEng, MEd, MSW, MBA)",7,Midwest,6763,3331.54,550.2,32.35,4.01,38.53,2.11
Missouri,29,2024,"Master's degree (MA, MS, MEng, MEd, MSW, MBA)",7,Midwest,6849,3328.79,567.62,32.33,4.01,38.49,2.18
Missouri,29,2016,"Doctorate (PhD, EdD) or Professional Degree (MD, DDS, DVM, LLB, JD)",8,Midwest,1783,3317.47,568.37,33.05,3.76,38.63,2.13
Missouri,29,2017,"Doctorate (PhD, EdD) or Professional Degree (MD, DDS, DVM, LLB, JD)",8,Midwest,1701,3349.72,577.79,33.07,3.71,38.56,2.25
Missouri,29,2018,"Doctorate (PhD, EdD) or Professional Degree (MD, DDS, DVM, LLB, JD)",8,Midwest,1722,3348.89,550.89,33.21,3.79,38.62,2.0
Missouri,29,2019,"Doctorate (PhD, EdD) or Professional Degree (MD, DDS, DVM, LLB, JD)",8,Midwest,1837,3317.38,544.7,33.12,3.65,38.55,2.19
Missouri,29,2020,"Doctorate (PhD, EdD) or Professional Degree (MD, DDS, DVM, LLB, JD)",8,Midwest,1767,3325.03,540.06,33.14,3.75,38.55,1.94
Missouri,29,2021,"Doctorate (PhD, EdD) or Professional Degree (MD, DDS, DVM, LLB, JD)",8,Midwest,1935,3308.71,552.8,33.24,3.64,38.51,2.13
Missouri,29,2022,"Doctorate (PhD, EdD) or Professional Degree (MD, DDS, DVM, LLB, JD)",8,Midwest,1918,3294.23,549.42,33.1,3.81,38.45,1.99
Missouri,29,2023,"Doctorate (PhD, EdD) or Professional Degree (MD, DDS, DVM, LLB, JD)",8,Midwest,1957,3317.39,527.84,33.26,3.84,38.5,1.92
Missouri,29,2024,"Doctorate (PhD, EdD) or Professional Degree (MD, DDS, DVM, LLB, JD)",8,Midwest,2035,3311.3,538.44,33.15,3.77,38.55,1.99
Nebraska,31,2016,8th grade or less,1,Midwest,1139,3263.31,561.78,29.72,6.22,38.54,2.69
Nebraska,31,2017,8th grade or less,1,Midwest,1156,3250.11,576.64,29.97,6.14,38.55,2.78
Nebraska,31,2018,8th grade or less,1,Midwest,1038,3211.3,585.15,29.92,6.28,38.24,2.94
Nebraska,31,2019,8th grade or less,1,Midwest,1131,3258.07,595.97,29.87,6.52,38.36,2.9
Nebraska,31,2020,8th grade or less,1,Midwest,1098,3218.44,559.18,29.77,6.48,38.34,2.71
Nebraska,31,2021,8th grade or less,1,Midwest,1050,3239.2,550.21,30.31,6.38,38.22,2.69
Nebraska,31,2022,8th grade or less,1,Midwest,1072,3248.61,527.3,29.78,6.58,38.41,2.38
Nebraska,31,2023,8th grade or less,1,Midwest,1119,3230.07,528.65,29.33,6.72,38.16,2.65
Nebraska,31,2024,8th grade or less,1,Midwest,1243,3197.98,537.73,29.66,6.64,38.21,2.62
Nebraska,31,2016,9th through 12th grade with no diploma,2,Midwest,2048,3202.86,595.08,24.85,6.27,38.46,2.72
Nebraska,31,2017,9th through 12th grade with no diploma,2,Midwest,2060,3166.94,605.28,25.41,6.5,38.42,2.8
Nebraska,31,2018,9th through 12th grade with no diploma,2,Midwest,1965,3206.85,587.17,25.46,6.41,38.32,2.75
Nebraska,31,2019,9th through 12th grade with no diploma,2,Midwest,1739,3176.52,592.78,25.09,6.48,38.29,2.66
Nebraska,31,2020,9th through 12th grade with no diploma,2,Midwest,1734,3186.58,587.64,25.57,6.78,38.25,2.65
Nebraska,31,2021,9th through 12th grade with no diploma,2,Midwest,1661,3159.7,599.79,25.03,6.55,38.2,2.79
Nebraska,31,2022,9th through 12th grade with no diploma,2,Midwest,1724,3176.14,568.46,25.65,6.87,38.24,2.58
Nebraska,31,2023,9th through 12th grade with no diploma,2,Midwest,1694,3158.78,583.26,25.62,6.66,38.27,2.64
Nebraska,31,2024,9th through 12th grade with no diploma,2,Midwest,1808,3144.54,561.7,25.18,6.68,38.2,2.73
Nebraska,31,2016,High school graduate or GED completed,3,Midwest,4942,3245.85,584.2,25.98,5.51,38.55,2.57
Nebraska,31,2017,High school graduate or GED completed,3,Midwest,4942,3246.71,573.01,25.98,5.42,38.58,2.5
Nebraska,31,2018,High school graduate or GED completed,3,Midwest,4890,3231.52,597.11,26.18,5.41,38.45,2.65
Nebraska,31,2019,High school graduate or GED completed,3,Midwest,4873,3242.93,580.16,26.27,5.46,38.48,2.49
Nebraska,31,2020,High school graduate or GED completed,3,Midwest,4807,3235.77,602.89,26.33,5.49,38.39,2.63
Nebraska,31,2021,High school graduate or GED completed,3,Midwest,4842,3224.13,587.19,26.5,5.48,38.35,2.51
Nebraska,31,2022,High school graduate or GED completed,3,Midwest,4888,3216.31,598.96,26.46,5.53,38.31,2.57
Nebraska,31,2023,High school graduate or GED completed,3,Midwest,4929,3208.68,578.09,26.64,5.49,38.28,2.54
Nebraska,31,2024,High school graduate or GED completed,3,Midwest,5124,3183.81,588.67,26.79,5.54,38.28,2.55
Nebraska,31,2016,"Some college credit, but not a degree",4,Midwest,5913,3319.39,577.62,27.37,5.2,38.6,2.43
Nebraska,31,2017,"Some college credit, but not a degree",4,Midwest,5661,3302.17,581.54,27.29,5.16,38.65,2.43
Nebraska,31,2018,"Some college credit, but not a degree",4,Midwest,5294,3301.61,578.7,27.47,5.11,38.59,2.44
Nebraska,31,2019,"Some college credit, but not a degree",4,Midwest,5167,3287.38,583.52,27.66,5.15,38.5,2.32
Nebraska,31,2020,"Some college credit, but not a degree",4,Midwest,4852,3285.77,575.21,27.82,5.15,38.45,2.28
Nebraska,31,2021,"Some college credit, but not a degree",4,Midwest,4879,3271.85,595.67,27.94,5.12,38.34,2.48
Nebraska,31,2022,"Some college credit, but not a degree",4,Midwest,4633,3260.62,598.34,28.08,5.15,38.32,2.5
Nebraska,31,2023,"Some college credit, but not a degree",4,Midwest,4458,3238.14,601.29,28.38,5.22,38.3,2.5
Nebraska,31,2024,"Some college credit, but not a degree",4,Midwest,4442,3257.06,580.92,28.35,5.26,38.39,2.43
Nebraska,31,2016,"Associate degree (AA, AS)",5,Midwest,2752,3353.83,579.6,29.62,4.54,38.61,2.29
Nebraska,31,2017,"Associate degree (AA, AS)",5,Midwest,2674,3359.72,584.71,29.73,4.61,38.62,2.3
Nebraska,31,2018,"Associate degree (AA, AS)",5,Midwest,2674,3321.96,593.64,29.8,4.49,38.5,2.32
Nebraska,31,2019,"Associate degree (AA, AS)",5,Midwest,2468,3298.32,595.29,29.84,4.76,38.36,2.36
Nebraska,31,2020,"Associate degree (AA, AS)",5,Midwest,2406,3317.67,588.34,30.07,4.59,38.42,2.47
Nebraska,31,2021,"Associate degree (AA, AS)",5,Midwest,2436,3326.73,576.51,29.97,4.71,38.51,2.24
Nebraska,31,2022,"Associate degree (AA, AS)",5,Midwest,2327,3293.35,589.72,30.06,4.58,38.32,2.35
Nebraska,31,2023,"Associate degree (AA, AS)",5,Midwest,2275,3295.88,547.25,30.02,4.75,38.37,2.29
Nebraska,31,2024,"Associate degree (AA, AS)",5,Midwest,2266,3264.82,573.03,30.01,4.84,38.35,2.27
Nebraska,31,2016,"Bachelor's degree (BA, AB, BS)",6,Midwest,6504,3380.71,581.06,30.54,4.13,38.75,2.19
Nebraska,31,2017,"Bachelor's degree (BA, AB, BS)",6,Midwest,6143,3390.19,564.91,30.5,4.06,38.73,2.1
Nebraska,31,2018,"Bachelor's degree (BA, AB, BS)",6,Midwest,6317,3381.33,566.06,30.66,4.22,38.66,2.11
Nebraska,31,2019,"Bachelor's degree (BA, AB, BS)",6,Midwest,6106,3364.49,557.67,30.7,4.23,38.6,2.08
Nebraska,31,2020,"Bachelor's degree (BA, AB, BS)",6,Midwest,6120,3374.19,553.67,30.65,4.23,38.57,2.01
Nebraska,31,2021,"Bachelor's degree (BA, AB, BS)",6,Midwest,6296,3368.75,558.94,30.7,4.28,38.53,2.09
Nebraska,31,2022,"Bachelor's degree (BA, AB, BS)",6,Midwest,6152,3338.23,560.63,30.7,4.31,38.5,2.14
Nebraska,31,2023,"Bachelor's degree (BA, AB, BS)",6,Midwest,6074,3332.27,570.3,30.75,4.34,38.54,2.11
Nebraska,31,2024,"Bachelor's degree (BA, AB, BS)",6,Midwest,6277,3342.98,558.72,30.73,4.34,38.56,2.09
Nebraska,31,2016,"Master's degree (MA, MS, MEng, MEd, MSW, MBA)",7,Midwest,2487,3396.8,573.61,31.9,3.65,38.7,2.15
Nebraska,31,2017,"Master's degree (MA, MS, MEng, MEd, MSW, MBA)",7,Midwest,2424,3366.92,579.71,31.95,3.73,38.57,2.24
Nebraska,31,2018,"Master's degree (MA, MS, MEng, MEd, MSW, MBA)",7,Midwest,2481,3406.74,544.36,32.03,3.75,38.65,1.99
Nebraska,31,2019,"Master's degree (MA, MS, MEng, MEd, MSW, MBA)",7,Midwest,2459,3356.51,548.91,32.16,3.87,38.54,2.11
Nebraska,31,2020,"Master's degree (MA, MS, MEng, MEd, MSW, MBA)",7,Midwest,2437,3360.1,541.68,32.15,3.81,38.59,1.91
Nebraska,31,2021,"Master's degree (MA, MS, MEng, MEd, MSW, MBA)",7,Midwest,2595,3377.1,575.89,31.93,3.78,38.48,2.09
Nebraska,31,2022,"Master's degree (MA, MS, MEng, MEd, MSW, MBA)",7,Midwest,2637,3341.95,566.92,32.2,4.01,38.43,2.15
Nebraska,31,2023,"Master's degree (MA, MS, MEng, MEd, MSW, MBA)",7,Midwest,2615,3336.5,541.84,32.08,3.91,38.44,1.97
Nebraska,31,2024,"Master's degree (MA, MS, MEng, MEd, MSW, MBA)",7,Midwest,2637,3326.47,590.88,32.18,3.99,38.35,2.31
Nebraska,31,2016,"Doctorate (PhD, EdD) or Professional Degree (MD, DDS, DVM, LLB, JD)",8,Midwest,789,3318.55,576.89,32.77,3.65,38.56,2.35
Nebraska,31,2017,"Doctorate (PhD, EdD) or Professional Degree (MD, DDS, DVM, LLB, JD)",8,Midwest,749,3337.37,551.03,32.48,3.6,38.69,1.92
Nebraska,31,2018,"Doctorate (PhD, EdD) or Professional Degree (MD, DDS, DVM, LLB, JD)",8,Midwest,799,3366.0,560.68,33.06,3.73,38.5,2.08
Nebraska,31,2019,"Doctorate (PhD, EdD) or Professional Degree (MD, DDS, DVM, LLB, JD)",8,Midwest,779,3345.91,575.04,32.83,3.71,38.55,2.24
Nebraska,31,2020,"Doctorate (PhD, EdD) or Professional Degree (MD, DDS, DVM, LLB, JD)",8,Midwest,805,3363.45,599.54,32.94,3.78,38.44,2.3
Nebraska,31,2021,"Doctorate (PhD, EdD) or Professional Degree (MD, DDS, DVM, LLB, JD)",8,Midwest,818,3317.7,554.43,32.91,3.68,38.49,1.98
Nebraska,31,2022,"Doctorate (PhD, EdD) or Professional Degree (MD, DDS, DVM, LLB, JD)",8,Midwest,873,3327.83,567.63,33.16,3.81,38.44,1.93
Nebraska,31,2023,"Doctorate (PhD, EdD) or Professional Degree (MD, DDS, DVM, LLB, JD)",8,Midwest,897,3264.38,571.18,32.9,3.95,38.27,2.33
Nebraska,31,2024,"Doctorate (PhD, EdD) or Professional Degree (MD, DDS, DVM, LLB, JD)",8,Midwest,934,3334.29,531.21,32.9,3.84,38.45,1.89
North Dakota,38,2016,8th grade or less,1,Midwest,170,3287.89,633.31,28.4,6.57,38.81,2.23
North Dakota,38,2017,8th grade or less,1,Midwest,140,3230.42,611.77,28.56,6.19,38.86,2.51
North Dakota,38,2018,8th grade or less,1,Midwest,113,3266.67,546.52,28.91,6.66,38.81,2.1
North Dakota,38,2019,8th grade or less,1,Midwest,119,3316.37,547.78,29.23,6.44,38.55,2.87
North Dakota,38,2020,8th grade or less,1,Midwest,108,3356.15,521.2,29.68,7.54,39.07,2.21
North Dakota,38,2021,8th grade or less,1,Midwest,93,3192.41,608.12,30.14,6.84,38.2,2.63
North Dakota,38,2022,8th grade or less,1,Midwest,77,3253.43,632.14,29.12,6.81,38.61,2.92
North Dakota,38,2023,8th grade or less,1,Midwest,88,3359.19,538.82,28.5,7.17,39.18,2.39
North Dakota,38,2024,8th grade or less,1,Midwest,113,3315.33,525.85,28.47,6.81,38.67,2.43
North Dakota,38,2016,9th through 12th grade with no diploma,2,Midwest,828,3244.57,588.91,23.55,5.21,38.59,2.8
North Dakota,38,2017,9th through 12th grade with no diploma,2,Midwest,791,3247.81,632.79,24.0,5.51,38.53,2.7
North Dakota,38,2018,9th through 12th grade with no diploma,2,Midwest,783,3261.2,608.04,24.01,5.49,38.38,2.67
North Dakota,38,2019,9th through 12th grade with no diploma,2,Midwest,757,3252.05,592.21,24.7,5.61,38.44,2.75
North Dakota,38,2020,9th through 12th grade with no diploma,2,Midwest,692,3234.25,600.05,24.76,5.8,38.23,2.99
North Dakota,38,2021,9th through 12th grade with no diploma,2,Midwest,673,3242.27,578.72,24.72,5.97,38.34,2.49
North Dakota,38,2022,9th through 12th grade with no diploma,2,Midwest,593,3210.85,589.68,25.1,6.25,38.46,2.69
North Dakota,38,2023,9th through 12th grade with no diploma,2,Midwest,638,3244.33,551.37,24.49,6.03,38.5,2.29
North Dakota,38,2024,9th through 12th grade with no diploma,2,Midwest,647,3206.19,597.45,25.05,6.42,38.23,2.65
North Dakota,38,2016,High school graduate or GED completed,3,Midwest,2214,3297.14,595.98,25.94,5.24,38.67,2.61
North Dakota,38,2017,High school graduate or GED completed,3,Midwest,2099,3306.15,596.43,26.32,5.07,38.69,2.52
North Dakota,38,2018,High school graduate or GED completed,3,Midwest,2160,3285.86,605.74,26.29,5.25,38.55,2.64
North Dakota,38,2019,High school graduate or GED completed,3,Midwest,2168,3300.24,573.79,26.49,5.3,38.69,2.33
North Dakota,38,2020,High school graduate or GED completed,3,Midwest,2144,3273.45,574.49,26.58,5.28,38.55,2.46
North Dakota,38,2021,High school graduate or GED completed,3,Midwest,2070,3273.32,577.73,26.67,5.27,38.55,2.54
North Dakota,38,2022,High school graduate or GED completed,3,Midwest,1970,3281.3,586.17,26.69,5.28,38.56,2.45
North Dakota,38,2023,High school graduate or GED completed,3,Midwest,1974,3255.43,594.36,26.92,5.25,38.5,2.55
North Dakota,38,2024,High school graduate or GED completed,3,Midwest,2130,3277.47,570.87,26.88,5.37,38.56,2.33
North Dakota,38,2016,"Some college credit, but not a degree",4,Midwest,2425,3364.26,598.96,27.52,5.03,38.69,2.61
North Dakota,38,2017,"Some college credit, but not a degree",4,Midwest,2247,3340.32,592.55,27.55,4.94,38.7,2.54
North Dakota,38,2018,"Some college credit, but not a degree",4,Midwest,2118,3344.02,576.17,27.83,5.01,38.72,2.34
North Dakota,38,2019,"Some college credit, but not a degree",4,Midwest,2144,3294.57,605.61,27.99,5.09,38.49,2.5
North Dakota,38,2020,"Some college credit, but not a degree",4,Midwest,2018,3309.28,589.14,28.22,5.12,38.53,2.48
North Dakota,38,2021,"Some college credit, but not a degree",4,Midwest,1914,3317.02,580.43,28.26,5.08,38.55,2.35
North Dakota,38,2022,"Some college credit, but not a degree",4,Midwest,1833,3285.8,590.08,28.37,5.24,38.46,2.34
North Dakota,38,2023,"Some college credit, but not a degree",4,Midwest,1786,3298.84,592.31,28.39,5.18,38.48,2.57
North Dakota,38,2024,"Some college credit, but not a degree",4,Midwest,1666,3307.7,586.19,28.38,5.31,38.55,2.51
North Dakota,38,2016,"Associate degree (AA, AS)",5,Midwest,1539,3373.74,590.35,29.33,4.55,38.71,2.3
North Dakota,38,2017,"Associate degree (AA, AS)",5,Midwest,1421,3384.83,579.07,29.53,4.39,38.82,2.28
North Dakota,38,2018,"Associate degree (AA, AS)",5,Midwest,1413,3405.85,554.89,29.32,4.3,38.79,2.2
North Dakota,38,2019,"Associate degree (AA, AS)",5,Midwest,1303,3344.66,586.94,29.68,4.58,38.52,2.4
North Dakota,38,2020,"Associate degree (AA, AS)",5,Midwest,1307,3338.74,583.15,29.85,4.47,38.52,2.33
North Dakota,38,2021,"Associate degree (AA, AS)",5,Midwest,1329,3349.85,545.98,29.86,4.55,38.62,2.04
North Dakota,38,2022,"Associate degree (AA, AS)",5,Midwest,1189,3342.37,553.68,29.97,4.72,38.54,2.0
North Dakota,38,2023,"Associate degree (AA, AS)",5,Midwest,1122,3342.92,573.03,29.99,4.6,38.78,2.16
North Dakota,38,2024,"Associate degree (AA, AS)",5,Midwest,1173,3326.92,573.01,30.12,4.7,38.53,2.23
North Dakota,38,2016,"Bachelor's degree (BA, AB, BS)",6,Midwest,2984,3406.82,577.97,30.22,4.15,38.87,2.17
North Dakota,38,2017,"Bachelor's degree (BA, AB, BS)",6,Midwest,2810,3396.67,565.74,30.26,4.08,38.86,2.24
North Dakota,38,2018,"Bachelor's degree (BA, AB, BS)",6,Midwest,2793,3390.95,550.19,30.33,4.1,38.77,2.1
North Dakota,38,2019,"Bachelor's degree (BA, AB, BS)",6,Midwest,2676,3378.93,558.32,30.45,4.15,38.7,2.2
North Dakota,38,2020,"Bachelor's degree (BA, AB, BS)",6,Midwest,2569,3364.75,573.53,30.55,4.13,38.64,2.31
North Dakota,38,2021,"Bachelor's degree (BA, AB, BS)",6,Midwest,2689,3364.38,552.36,30.51,4.23,38.69,2.11
North Dakota,38,2022,"Bachelor's degree (BA, AB, BS)",6,Midwest,2625,3357.32,557.02,30.67,4.22,38.69,2.19
North Dakota,38,2023,"Bachelor's degree (BA, AB, BS)",6,Midwest,2603,3363.75,554.47,30.49,4.27,38.66,2.12
North Dakota,38,2024,"Bachelor's degree (BA, AB, BS)",6,Midwest,2510,3354.8,557.59,30.52,4.33,38.73,2.13
North Dakota,38,2016,"Master's degree (MA, MS, MEng, MEd, MSW, MBA)",7,Midwest,783,3382.27,578.95,31.48,3.8,38.82,2.29
North Dakota,38,2017,"Master's degree (MA, MS, MEng, MEd, MSW, MBA)",7,Midwest,783,3348.49,554.02,31.81,3.92,38.82,2.17
North Dakota,38,2018,"Master's degree (MA, MS, MEng, MEd, MSW, MBA)",7,Midwest,776,3362.24,574.77,31.69,3.84,38.65,2.05
North Dakota,38,2019,"Master's degree (MA, MS, MEng, MEd, MSW, MBA)",7,Midwest,855,3376.12,616.02,31.81,3.76,38.64,2.35
North Dakota,38,2020,"Master's degree (MA, MS, MEng, MEd, MSW, MBA)",7,Midwest,799,3386.78,541.38,31.77,3.81,38.69,2.0
North Dakota,38,2021,"Master's degree (MA, MS, MEng, MEd, MSW, MBA)",7,Midwest,857,3428.81,542.5,31.68,3.66,38.8,2.02
North Dakota,38,2022,"Master's degree (MA, MS, MEng, MEd, MSW, MBA)",7,Midwest,860,3403.09,560.4,31.85,3.9,38.7,1.98
North Dakota,38,2023,"Master's degree (MA, MS, MEng, MEd, MSW, MBA)",7,Midwest,895,3356.1,585.55,31.73,3.89,38.58,2.3
North Dakota,38,2024,"Master's degree (MA, MS, MEng, MEd, MSW, MBA)",7,Midwest,881,3369.05,551.66,31.89,4.0,38.64,2.13
North Dakota,38,2016,"Doctorate (PhD, EdD) or Professional Degree (MD, DDS, DVM, LLB, JD)",8,Midwest,288,3353.81,592.31,32.27,3.71,38.68,2.43
North Dakota,38,2017,"Doctorate (PhD, EdD) or Professional Degree (MD, DDS, DVM, LLB, JD)",8,Midwest,303,3381.7,544.04,32.48,3.98,38.79,2.16
North Dakota,38,2018,"Doctorate (PhD, EdD) or Professional Degree (MD, DDS, DVM, LLB, JD)",8,Midwest,346,3413.42,523.29,32.33,3.77,38.82,1.85
North Dakota,38,2019,"Doctorate (PhD, EdD) or Professional Degree (MD, DDS, DVM, LLB, JD)",8,Midwest,293,3312.47,534.6,32.43,3.53,38.75,2.34
North Dakota,38,2020,"Doctorate (PhD, EdD) or Professional Degree (MD, DDS, DVM, LLB, JD)",8,Midwest,274,3380.95,509.58,32.72,3.6,38.87,1.81
North Dakota,38,2021,"Doctorate (PhD, EdD) or Professional Degree (MD, DDS, DVM, LLB, JD)",8,Midwest,336,3339.1,616.11,32.63,3.71,38.59,2.15
North Dakota,38,2022,"Doctorate (PhD, EdD) or Professional Degree (MD, DDS, DVM, LLB, JD)",8,Midwest,269,3436.24,506.85,32.64,3.88,38.66,1.86
North Dakota,38,2023,"Doctorate (PhD, EdD) or Professional Degree (MD, DDS, DVM, LLB, JD)",8,Midwest,355,3358.83,534.89,32.65,4.06,38.73,1.98
North Dakota,38,2024,"Doctorate (PhD, EdD) or Professional Degree (MD, DDS, DVM, LLB, JD)",8,Midwest,316,3329.5,570.57,32.63,3.9,38.64,2.13
Ohio,39,2016,8th grade or less,1,Midwest,4627,3310.1,568.83,28.41,6.29,38.87,2.54
Ohio,39,2017,8th grade or less,1,Midwest,4819,3306.37,548.7,28.39,6.21,38.88,2.35
Ohio,39,2018,8th grade or less,1,Midwest,4774,3329.37,555.87,28.72,6.26,38.89,2.45
Ohio,39,2019,8th grade or less,1,Midwest,4795,3299.67,565.63,28.74,6.43,38.75,2.57
Ohio,39,2020,8th grade or less,1,Midwest,4902,3300.97,553.49,28.56,6.35,38.84,2.41
Ohio,39,2021,8th grade or less,1,Midwest,5060,3318.64,547.42,28.56,6.39,38.8,2.47
Ohio,39,2022,8th grade or less,1,Midwest,5427,3310.54,552.9,28.71,6.29,38.81,2.42
Ohio,39,2023,8th grade or less,1,Midwest,5629,3300.78,568.78,28.54,6.32,38.74,2.41
Ohio,39,2024,8th grade or less,1,Midwest,5856,3275.32,571.41,28.55,6.31,38.65,2.5
Ohio,39,2016,9th through 12th grade with no diploma,2,Midwest,13799,3090.73,617.17,23.73,5.82,38.3,3.04
Ohio,39,2017,9th through 12th grade with no diploma,2,Midwest,13242,3096.6,608.86,23.88,5.81,38.3,2.94
Ohio,39,2018,9th through 12th grade with no diploma,2,Midwest,12633,3103.01,606.26,24.09,5.88,38.28,2.94
Ohio,39,2019,9th through 12th grade with no diploma,2,Midwest,12240,3105.85,609.01,24.29,5.97,38.23,2.9
Ohio,39,2020,9th through 12th grade with no diploma,2,Midwest,11256,3116.22,601.91,24.34,6.03,38.22,2.93
Ohio,39,2021,9th through 12th grade with no diploma,2,Midwest,10348,3096.18,607.17,24.48,6.08,38.12,2.92
Ohio,39,2022,9th through 12th grade with no diploma,2,Midwest,10006,3076.26,607.8,24.68,6.21,38.18,3.0
Ohio,39,2023,9th through 12th grade with no diploma,2,Midwest,9933,3088.1,607.21,24.93,6.37,38.14,2.97
Ohio,39,2024,9th through 12th grade with no diploma,2,Midwest,9782,3084.23,607.31,25.1,6.36,38.14,2.89
Ohio,39,2016,High school graduate or GED completed,3,Midwest,36228,3199.09,609.7,25.67,5.25,38.51,2.79
Ohio,39,2017,High school graduate or GED completed,3,Midwest,37301,3202.21,613.83,25.76,5.25,38.46,2.77
Ohio,39,2018,High school graduate or GED completed,3,Midwest,37813,3202.4,608.5,25.92,5.25,38.44,2.72
Ohio,39,2019,High school graduate or GED completed,3,Midwest,38520,3195.48,609.39,25.96,5.22,38.4,2.76
Ohio,39,2020,High school graduate or GED completed,3,Midwest,37407,3196.3,607.09,26.11,5.26,38.39,2.67
Ohio,39,2021,High school graduate or GED completed,3,Midwest,37267,3185.26,607.22,26.17,5.29,38.32,2.68
Ohio,39,2022,High school graduate or GED completed,3,Midwest,37754,3176.87,610.04,26.34,5.33,38.35,2.72
Ohio,39,2023,High school graduate or GED completed,3,Midwest,37901,3183.99,607.17,26.46,5.37,38.35,2.73
Ohio,39,2024,High school graduate or GED completed,3,Midwest,37861,3179.17,607.1,26.64,5.38,38.34,2.72
Ohio,39,2016,"Some college credit, but not a degree",4,Midwest,28449,3256.61,613.09,27.48,5.08,38.55,2.7
Ohio,39,2017,"Some college credit, but not a degree",4,Midwest,26806,3248.75,610.32,27.64,5.06,38.49,2.65
Ohio,39,2018,"Some college credit, but not a degree",4,Midwest,25493,3250.68,610.39,27.89,5.08,38.49,2.61
Ohio,39,2019,"Some college credit, but not a degree",4,Midwest,24688,3245.38,607.86,28.02,5.09,38.44,2.6
Ohio,39,2020,"Some college credit, but not a degree",4,Midwest,22804,3241.88,605.68,28.24,5.13,38.43,2.54
Ohio,39,2021,"Some college credit, but not a degree",4,Midwest,21817,3238.23,620.3,28.41,5.15,38.35,2.62
Ohio,39,2022,"Some college credit, but not a degree",4,Midwest,20552,3235.66,603.86,28.58,5.1,38.41,2.57
Ohio,39,2023,"Some college credit, but not a degree",4,Midwest,19381,3230.54,605.2,28.84,5.21,38.37,2.61
Ohio,39,2024,"Some college credit, but not a degree",4,Midwest,18677,3232.24,601.39,28.94,5.24,38.37,2.6
Ohio,39,2016,"Associate degree (AA, AS)",5,Midwest,12589,3312.6,600.89,29.7,4.58,38.58,2.48
Ohio,39,2017,"Associate degree (AA, AS)",5,Midwest,12616,3300.42,602.03,29.79,4.6,38.55,2.51
Ohio,39,2018,"Associate degree (AA, AS)",5,Midwest,12070,3294.93,604.35,29.81,4.61,38.55,2.5
Ohio,39,2019,"Associate degree (AA, AS)",5,Midwest,11968,3289.22,605.5,30.02,4.66,38.48,2.5
Ohio,39,2020,"Associate degree (AA, AS)",5,Midwest,11466,3291.47,599.76,30.12,4.66,38.44,2.48
Ohio,39,2021,"Associate degree (AA, AS)",5,Midwest,11650,3290.03,591.48,30.02,4.68,38.38,2.42
Ohio,39,2022,"Associate degree (AA, AS)",5,Midwest,11232,3276.56,591.85,30.16,4.73,38.45,2.42
Ohio,39,2023,"Associate degree (AA, AS)",5,Midwest,10929,3272.29,603.84,30.22,4.78,38.4,2.45
Ohio,39,2024,"Associate degree (AA, AS)",5,Midwest,10640,3279.3,593.83,30.37,4.83,38.44,2.45
Ohio,39,2016,"Bachelor's degree (BA, AB, BS)",6,Midwest,26048,3358.31,575.97,30.81,4.2,38.8,2.28
Ohio,39,2017,"Bachelor's degree (BA, AB, BS)",6,Midwest,26013,3355.05,580.83,30.87,4.2,38.78,2.27
Ohio,39,2018,"Bachelor's degree (BA, AB, BS)",6,Midwest,26081,3367.03,563.68,30.92,4.2,38.78,2.18
Ohio,39,2019,"Bachelor's degree (BA, AB, BS)",6,Midwest,26014,3347.16,562.98,30.99,4.21,38.7,2.22
Ohio,39,2020,"Bachelor's degree (BA, AB, BS)",6,Midwest,25510,3357.81,554.9,31.07,4.2,38.71,2.11
Ohio,39,2021,"Bachelor's degree (BA, AB, BS)",6,Midwest,26962,3348.72,564.32,31.11,4.23,38.61,2.16
Ohio,39,2022,"Bachelor's degree (BA, AB, BS)",6,Midwest,26423,3338.53,564.37,31.11,4.27,38.63,2.19
Ohio,39,2023,"Bachelor's degree (BA, AB, BS)",6,Midwest,26490,3330.23,567.16,31.16,4.32,38.63,2.22
Ohio,39,2024,"Bachelor's degree (BA, AB, BS)",6,Midwest,27223,3338.93,567.87,31.21,4.29,38.63,2.26
Ohio,39,2016,"Master's degree (MA, MS, MEng, MEd, MSW, MBA)",7,Midwest,12445,3362.72,583.67,32.34,3.7,38.75,2.28
Ohio,39,2017,"Master's degree (MA, MS, MEng, MEd, MSW, MBA)",7,Midwest,12254,3363.71,571.87,32.4,3.72,38.81,2.16
Ohio,39,2018,"Master's degree (MA, MS, MEng, MEd, MSW, MBA)",7,Midwest,12349,3352.63,572.07,32.54,3.79,38.73,2.2
Ohio,39,2019,"Master's degree (MA, MS, MEng, MEd, MSW, MBA)",7,Midwest,12372,3348.26,569.02,32.59,3.79,38.67,2.19
Ohio,39,2020,"Master's degree (MA, MS, MEng, MEd, MSW, MBA)",7,Midwest,11987,3346.44,554.89,32.59,3.82,38.69,2.06
Ohio,39,2021,"Master's degree (MA, MS, MEng, MEd, MSW, MBA)",7,Midwest,12615,3343.14,557.86,32.6,3.79,38.59,2.11
Ohio,39,2022,"Master's degree (MA, MS, MEng, MEd, MSW, MBA)",7,Midwest,12563,3337.34,562.99,32.67,3.89,38.57,2.13
Ohio,39,2023,"Master's degree (MA, MS, MEng, MEd, MSW, MBA)",7,Midwest,12506,3322.7,560.26,32.64,3.91,38.58,2.18
Ohio,39,2024,"Master's degree (MA, MS, MEng, MEd, MSW, MBA)",7,Midwest,12572,3324.36,569.12,32.65,3.94,38.57,2.22
Ohio,39,2016,"Doctorate (PhD, EdD) or Professional Degree (MD, DDS, DVM, LLB, JD)",8,Midwest,3361,3309.94,587.61,32.97,3.69,38.77,2.33
Ohio,39,2017,"Doctorate (PhD, EdD) or Professional Degree (MD, DDS, DVM, LLB, JD)",8,Midwest,3387,3321.4,567.05,33.06,3.65,38.72,2.22
Ohio,39,2018,"Doctorate (PhD, EdD) or Professional Degree (MD, DDS, DVM, LLB, JD)",8,Midwest,3537,3335.25,554.67,33.22,3.67,38.76,2.1
Ohio,39,2019,"Doctorate (PhD, EdD) or Professional Degree (MD, DDS, DVM, LLB, JD)",8,Midwest,3415,3284.19,565.66,33.27,3.67,38.63,2.15
Ohio,39,2020,"Doctorate (PhD, EdD) or Professional Degree (MD, DDS, DVM, LLB, JD)",8,Midwest,3457,3323.59,543.52,33.33,3.64,38.66,2.01
Ohio,39,2021,"Doctorate (PhD, EdD) or Professional Degree (MD, DDS, DVM, LLB, JD)",8,Midwest,3621,3297.75,554.31,33.42,3.63,38.56,2.12
Ohio,39,2022,"Doctorate (PhD, EdD) or Professional Degree (MD, DDS, DVM, LLB, JD)",8,Midwest,3796,3304.07,552.58,33.52,3.75,38.51,2.17
Ohio,39,2023,"Doctorate (PhD, EdD) or Professional Degree (MD, DDS, DVM, LLB, JD)",8,Midwest,3727,3282.82,542.33,33.53,3.7,38.59,2.08
Ohio,39,2024,"Doctorate (PhD, EdD) or Professional Degree (MD, DDS, DVM, LLB, JD)",8,Midwest,3780,3312.93,532.87,33.39,3.87,38.61,2.08
South Dakota,46,2016,8th grade or less,1,Midwest,371,3243.28,555.95,28.67,6.16,38.84,2.15
South Dakota,46,2017,8th grade or less,1,Midwest,450,3315.85,535.32,29.29,6.06,38.89,2.36
South Dakota,46,2018,8th grade or less,1,Midwest,419,3235.72,539.1,28.96,6.23,38.64,2.51
South Dakota,46,2019,8th grade or less,1,Midwest,452,3231.39,564.28,29.24,6.06,38.55,2.44
South Dakota,46,2020,8th grade or less,1,Midwest,439,3227.91,548.83,28.8,6.53,38.56,2.54
South Dakota,46,2021,8th grade or less,1,Midwest,439,3202.43,521.14,29.18,6.48,38.47,2.29
South Dakota,46,2022,8th grade or less,1,Midwest,408,3229.41,528.38,28.82,6.28,38.67,2.22
South Dakota,46,2023,8th grade or less,1,Midwest,465,3184.44,624.92,28.85,6.72,38.26,2.94
South Dakota,46,2024,8th grade or less,1,Midwest,507,3195.77,563.55,28.34,6.78,38.42,2.84
South Dakota,46,2016,9th through 12th grade with no diploma,2,Midwest,1416,3250.23,568.76,23.9,5.42,38.39,2.84
South Dakota,46,2017,9th through 12th grade with no diploma,2,Midwest,1432,3255.0,608.02,24.33,5.56,38.4,2.84
South Dakota,46,2018,9th through 12th grade with no diploma,2,Midwest,1282,3268.91,569.93,24.37,5.71,38.41,2.74
South Dakota,46,2019,9th through 12th grade with no diploma,2,Midwest,1206,3270.78,617.31,24.65,5.94,38.27,2.86
South Dakota,46,2020,9th through 12th grade with no diploma,2,Midwest,1173,3262.13,598.14,24.62,6.02,38.21,2.87
South Dakota,46,2021,9th through 12th grade with no diploma,2,Midwest,1138,3211.25,615.64,24.69,5.98,38.16,2.88
South Dakota,46,2022,9th through 12th grade with no diploma,2,Midwest,1127,3228.41,605.8,24.54,6.0,38.22,2.85
South Dakota,46,2023,9th through 12th grade with no diploma,2,Midwest,1126,3226.56,608.79,24.83,6.12,38.21,2.93
South Dakota,46,2024,9th through 12th grade with no diploma,2,Midwest,1160,3212.53,602.68,24.93,6.01,38.16,2.76
South Dakota,46,2016,High school graduate or GED completed,3,Midwest,3028,3303.54,588.97,26.42,5.41,38.63,2.47
South Dakota,46,2017,High school graduate or GED completed,3,Midwest,2944,3300.12,600.64,26.5,5.33,38.53,2.64
South Dakota,46,2018,High school graduate or GED completed,3,Midwest,2901,3297.31,570.37,26.59,5.22,38.5,2.37
South Dakota,46,2019,High school graduate or GED completed,3,Midwest,2783,3278.68,571.76,26.74,5.31,38.42,2.4
South Dakota,46,2020,High school graduate or GED completed,3,Midwest,2747,3267.37,588.68,26.71,5.35,38.41,2.6
South Dakota,46,2021,High school graduate or GED completed,3,Midwest,2822,3254.0,585.0,27.05,5.49,38.29,2.48
South Dakota,46,2022,High school graduate or GED completed,3,Midwest,2709,3246.6,575.44,27.1,5.56,38.33,2.42
South Dakota,46,2023,High school graduate or GED completed,3,Midwest,2766,3250.66,550.76,26.92,5.55,38.39,2.35
South Dakota,46,2024,High school graduate or GED completed,3,Midwest,2724,3254.89,585.51,27.25,5.55,38.38,2.61
South Dakota,46,2016,"Some college credit, but not a degree",4,Midwest,2113,3327.15,603.05,27.27,5.21,38.58,2.45
South Dakota,46,2017,"Some college credit, but not a degree",4,Midwest,2110,3333.05,597.6,27.69,5.25,38.58,2.54
South Dakota,46,2018,"Some college credit, but not a degree",4,Midwest,1975,3323.49,578.57,27.83,5.11,38.51,2.39
South Dakota,46,2019,"Some college credit, but not a degree",4,Midwest,1871,3335.51,587.92,27.78,5.15,38.46,2.55
South Dakota,46,2020,"Some college credit, but not a degree",4,Midwest,1684,3322.58,584.45,28.03,5.13,38.49,2.33
South Dakota,46,2021,"Some college credit, but not a degree",4,Midwest,1695,3284.78,581.37,28.19,5.29,38.45,2.42
South Dakota,46,2022,"Some college credit, but not a degree",4,Midwest,1689,3308.67,563.43,28.26,5.28,38.47,2.35
South Dakota,46,2023,"Some college credit, but not a degree",4,Midwest,1578,3281.8,607.97,28.47,5.23,38.3,2.59
South Dakota,46,2024,"Some college credit, but not a degree",4,Midwest,1635,3297.42,575.11,28.69,5.36,38.52,2.48
South Dakota,46,2016,"Associate degree (AA, AS)",5,Midwest,1347,3349.68,550.57,29.31,4.61,38.71,2.05
South Dakota,46,2017,"Associate degree (AA, AS)",5,Midwest,1300,3354.15,581.36,29.47,4.69,38.63,2.22
South Dakota,46,2018,"Associate degree (AA, AS)",5,Midwest,1288,3348.15,536.38,29.4,4.42,38.65,2.01
South Dakota,46,2019,"Associate degree (AA, AS)",5,Midwest,1209,3334.99,596.47,29.34,4.74,38.48,2.39
South Dakota,46,2020,"Associate degree (AA, AS)",5,Midwest,1145,3334.94,586.77,29.7,4.66,38.5,2.31
South Dakota,46,2021,"Associate degree (AA, AS)",5,Midwest,1234,3295.75,604.09,29.62,4.8,38.34,2.34
South Dakota,46,2022,"Associate degree (AA, AS)",5,Midwest,1247,3300.87,580.52,29.59,4.74,38.38,2.33
South Dakota,46,2023,"Associate degree (AA, AS)",5,Midwest,1183,3299.03,570.9,29.68,4.75,38.43,2.28
South Dakota,46,2024,"Associate degree (AA, AS)",5,Midwest,1208,3316.63,577.75,29.75,4.67,38.47,2.21
South Dakota,46,2016,"Bachelor's degree (BA, AB, BS)",6,Midwest,2861,3402.43,547.17,30.15,4.05,38.85,2.11
South Dakota,46,2017,"Bachelor's degree (BA, AB, BS)",6,Midwest,2761,3403.58,551.73,30.36,4.14,38.83,2.09
South Dakota,46,2018,"Bachelor's degree (BA, AB, BS)",6,Midwest,2796,3390.19,551.07,30.43,4.17,38.79,2.1
South Dakota,46,2019,"Bachelor's degree (BA, AB, BS)",6,Midwest,2722,3372.45,547.46,30.42,4.06,38.66,1.95
South Dakota,46,2020,"Bachelor's degree (BA, AB, BS)",6,Midwest,2625,3368.86,531.62,30.34,4.08,38.69,1.91
South Dakota,46,2021,"Bachelor's degree (BA, AB, BS)",6,Midwest,2827,3371.92,527.44,30.33,4.14,38.65,1.99
South Dakota,46,2022,"Bachelor's degree (BA, AB, BS)",6,Midwest,2736,3360.0,528.03,30.41,4.24,38.61,1.91
South Dakota,46,2023,"Bachelor's degree (BA, AB, BS)",6,Midwest,2800,3355.98,542.45,30.42,4.19,38.62,2.06
South Dakota,46,2024,"Bachelor's degree (BA, AB, BS)",6,Midwest,2848,3354.6,552.2,30.48,4.25,38.65,2.08
South Dakota,46,2016,"Master's degree (MA, MS, MEng, MEd, MSW, MBA)",7,Midwest,816,3432.48,541.64,31.89,3.81,38.95,1.9
South Dakota,46,2017,"Master's degree (MA, MS, MEng, MEd, MSW, MBA)",7,Midwest,820,3360.12,580.64,31.87,3.85,38.68,2.08
South Dakota,46,2018,"Master's degree (MA, MS, MEng, MEd, MSW, MBA)",7,Midwest,859,3411.54,575.02,31.81,3.68,38.72,2.08
South Dakota,46,2019,"Master's degree (MA, MS, MEng, MEd, MSW, MBA)",7,Midwest,862,3361.54,581.34,31.95,3.73,38.63,2.27
South Dakota,46,2020,"Master's degree (MA, MS, MEng, MEd, MSW, MBA)",7,Midwest,822,3385.4,532.02,31.94,3.75,38.65,1.9
South Dakota,46,2021,"Master's degree (MA, MS, MEng, MEd, MSW, MBA)",7,Midwest,862,3356.43,532.39,32.0,3.76,38.55,2.0
South Dakota,46,2022,"Master's degree (MA, MS, MEng, MEd, MSW, MBA)",7,Midwest,878,3347.49,580.19,32.0,3.88,38.5,2.13
South Dakota,46,2023,"Master's degree (MA, MS, MEng, MEd, MSW, MBA)",7,Midwest,892,3346.42,553.5,31.91,3.92,38.5,2.06
South Dakota,46,2024,"Master's degree (MA, MS, MEng, MEd, MSW, MBA)",7,Midwest,921,3341.59,559.63,31.91,3.88,38.55,2.17
South Dakota,46,2016,"Doctorate (PhD, EdD) or Professional Degree (MD, DDS, DVM, LLB, JD)",8,Midwest,293,3349.18,590.87,32.41,3.89,38.71,2.2
South Dakota,46,2017,"Doctorate (PhD, EdD) or Professional Degree (MD, DDS, DVM, LLB, JD)",8,Midwest,277,3314.19,593.09,32.27,3.81,38.77,2.19
South Dakota,46,2018,"Doctorate (PhD, EdD) or Professional Degree (MD, DDS, DVM, LLB, JD)",8,Midwest,321,3356.27,590.93,32.25,3.52,38.49,2.3
South Dakota,46,2019,"Doctorate (PhD, EdD) or Professional Degree (MD, DDS, DVM, LLB, JD)",8,Midwest,309,3350.82,543.49,32.45,3.66,38.7,2.36
South Dakota,46,2020,"Doctorate (PhD, EdD) or Professional Degree (MD, DDS, DVM, LLB, JD)",8,Midwest,289,3387.73,502.69,31.99,3.58,38.87,1.6
South Dakota,46,2021,"Doctorate (PhD, EdD) or Professional Degree (MD, DDS, DVM, LLB, JD)",8,Midwest,309,3390.77,524.18,32.2,3.71,38.72,1.69
South Dakota,46,2022,"Doctorate (PhD, EdD) or Professional Degree (MD, DDS, DVM, LLB, JD)",8,Midwest,354,3359.01,490.82,32.55,3.76,38.67,1.68
South Dakota,46,2023,"Doctorate (PhD, EdD) or Professional Degree (MD, DDS, DVM, LLB, JD)",8,Midwest,343,3360.74,494.18,32.31,3.61,38.7,1.82
South Dakota,46,2024,"Doctorate (PhD, EdD) or Professional Degree (MD, DDS, DVM, LLB, JD)",8,Midwest,383,3352.28,516.71,32.54,3.82,38.63,2.1
Wisconsin,55,2016,8th grade or less,1,Midwest,2353,3396.34,565.86,29.66,6.34,39.01,2.26
Wisconsin,55,2017,8th grade or less,1,Midwest,2282,3366.47,587.83,29.58,6.41,39.03,2.46
Wisconsin,55,2018,8th grade or less,1,Midwest,2271,3364.59,574.31,29.59,6.55,39.01,2.22
Wisconsin,55,2019,8th grade or less,1,Midwest,2277,3409.31,556.13,29.38,6.33,39.06,2.3
Wisconsin,55,2020,8th grade or less,1,Midwest,2229,3386.66,565.99,29.6,6.56,39.06,2.26
Wisconsin,55,2021,8th grade or less,1,Midwest,2315,3402.18,566.05,29.29,6.27,39.07,2.17
Wisconsin,55,2022,8th grade or less,1,Midwest,2397,3355.35,571.72,29.45,6.54,38.98,2.34
Wisconsin,55,2023,8th grade or less,1,Midwest,2566,3356.53,558.58,28.89,6.42,38.97,2.3
Wisconsin,55,2024,8th grade or less,1,Midwest,2741,3363.31,553.19,28.92,6.39,39.04,2.19
Wisconsin,55,2016,9th through 12th grade with no diploma,2,Midwest,4652,3140.8,623.21,24.58,6.29,38.4,2.87
Wisconsin,55,2017,9th through 12th grade with no diploma,2,Midwest,4477,3149.72,628.51,24.67,6.27,38.45,2.84
Wisconsin,55,2018,9th through 12th grade with no diploma,2,Midwest,4275,3139.28,606.46,24.83,6.33,38.46,2.74
Wisconsin,55,2019,9th through 12th grade with no diploma,2,Midwest,4039,3147.12,602.61,24.97,6.44,38.35,2.83
Wisconsin,55,2020,9th through 12th grade with no diploma,2,Midwest,3761,3117.93,630.74,25.05,6.43,38.25,2.69
Wisconsin,55,2021,9th through 12th grade with no diploma,2,Midwest,3449,3109.73,616.19,25.13,6.49,38.27,2.72
Wisconsin,55,2022,9th through 12th grade with no diploma,2,Midwest,3236,3107.87,628.24,25.12,6.47,38.31,2.89
Wisconsin,55,2023,9th through 12th grade with no diploma,2,Midwest,3240,3110.09,617.38,25.03,6.58,38.21,2.93
Wisconsin,55,2024,9th through 12th grade with no diploma,2,Midwest,3298,3131.4,598.02,25.11,6.74,38.34,2.72
Wisconsin,55,2016,High school graduate or GED completed,3,Midwest,16058,3254.82,609.65,26.27,5.3,38.63,2.61
Wisconsin,55,2017,High school graduate or GED completed,3,Midwest,15976,3239.59,608.1,26.37,5.36,38.61,2.64
Wisconsin,55,2018,High school graduate or GED completed,3,Midwest,16035,3237.61,602.28,26.53,5.36,38.57,2.56
Wisconsin,55,2019,High school graduate or GED completed,3,Midwest,15792,3227.14,608.02,26.6,5.38,38.52,2.58
Wisconsin,55,2020,High school graduate or GED completed,3,Midwest,15101,3219.29,609.01,26.68,5.34,38.48,2.55
Wisconsin,55,2021,High school graduate or GED completed,3,Midwest,15075,3212.22,606.65,26.96,5.42,38.46,2.52
Wisconsin,55,2022,High school graduate or GED completed,3,Midwest,14485,3204.73,604.84,27.03,5.44,38.46,2.58
Wisconsin,55,2023,High school graduate or GED completed,3,Midwest,14509,3203.75,601.32,27.06,5.5,38.45,2.56
Wisconsin,55,2024,High school graduate or GED completed,3,Midwest,14877,3199.14,596.75,27.17,5.54,38.47,2.58
Wisconsin,55,2016,"Some college credit, but not a degree",4,Midwest,12661,3308.82,607.87,28.03,4.99,38.7,2.47
Wisconsin,55,2017,"Some college credit, but not a degree",4,Midwest,11901,3304.4,594.98,28.2,5.06,38.7,2.41
Wisconsin,55,2018,"Some college credit, but not a degree",4,Midwest,11284,3302.23,609.09,28.4,5.02,38.6,2.49
Wisconsin,55,2019,"Some college credit, but not a degree",4,Midwest,10985,3289.4,610.89,28.53,5.04,38.58,2.51
Wisconsin,55,2020,"Some college credit, but not a degree",4,Midwest,10229,3300.43,590.61,28.81,5.1,38.55,2.44
Wisconsin,55,2021,"Some college credit, but not a degree",4,Midwest,10031,3280.54,612.92,28.89,5.12,38.47,2.5
Wisconsin,55,2022,"Some college credit, but not a degree",4,Midwest,9575,3268.25,608.72,29.0,5.04,38.5,2.43
Wisconsin,55,2023,"Some college credit, but not a degree",4,Midwest,9011,3269.83,588.15,29.19,5.18,38.51,2.4
Wisconsin,55,2024,"Some college credit, but not a degree",4,Midwest,8917,3276.21,601.93,29.36,5.14,38.48,2.5
Wisconsin,55,2016,"Associate degree (AA, AS)",5,Midwest,7380,3364.06,591.57,30.05,4.37,38.75,2.27
Wisconsin,55,2017,"Associate degree (AA, AS)",5,Midwest,7227,3355.84,585.51,30.1,4.4,38.71,2.39
Wisconsin,55,2018,"Associate degree (AA, AS)",5,Midwest,7083,3353.25,605.27,30.35,4.5,38.67,2.36
Wisconsin,55,2019,"Associate degree (AA, AS)",5,Midwest,6854,3349.22,582.79,30.37,4.54,38.62,2.3
Wisconsin,55,2020,"Associate degree (AA, AS)",5,Midwest,6539,3339.65,587.7,30.43,4.56,38.64,2.24
Wisconsin,55,2021,"Associate degree (AA, AS)",5,Midwest,6739,3329.82,578.4,30.47,4.51,38.6,2.22
Wisconsin,55,2022,"Associate degree (AA, AS)",5,Midwest,6254,3329.24,574.06,30.62,4.53,38.58,2.17
Wisconsin,55,2023,"Associate degree (AA, AS)",5,Midwest,6197,3319.93,581.72,30.59,4.6,38.52,2.3
Wisconsin,55,2024,"Associate degree (AA, AS)",5,Midwest,6066,3327.18,592.74,30.59,4.51,38.54,2.33
Wisconsin,55,2016,"Bachelor's degree (BA, AB, BS)",6,Midwest,15927,3410.82,566.96,30.98,3.96,38.89,2.13
Wisconsin,55,2017,"Bachelor's degree (BA, AB, BS)",6,Midwest,15763,3404.32,571.2,31.02,3.98,38.87,2.18
Wisconsin,55,2018,"Bachelor's degree (BA, AB, BS)",6,Midwest,15717,3400.35,567.52,31.21,3.98,38.85,2.1
Wisconsin,55,2019,"Bachelor's degree (BA, AB, BS)",6,Midwest,15756,3388.63,569.6,31.19,3.96,38.78,2.12
Wisconsin,55,2020,"Bachelor's degree (BA, AB, BS)",6,Midwest,15369,3378.57,565.97,31.24,4.02,38.75,2.17
Wisconsin,55,2021,"Bachelor's degree (BA, AB, BS)",6,Midwest,16182,3384.66,561.57,31.27,4.04,38.73,2.08
Wisconsin,55,2022,"Bachelor's degree (BA, AB, BS)",6,Midwest,15999,3366.22,560.52,31.39,4.06,38.69,2.1
Wisconsin,55,2023,"Bachelor's degree (BA, AB, BS)",6,Midwest,16087,3369.15,557.34,31.32,4.11,38.73,2.09
Wisconsin,55,2024,"Bachelor's degree (BA, AB, BS)",6,Midwest,15624,3376.85,558.99,31.42,4.11,38.75,2.1
Wisconsin,55,2016,"Master's degree (MA, MS, MEng, MEd, MSW, MBA)",7,Midwest,5506,3382.82,578.94,32.55,3.61,38.82,2.18
Wisconsin,55,2017,"Master's degree (MA, MS, MEng, MEd, MSW, MBA)",7,Midwest,5338,3373.4,585.17,32.66,3.63,38.81,2.25
Wisconsin,55,2018,"Master's degree (MA, MS, MEng, MEd, MSW, MBA)",7,Midwest,5345,3379.66,580.59,32.78,3.66,38.8,2.17
Wisconsin,55,2019,"Master's degree (MA, MS, MEng, MEd, MSW, MBA)",7,Midwest,5407,3376.18,584.03,32.74,3.74,38.74,2.19
Wisconsin,55,2020,"Master's degree (MA, MS, MEng, MEd, MSW, MBA)",7,Midwest,5184,3390.01,549.79,32.69,3.73,38.79,1.99
Wisconsin,55,2021,"Master's degree (MA, MS, MEng, MEd, MSW, MBA)",7,Midwest,5667,3366.55,547.19,32.68,3.79,38.66,1.94
Wisconsin,55,2022,"Master's degree (MA, MS, MEng, MEd, MSW, MBA)",7,Midwest,5743,3357.76,559.83,32.65,3.77,38.64,2.15
Wisconsin,55,2023,"Master's degree (MA, MS, MEng, MEd, MSW, MBA)",7,Midwest,5611,3365.84,556.36,32.59,3.84,38.65,2.0
Wisconsin,55,2024,"Master's degree (MA, MS, MEng, MEd, MSW, MBA)",7,Midwest,5606,3355.79,547.32,32.7,3.85,38.67,1.97
Wisconsin,55,2016,"Doctorate (PhD, EdD) or Professional Degree (MD, DDS, DVM, LLB, JD)",8,Midwest,1750,3372.59,549.83,33.08,3.66,38.92,2.06
Wisconsin,55,2017,"Doctorate (PhD, EdD) or Professional Degree (MD, DDS, DVM, LLB, JD)",8,Midwest,1673,3355.41,582.5,33.26,3.67,38.79,2.21
Wisconsin,55,2018,"Doctorate (PhD, EdD) or Professional Degree (MD, DDS, DVM, LLB, JD)",8,Midwest,1704,3362.13,582.15,33.35,3.51,38.77,2.22
Wisconsin,55,2019,"Doctorate (PhD, EdD) or Professional Degree (MD, DDS, DVM, LLB, JD)",8,Midwest,1730,3356.59,547.75,33.62,3.56,38.67,2.11
Wisconsin,55,2020,"Doctorate (PhD, EdD) or Professional Degree (MD, DDS, DVM, LLB, JD)",8,Midwest,1733,3345.58,573.72,33.38,3.56,38.66,2.04
Wisconsin,55,2021,"Doctorate (PhD, EdD) or Professional Degree (MD, DDS, DVM, LLB, JD)",8,Midwest,1891,3339.2,540.98,33.39,3.6,38.68,1.93
Wisconsin,55,2022,"Doctorate (PhD, EdD) or Professional Degree (MD, DDS, DVM, LLB, JD)",8,Midwest,1878,3368.67,533.47,33.53,3.69,38.72,1.91
Wisconsin,55,2023,"Doctorate (PhD, EdD) or Professional Degree (MD, DDS, DVM, LLB, JD)",8,Midwest,1953,3334.73,562.44,33.5,3.77,38.63,2.07
Wisconsin,55,2024,"Doctorate (PhD, EdD) or Professional Degree (MD, DDS, DVM, LLB, JD)",8,Midwest,2076,3316.95,527.93,33.56,3.56,38.67,1.94
Alabama,01,2016,8th grade or less,1,South,2240,3178.41,593.44,27.66,6.74,38.34,2.91
Alabama,01,2017,8th grade or less,1,South,1990,3183.89,573.5,27.58,6.8,38.24,2.87
Alabama,01,2018,8th grade or less,1,South,1856,3186.27,529.19,27.93,6.78,38.24,2.78
Alabama,01,2019,8th grade or less,1,South,2350,3188.91,563.39,27.85,6.83,38.25,2.7
Alabama,01,2020,8th grade or less,1,South,2294,3156.23,550.23,27.5,6.96,38.26,2.73
Alabama,01,2021,8th grade or less,1,South,2386,3178.26,543.25,27.76,7.02,38.24,2.61
Alabama,01,2022,8th grade or less,1,South,2610,3167.02,527.56,27.63,6.99,38.27,2.67
Alabama,01,2023,8th grade or less,1,South,2709,3160.44,546.84,27.31,6.99,38.27,2.76
Alabama,01,2024,8th grade or less,1,South,3020,3161.98,550.54,26.99,6.73,38.24,2.82
Alabama,01,2016,9th through 12th grade with no diploma,2,South,7093,3081.86,611.35,24.0,5.79,38.18,3.04
Alabama,01,2017,9th through 12th grade with no diploma,2,South,6628,3078.75,605.93,24.16,5.88,38.11,3.04
Alabama,01,2018,9th through 12th grade with no diploma,2,South,6169,3061.94,614.66,24.29,5.97,38.01,3.08
Alabama,01,2019,9th through 12th grade with no diploma,2,South,5855,3091.45,598.14,24.45,6.1,38.03,2.99
Alabama,01,2020,9th through 12th grade with no diploma,2,South,5612,3086.95,611.14,24.63,6.28,38.1,2.88
Alabama,01,2021,9th through 12th grade with no diploma,2,South,5240,3093.39,592.77,24.44,6.31,38.06,2.91
Alabama,01,2022,9th through 12th grade with no diploma,2,South,4978,3065.96,593.56,24.65,6.41,38.06,2.98
Alabama,01,2023,9th through 12th grade with no diploma,2,South,5024,3090.58,615.2,24.85,6.52,38.08,3.0
Alabama,01,2024,9th through 12th grade with no diploma,2,South,4778,3094.21,596.28,24.95,6.56,38.07,2.98
Alabama,01,2016,High school graduate or GED completed,3,South,18061,3140.63,623.9,25.29,5.11,38.25,2.97
Alabama,01,2017,High school graduate or GED completed,3,South,18365,3130.84,615.24,25.43,5.19,38.22,2.89
Alabama,01,2018,High school graduate or GED completed,3,South,18306,3122.23,621.22,25.49,5.14,38.13,2.83
Alabama,01,2019,High school graduate or GED completed,3,South,18887,3118.94,616.87,25.53,5.16,38.11,2.88
Alabama,01,2020,High school graduate or GED completed,3,South,19011,3115.21,625.78,25.68,5.27,38.13,2.84
Alabama,01,2021,High school graduate or GED completed,3,South,19165,3126.18,612.56,25.78,5.25,38.11,2.79
Alabama,01,2022,High school graduate or GED completed,3,South,19265,3127.82,600.48,25.85,5.21,38.18,2.76
Alabama,01,2023,High school graduate or GED completed,3,South,19452,3119.73,616.17,26.02,5.31,38.1,2.88
Alabama,01,2024,High school graduate or GED completed,3,South,19511,3128.27,612.19,26.23,5.35,38.13,2.84
Alabama,01,2016,"Some college credit, but not a degree",4,South,12969,3187.34,618.08,26.7,5.02,38.36,2.83
Alabama,01,2017,"Some college credit, but not a degree",4,South,13035,3177.94,617.46,26.8,4.98,38.28,2.76
Alabama,01,2018,"Some college credit, but not a degree",4,South,12493,3186.11,615.81,27.04,5.09,38.25,2.75
Alabama,01,2019,"Some college credit, but not a degree",4,South,12545,3163.64,618.71,27.08,5.09,38.14,2.77
Alabama,01,2020,"Some college credit, but not a degree",4,South,11508,3177.14,620.86,27.29,5.03,38.2,2.76
Alabama,01,2021,"Some college credit, but not a degree",4,South,11255,3164.33,626.33,27.51,5.09,38.17,2.73
Alabama,01,2022,"Some college credit, but not a degree",4,South,10808,3167.11,608.54,27.76,5.16,38.24,2.72
Alabama,01,2023,"Some college credit, but not a degree",4,South,10207,3170.94,613.27,27.97,5.18,38.16,2.75
Alabama,01,2024,"Some college credit, but not a degree",4,South,9807,3182.82,613.18,28.11,5.19,38.19,2.71
Alabama,01,2016,"Associate degree (AA, AS)",5,South,4687,3241.0,623.68,28.96,4.65,38.33,2.67
Alabama,01,2017,"Associate degree (AA, AS)",5,South,4857,3250.44,604.95,28.9,4.65,38.35,2.45
Alabama,01,2018,"Associate degree (AA, AS)",5,South,5034,3234.63,599.04,28.98,4.76,38.27,2.5
Alabama,01,2019,"Associate degree (AA, AS)",5,South,5017,3240.87,592.63,28.98,4.64,38.25,2.5
Alabama,01,2020,"Associate degree (AA, AS)",5,South,5096,3229.79,602.96,29.12,4.76,38.22,2.53
Alabama,01,2021,"Associate degree (AA, AS)",5,South,5039,3214.91,608.34,29.09,4.69,38.18,2.56
Alabama,01,2022,"Associate degree (AA, AS)",5,South,5217,3223.69,621.18,29.34,4.73,38.2,2.59
Alabama,01,2023,"Associate degree (AA, AS)",5,South,5093,3220.39,610.88,29.3,4.76,38.19,2.63
Alabama,01,2024,"Associate degree (AA, AS)",5,South,5125,3223.44,604.14,29.37,4.81,38.18,2.58
Alabama,01,2016,"Bachelor's degree (BA, AB, BS)",6,South,9098,3308.96,595.58,30.31,4.27,38.53,2.48
Alabama,01,2017,"Bachelor's degree (BA, AB, BS)",6,South,8959,3318.08,583.21,30.49,4.29,38.51,2.48
Alabama,01,2018,"Bachelor's degree (BA, AB, BS)",6,South,8833,3308.73,591.47,30.46,4.32,38.49,2.4
Alabama,01,2019,"Bachelor's degree (BA, AB, BS)",6,South,8892,3292.28,589.23,30.45,4.33,38.43,2.4
Alabama,01,2020,"Bachelor's degree (BA, AB, BS)",6,South,8850,3290.15,599.57,30.45,4.34,38.43,2.41
Alabama,01,2021,"Bachelor's degree (BA, AB, BS)",6,South,9266,3292.47,582.81,30.49,4.41,38.43,2.36
Alabama,01,2022,"Bachelor's degree (BA, AB, BS)",6,South,9355,3284.69,571.2,30.41,4.45,38.48,2.28
Alabama,01,2023,"Bachelor's degree (BA, AB, BS)",6,South,9398,3284.87,581.11,30.5,4.49,38.38,2.38
Alabama,01,2024,"Bachelor's degree (BA, AB, BS)",6,South,9642,3303.77,581.15,30.5,4.45,38.46,2.33
Alabama,01,2016,"Master's degree (MA, MS, MEng, MEd, MSW, MBA)",7,South,3884,3311.59,596.94,32.05,3.78,38.51,2.5
Alabama,01,2017,"Master's degree (MA, MS, MEng, MEd, MSW, MBA)",7,South,3821,3301.18,589.89,31.98,3.88,38.5,2.4
Alabama,01,2018,"Master's degree (MA, MS, MEng, MEd, MSW, MBA)",7,South,3857,3291.81,616.65,31.98,3.91,38.38,2.49
Alabama,01,2019,"Master's degree (MA, MS, MEng, MEd, MSW, MBA)",7,South,3915,3311.09,595.98,31.99,3.96,38.43,2.35
Alabama,01,2020,"Master's degree (MA, MS, MEng, MEd, MSW, MBA)",7,South,4076,3293.61,587.74,32.02,4.02,38.45,2.28
Alabama,01,2021,"Master's degree (MA, MS, MEng, MEd, MSW, MBA)",7,South,4421,3282.07,611.08,31.87,3.93,38.33,2.5
Alabama,01,2022,"Master's degree (MA, MS, MEng, MEd, MSW, MBA)",7,South,4558,3290.89,576.81,31.95,4.1,38.38,2.31
Alabama,01,2023,"Master's degree (MA, MS, MEng, MEd, MSW, MBA)",7,South,4565,3285.49,579.84,31.89,4.05,38.35,2.31
Alabama,01,2024,"Master's degree (MA, MS, MEng, MEd, MSW, MBA)",7,South,4615,3299.19,586.47,31.93,4.07,38.4,2.4
Alabama,01,2016,"Doctorate (PhD, EdD) or Professional Degree (MD, DDS, DVM, LLB, JD)",8,South,998,3284.37,640.32,32.91,3.64,38.37,2.86
Alabama,01,2017,"Doctorate (PhD, EdD) or Professional Degree (MD, DDS, DVM, LLB, JD)",8,South,1139,3273.64,613.31,33.05,3.71,38.42,2.66
Alabama,01,2018,"Doctorate (PhD, EdD) or Professional Degree (MD, DDS, DVM, LLB, JD)",8,South,1101,3283.27,571.75,33.23,3.93,38.46,2.33
Alabama,01,2019,"Doctorate (PhD, EdD) or Professional Degree (MD, DDS, DVM, LLB, JD)",8,South,1056,3326.11,539.29,33.15,3.72,38.41,2.23
Alabama,01,2020,"Doctorate (PhD, EdD) or Professional Degree (MD, DDS, DVM, LLB, JD)",8,South,1121,3279.03,573.53,33.26,3.9,38.38,2.21
Alabama,01,2021,"Doctorate (PhD, EdD) or Professional Degree (MD, DDS, DVM, LLB, JD)",8,South,1220,3297.76,553.29,33.17,3.8,38.5,2.23
Alabama,01,2022,"Doctorate (PhD, EdD) or Professional Degree (MD, DDS, DVM, LLB, JD)",8,South,1250,3306.19,544.11,33.07,3.95,38.53,2.21
Alabama,01,2023,"Doctorate (PhD, EdD) or Professional Degree (MD, DDS, DVM, LLB, JD)",8,South,1275,3283.84,557.85,33.03,3.83,38.35,2.26
Alabama,01,2024,"Doctorate (PhD, EdD) or Professional Degree (MD, DDS, DVM, LLB, JD)",8,South,1298,3295.09,558.81,33.02,3.99,38.48,2.18
Arkansas,05,2016,8th grade or less,1,South,928,3277.59,580.36,29.42,7.14,38.43,2.73
Arkansas,05,2017,8th grade or less,1,South,872,3226.6,586.97,28.86,7.05,38.44,2.74
Arkansas,05,2018,8th grade or less,1,South,860,3214.25,598.73,29.62,6.69,38.3,2.73
Arkansas,05,2019,8th grade or less,1,South,799,3269.75,602.62,29.38,7.22,38.26,2.8
Arkansas,05,2020,8th grade or less,1,South,823,3228.99,591.55,29.37,7.23,38.12,2.68
Arkansas,05,2021,8th grade or less,1,South,784,3208.93,586.91,29.21,7.52,38.23,2.67
Arkansas,05,2022,8th grade or less,1,South,781,3229.27,558.54,29.42,7.37,38.27,2.43
Arkansas,05,2023,8th grade or less,1,South,793,3264.57,508.39,28.55,7.41,38.46,2.5
Arkansas,05,2024,8th grade or less,1,South,901,3220.08,563.46,28.94,7.13,38.17,2.58
Arkansas,05,2016,9th through 12th grade with no diploma,2,South,4724,3163.35,590.88,23.91,6.08,38.38,2.85
Arkansas,05,2017,9th through 12th grade with no diploma,2,South,4575,3153.27,596.92,24.09,6.1,38.41,2.84
Arkansas,05,2018,9th through 12th grade with no diploma,2,South,4301,3119.92,613.33,24.19,6.2,38.2,2.98
Arkansas,05,2019,9th through 12th grade with no diploma,2,South,3964,3123.93,591.01,24.16,6.2,38.25,2.96
Arkansas,05,2020,9th through 12th grade with no diploma,2,South,3672,3140.9,603.77,24.26,6.46,38.21,2.91
Arkansas,05,2021,9th through 12th grade with no diploma,2,South,3507,3109.95,608.59,24.5,6.55,38.16,2.97
Arkansas,05,2022,9th through 12th grade with no diploma,2,South,3368,3119.62,585.18,24.46,6.5,38.26,2.77
Arkansas,05,2023,9th through 12th grade with no diploma,2,South,3319,3099.72,605.82,24.21,6.47,38.18,2.92
Arkansas,05,2024,9th through 12th grade with no diploma,2,South,3265,3137.66,581.89,24.57,6.57,38.23,2.71
Arkansas,05,2016,High school graduate or GED completed,3,South,12394,3187.12,603.64,25.1,5.16,38.48,2.74
Arkansas,05,2017,High school graduate or GED completed,3,South,12520,3170.55,610.45,25.27,5.21,38.49,2.92
Arkansas,05,2018,High school graduate or GED completed,3,South,11959,3176.86,600.62,25.23,5.18,38.34,2.77
Arkansas,05,2019,High school graduate or GED completed,3,South,12227,3166.17,599.3,25.33,5.25,38.34,2.69
Arkansas,05,2020,High school graduate or GED completed,3,South,11853,3172.65,601.41,25.39,5.24,38.36,2.63
Arkansas,05,2021,High school graduate or GED completed,3,South,12079,3167.09,592.94,25.42,5.25,38.33,2.59
Arkansas,05,2022,High school graduate or GED completed,3,South,11851,3150.44,597.31,25.56,5.31,38.27,2.64
Arkansas,05,2023,High school graduate or GED completed,3,South,11943,3160.23,604.45,25.63,5.33,38.24,2.68
Arkansas,05,2024,High school graduate or GED completed,3,South,12057,3153.1,590.71,25.72,5.29,38.26,2.64
Arkansas,05,2016,"Some college credit, but not a degree",4,South,9164,3257.92,596.95,26.49,5.1,38.56,2.58
Arkansas,05,2017,"Some college credit, but not a degree",4,South,8834,3241.07,598.41,26.64,5.11,38.61,2.59
Arkansas,05,2018,"Some college credit, but not a degree",4,South,8566,3233.9,588.72,26.74,5.2,38.44,2.61
Arkansas,05,2019,"Some college credit, but not a degree",4,South,8350,3219.71,603.74,26.87,5.21,38.34,2.64
Arkansas,05,2020,"Some college credit, but not a degree",4,South,7666,3215.57,599.8,27.03,5.22,38.36,2.59
Arkansas,05,2021,"Some college credit, but not a degree",4,South,7419,3227.38,598.09,27.05,5.18,38.36,2.56
Arkansas,05,2022,"Some college credit, but not a degree",4,South,7064,3210.57,593.17,27.33,5.19,38.34,2.49
Arkansas,05,2023,"Some college credit, but not a degree",4,South,6886,3209.89,600.47,27.68,5.26,38.28,2.61
Arkansas,05,2024,"Some college credit, but not a degree",4,South,6563,3204.21,602.54,27.72,5.25,38.32,2.53
Arkansas,05,2016,"Associate degree (AA, AS)",5,South,2807,3305.91,561.01,28.4,4.78,38.55,2.4
Arkansas,05,2017,"Associate degree (AA, AS)",5,South,2723,3268.85,598.32,28.46,4.81,38.53,2.52
Arkansas,05,2018,"Associate degree (AA, AS)",5,South,2978,3301.0,573.89,28.43,4.72,38.54,2.33
Arkansas,05,2019,"Associate degree (AA, AS)",5,South,2889,3273.94,597.08,28.54,4.8,38.43,2.47
Arkansas,05,2020,"Associate degree (AA, AS)",5,South,2940,3268.09,579.87,28.57,4.79,38.38,2.35
Arkansas,05,2021,"Associate degree (AA, AS)",5,South,3057,3256.07,605.36,28.7,4.82,38.34,2.52
Arkansas,05,2022,"Associate degree (AA, AS)",5,South,3121,3235.55,584.07,28.65,4.82,38.35,2.46
Arkansas,05,2023,"Associate degree (AA, AS)",5,South,3075,3238.26,592.32,28.73,4.81,38.33,2.46
Arkansas,05,2024,"Associate degree (AA, AS)",5,South,2969,3240.65,587.12,28.77,4.84,38.24,2.4
Arkansas,05,2016,"Bachelor's degree (BA, AB, BS)",6,South,5530,3349.24,591.28,29.91,4.45,38.82,2.32
Arkansas,05,2017,"Bachelor's degree (BA, AB, BS)",6,South,5356,3348.18,567.2,29.95,4.31,38.8,2.39
Arkansas,05,2018,"Bachelor's degree (BA, AB, BS)",6,South,5291,3338.61,572.38,30.05,4.38,38.62,2.27
Arkansas,05,2019,"Bachelor's degree (BA, AB, BS)",6,South,5265,3339.21,576.22,30.01,4.41,38.61,2.21
Arkansas,05,2020,"Bachelor's degree (BA, AB, BS)",6,South,5200,3313.92,580.0,30.03,4.44,38.54,2.26
Arkansas,05,2021,"Bachelor's degree (BA, AB, BS)",6,South,5540,3314.75,587.7,30.01,4.36,38.49,2.34
Arkansas,05,2022,"Bachelor's degree (BA, AB, BS)",6,South,5703,3324.58,561.81,30.0,4.41,38.59,2.15
Arkansas,05,2023,"Bachelor's degree (BA, AB, BS)",6,South,5676,3300.92,565.16,30.07,4.47,38.56,2.18
Arkansas,05,2024,"Bachelor's degree (BA, AB, BS)",6,South,5867,3309.18,573.21,30.17,4.41,38.52,2.21
Arkansas,05,2016,"Master's degree (MA, MS, MEng, MEd, MSW, MBA)",7,South,1961,3377.82,578.64,31.38,3.79,38.74,2.27
Arkansas,05,2017,"Master's degree (MA, MS, MEng, MEd, MSW, MBA)",7,South,1948,3340.32,584.07,31.58,3.83,38.7,2.33
Arkansas,05,2018,"Master's degree (MA, MS, MEng, MEd, MSW, MBA)",7,South,2187,3343.41,545.49,31.79,4.0,38.65,2.16
Arkansas,05,2019,"Master's degree (MA, MS, MEng, MEd, MSW, MBA)",7,South,2244,3349.35,576.09,31.55,3.87,38.55,2.32
Arkansas,05,2020,"Master's degree (MA, MS, MEng, MEd, MSW, MBA)",7,South,2185,3322.58,564.87,31.57,4.03,38.54,1.99
Arkansas,05,2021,"Master's degree (MA, MS, MEng, MEd, MSW, MBA)",7,South,2512,3333.3,574.14,31.71,3.97,38.5,2.19
Arkansas,05,2022,"Master's degree (MA, MS, MEng, MEd, MSW, MBA)",7,South,2445,3328.11,549.62,31.64,4.04,38.56,2.06
Arkansas,05,2023,"Master's degree (MA, MS, MEng, MEd, MSW, MBA)",7,South,2362,3314.45,575.34,31.63,4.08,38.54,2.18
Arkansas,05,2024,"Master's degree (MA, MS, MEng, MEd, MSW, MBA)",7,South,2545,3286.52,580.67,31.64,4.12,38.45,2.22
Arkansas,05,2016,"Doctorate (PhD, EdD) or Professional Degree (MD, DDS, DVM, LLB, JD)",8,South,534,3337.38,602.17,32.56,4.05,38.77,2.47
Arkansas,05,2017,"Doctorate (PhD, EdD) or Professional Degree (MD, DDS, DVM, LLB, JD)",8,South,495,3279.92,608.19,32.42,3.9,38.54,2.54
Arkansas,05,2018,"Doctorate (PhD, EdD) or Professional Degree (MD, DDS, DVM, LLB, JD)",8,South,579,3323.06,538.33,32.47,3.7,38.74,1.9
Arkansas,05,2019,"Doctorate (PhD, EdD) or Professional Degree (MD, DDS, DVM, LLB, JD)",8,South,549,3308.24,575.05,32.88,3.91,38.5,1.96
Arkansas,05,2020,"Doctorate (PhD, EdD) or Professional Degree (MD, DDS, DVM, LLB, JD)",8,South,597,3284.95,546.81,32.64,3.96,38.46,2.13
Arkansas,05,2021,"Doctorate (PhD, EdD) or Professional Degree (MD, DDS, DVM, LLB, JD)",8,South,688,3311.44,557.47,32.88,3.93,38.56,2.03
Arkansas,05,2022,"Doctorate (PhD, EdD) or Professional Degree (MD, DDS, DVM, LLB, JD)",8,South,673,3292.34,577.78,32.56,4.12,38.51,2.31
Arkansas,05,2023,"Doctorate (PhD, EdD) or Professional Degree (MD, DDS, DVM, LLB, JD)",8,South,700,3279.75,599.63,32.44,3.92,38.39,2.43
Arkansas,05,2024,"Doctorate (PhD, EdD) or Professional Degree (MD, DDS, DVM, LLB, JD)",8,South,742,3294.59,547.25,32.18,4.14,38.48,2.07
Delaware,10,2016,8th grade or less,1,South,573,3250.98,625.76,29.09,6.28,38.35,3.02
Delaware,10,2017,8th grade or less,1,South,537,3297.6,504.87,29.09,6.23,38.75,2.48
Delaware,10,2018,8th grade or less,1,South,461,3276.0,522.22,29.53,6.23,38.54,2.54
Delaware,10,2019,8th grade or less,1,South,474,3233.4,538.19,29.87,6.59,38.61,2.57
Delaware,10,2020,8th grade or less,1,South,509,3228.47,565.68,29.36,6.64,38.34,2.97
Delaware,10,2021,8th grade or less,1,South,515,3233.78,524.41,28.4,6.5,38.45,2.88
Delaware,10,2022,8th grade or less,1,South,534,3245.38,548.68,29.39,6.62,38.7,3.01
Delaware,10,2023,8th grade or less,1,South,551,3261.82,522.42,28.95,6.89,38.62,2.79
Delaware,10,2024,8th grade or less,1,South,525,3190.95,553.54,28.69,6.67,38.59,2.73
Delaware,10,2016,9th through 12th grade with no diploma,2,South,1089,3143.79,624.58,24.97,6.47,38.18,3.11
Delaware,10,2017,9th through 12th grade with no diploma,2,South,1043,3141.66,638.08,25.04,6.36,38.35,3.0
Delaware,10,2018,9th through 12th grade with no diploma,2,South,1048,3130.93,615.34,25.46,6.39,38.33,2.95
Delaware,10,2019,9th through 12th grade with no diploma,2,South,923,3145.3,655.63,25.55,6.41,38.34,3.07
Delaware,10,2020,9th through 12th grade with no diploma,2,South,844,3125.18,603.31,25.91,6.52,38.09,3.1
Delaware,10,2021,9th through 12th grade with no diploma,2,South,795,3099.03,605.5,25.88,6.66,38.34,2.78
Delaware,10,2022,9th through 12th grade with no diploma,2,South,870,3087.45,618.63,25.52,6.74,38.43,3.21
Delaware,10,2023,9th through 12th grade with no diploma,2,South,750,3133.28,605.18,25.63,6.99,38.39,2.86
Delaware,10,2024,9th through 12th grade with no diploma,2,South,852,3140.48,615.2,26.17,7.13,38.43,3.06
Delaware,10,2016,High school graduate or GED completed,3,South,2959,3199.96,635.62,26.64,5.47,38.33,3.07
Delaware,10,2017,High school graduate or GED completed,3,South,2916,3165.47,653.14,26.79,5.54,38.28,3.15
Delaware,10,2018,High school graduate or GED completed,3,South,2824,3171.77,616.14,26.79,5.43,38.5,3.0
Delaware,10,2019,High school graduate or GED completed,3,South,2874,3133.72,648.78,26.93,5.53,38.28,3.06
Delaware,10,2020,High school graduate or GED completed,3,South,2802,3173.83,601.97,27.0,5.55,38.39,2.77
Delaware,10,2021,High school graduate or GED completed,3,South,2753,3156.04,611.26,27.07,5.65,38.41,2.62
Delaware,10,2022,High school graduate or GED completed,3,South,2934,3159.7,610.94,27.26,5.71,38.55,2.96
Delaware,10,2023,High school graduate or GED completed,3,South,2842,3159.75,617.12,27.26,5.76,38.53,2.99
Delaware,10,2024,High school graduate or GED completed,3,South,2961,3163.37,642.95,27.5,5.75,38.42,2.96
Delaware,10,2016,"Some college credit, but not a degree",4,South,2088,3278.47,639.61,27.83,5.14,38.52,2.84
Delaware,10,2017,"Some college credit, but not a degree",4,South,2151,3265.9,605.44,28.16,5.26,38.64,2.65
Delaware,10,2018,"Some college credit, but not a degree",4,South,2127,3238.81,615.09,28.18,5.34,38.58,2.59
Delaware,10,2019,"Some college credit, but not a degree",4,South,1997,3243.0,621.48,28.43,5.22,38.51,2.71
Delaware,10,2020,"Some college credit, but not a degree",4,South,2016,3230.85,577.11,28.7,5.4,38.51,2.49
Delaware,10,2021,"Some college credit, but not a degree",4,South,1818,3229.2,589.49,28.73,5.42,38.48,2.59
Delaware,10,2022,"Some college credit, but not a degree",4,South,1841,3239.63,576.7,29.09,5.38,38.71,2.48
Delaware,10,2023,"Some college credit, but not a degree",4,South,1693,3242.73,586.1,29.58,5.43,38.76,2.57
Delaware,10,2024,"Some college credit, but not a degree",4,South,1670,3206.16,610.52,29.58,5.42,38.56,2.84
Delaware,10,2016,"Associate degree (AA, AS)",5,South,732,3307.13,583.92,30.18,4.87,38.64,2.78
Delaware,10,2017,"Associate degree (AA, AS)",5,South,778,3320.81,634.1,29.88,4.77,38.62,2.65
Delaware,10,2018,"Associate degree (AA, AS)",5,South,740,3357.3,601.6,30.53,4.93,38.74,2.52
Delaware,10,2019,"Associate degree (AA, AS)",5,South,750,3302.28,587.57,30.39,4.88,38.55,2.42
Delaware,10,2020,"Associate degree (AA, AS)",5,South,746,3288.11,633.18,30.45,5.09,38.36,2.62
Delaware,10,2021,"Associate degree (AA, AS)",5,South,805,3301.4,584.1,30.41,4.69,38.63,2.41
Delaware,10,2022,"Associate degree (AA, AS)",5,South,798,3261.02,607.74,30.74,4.8,38.6,2.7
Delaware,10,2023,"Associate degree (AA, AS)",5,South,771,3251.45,602.21,30.88,4.93,38.46,2.71
Delaware,10,2024,"Associate degree (AA, AS)",5,South,776,3305.81,603.33,30.76,4.93,38.57,2.47
Delaware,10,2016,"Bachelor's degree (BA, AB, BS)",6,South,2056,3357.95,593.62,31.2,4.24,38.89,2.53
Delaware,10,2017,"Bachelor's degree (BA, AB, BS)",6,South,1944,3372.46,576.4,31.27,4.37,38.83,2.31
Delaware,10,2018,"Bachelor's degree (BA, AB, BS)",6,South,1959,3347.79,545.05,31.46,4.36,38.88,2.22
Delaware,10,2019,"Bachelor's degree (BA, AB, BS)",6,South,2009,3320.17,599.11,31.51,4.45,38.65,2.54
Delaware,10,2020,"Bachelor's degree (BA, AB, BS)",6,South,1856,3317.88,539.73,31.56,4.37,38.78,2.22
Delaware,10,2021,"Bachelor's degree (BA, AB, BS)",6,South,2078,3317.53,558.89,31.64,4.28,38.75,2.39
Delaware,10,2022,"Bachelor's degree (BA, AB, BS)",6,South,2065,3295.67,596.03,31.64,4.52,38.8,2.57
Delaware,10,2023,"Bachelor's degree (BA, AB, BS)",6,South,2034,3305.69,579.84,31.72,4.27,38.79,2.44
Delaware,10,2024,"Bachelor's degree (BA, AB, BS)",6,South,2015,3316.54,562.17,31.85,4.45,38.85,2.31
Delaware,10,2016,"Master's degree (MA, MS, MEng, MEd, MSW, MBA)",7,South,1140,3331.18,607.78,32.36,3.86,38.8,2.61
Delaware,10,2017,"Master's degree (MA, MS, MEng, MEd, MSW, MBA)",7,South,1202,3337.6,551.91,32.33,4.01,38.81,2.14
Delaware,10,2018,"Master's degree (MA, MS, MEng, MEd, MSW, MBA)",7,South,1144,3344.05,566.34,32.74,3.76,38.83,2.18
Delaware,10,2019,"Master's degree (MA, MS, MEng, MEd, MSW, MBA)",7,South,1165,3339.41,547.66,32.7,3.95,38.82,2.12
Delaware,10,2020,"Master's degree (MA, MS, MEng, MEd, MSW, MBA)",7,South,1138,3324.43,567.93,32.76,3.83,38.68,2.18
Delaware,10,2021,"Master's degree (MA, MS, MEng, MEd, MSW, MBA)",7,South,1219,3314.16,575.3,33.1,3.85,38.53,2.45
Delaware,10,2022,"Master's degree (MA, MS, MEng, MEd, MSW, MBA)",7,South,1253,3320.65,573.73,33.17,4.0,38.87,2.2
Delaware,10,2023,"Master's degree (MA, MS, MEng, MEd, MSW, MBA)",7,South,1271,3299.34,572.33,33.23,4.0,38.77,2.44
Delaware,10,2024,"Master's degree (MA, MS, MEng, MEd, MSW, MBA)",7,South,1241,3317.63,598.05,33.22,4.04,38.75,2.45
Delaware,10,2016,"Doctorate (PhD, EdD) or Professional Degree (MD, DDS, DVM, LLB, JD)",8,South,296,3256.93,618.11,33.77,4.21,38.51,2.62
Delaware,10,2017,"Doctorate (PhD, EdD) or Professional Degree (MD, DDS, DVM, LLB, JD)",8,South,238,3323.23,544.43,33.5,3.46,38.66,2.26
Delaware,10,2018,"Doctorate (PhD, EdD) or Professional Degree (MD, DDS, DVM, LLB, JD)",8,South,253,3287.64,597.57,33.8,3.46,38.64,2.08
Delaware,10,2019,"Doctorate (PhD, EdD) or Professional Degree (MD, DDS, DVM, LLB, JD)",8,South,286,3326.85,555.43,33.37,3.68,38.56,2.33
Delaware,10,2020,"Doctorate (PhD, EdD) or Professional Degree (MD, DDS, DVM, LLB, JD)",8,South,268,3273.03,525.64,34.22,3.74,38.82,1.98
Delaware,10,2021,"Doctorate (PhD, EdD) or Professional Degree (MD, DDS, DVM, LLB, JD)",8,South,244,3291.9,545.55,33.94,4.06,38.63,2.04
Delaware,10,2022,"Doctorate (PhD, EdD) or Professional Degree (MD, DDS, DVM, LLB, JD)",8,South,301,3253.64,567.25,34.18,3.75,38.86,2.2
Delaware,10,2023,"Doctorate (PhD, EdD) or Professional Degree (MD, DDS, DVM, LLB, JD)",8,South,280,3259.95,518.18,34.4,3.79,38.87,2.28
Delaware,10,2024,"Doctorate (PhD, EdD) or Professional Degree (MD, DDS, DVM, LLB, JD)",8,South,318,3313.27,538.77,34.23,4.11,38.72,2.1
District of Columbia,11,2016,8th grade or less,1,South,308,3211.16,616.43,29.45,6.66,38.62,2.72
District of Columbia,11,2017,8th grade or less,1,South,283,3270.8,573.91,30.08,6.81,38.55,2.95
District of Columbia,11,2018,8th grade or less,1,South,275,3171.44,652.1,29.63,6.5,37.9,3.06
District of Columbia,11,2019,8th grade or less,1,South,257,3302.73,477.42,30.04,6.72,38.53,2.35
District of Columbia,11,2020,8th grade or less,1,South,273,3216.7,542.9,31.18,6.75,38.49,2.38
District of Columbia,11,2021,8th grade or less,1,South,305,3200.55,606.38,30.12,6.66,38.35,2.38
District of Columbia,11,2022,8th grade or less,1,South,254,3248.07,560.88,30.95,6.76,38.19,2.31
District of Columbia,11,2023,8th grade or less,1,South,271,3262.65,520.24,30.67,6.59,38.24,1.97
District of Columbia,11,2024,8th grade or less,1,South,223,3207.53,693.85,29.34,6.85,37.8,3.3
District of Columbia,11,2016,9th through 12th grade with no diploma,2,South,985,3067.47,649.31,25.22,6.53,38.13,3.37
District of Columbia,11,2017,9th through 12th grade with no diploma,2,South,952,3029.3,654.27,24.96,6.29,37.94,3.12
District of Columbia,11,2018,9th through 12th grade with no diploma,2,South,828,3065.16,633.61,25.27,6.54,38.14,2.97
District of Columbia,11,2019,9th through 12th grade with no diploma,2,South,748,3059.16,597.34,25.64,6.58,38.16,2.81
District of Columbia,11,2020,9th through 12th grade with no diploma,2,South,806,3048.12,632.67,25.64,6.59,38.07,2.96
District of Columbia,11,2021,9th through 12th grade with no diploma,2,South,688,3043.64,633.35,26.18,6.62,38.08,2.7
District of Columbia,11,2022,9th through 12th grade with no diploma,2,South,683,3060.1,597.29,26.27,6.74,38.05,2.51
District of Columbia,11,2023,9th through 12th grade with no diploma,2,South,748,3037.66,630.44,26.35,7.02,37.83,2.92
District of Columbia,11,2024,9th through 12th grade with no diploma,2,South,731,3064.6,636.05,26.34,6.71,37.97,2.95
District of Columbia,11,2016,High school graduate or GED completed,3,South,2215,3093.01,647.57,26.72,5.66,38.28,2.99
District of Columbia,11,2017,High school graduate or GED completed,3,South,2065,3099.84,655.62,26.75,5.53,38.17,2.88
District of Columbia,11,2018,High school graduate or GED completed,3,South,2035,3080.35,651.78,27.12,5.61,38.08,3.1
District of Columbia,11,2019,High school graduate or GED completed,3,South,2072,3071.05,651.24,27.28,5.57,38.16,2.87
District of Columbia,11,2020,High school graduate or GED completed,3,South,1797,3075.56,641.67,27.39,5.46,38.23,2.81
District of Columbia,11,2021,High school graduate or GED completed,3,South,1704,3066.37,626.31,27.39,5.46,38.08,2.69
District of Columbia,11,2022,High school graduate or GED completed,3,South,1715,3063.7,646.98,27.75,5.57,38.04,2.82
District of Columbia,11,2023,High school graduate or GED completed,3,South,1618,3055.96,633.03,27.93,5.58,38.01,2.68
District of Columbia,11,2024,High school graduate or GED completed,3,South,1537,3044.57,665.94,28.1,5.63,37.81,3.19
District of Columbia,11,2016,"Some college credit, but not a degree",4,South,1409,3138.0,649.0,27.76,5.49,38.35,2.95
District of Columbia,11,2017,"Some college credit, but not a degree",4,South,1405,3091.22,673.16,28.15,5.56,38.12,2.91
District of Columbia,11,2018,"Some college credit, but not a degree",4,South,1171,3110.83,651.31,28.52,5.5,38.26,2.81
District of Columbia,11,2019,"Some college credit, but not a degree",4,South,1139,3098.58,664.81,28.91,5.4,38.21,2.91
District of Columbia,11,2020,"Some college credit, but not a degree",4,South,1128,3141.74,611.39,28.86,5.46,38.54,2.47
District of Columbia,11,2021,"Some college credit, but not a degree",4,South,1053,3137.41,607.26,29.08,5.45,38.32,2.82
District of Columbia,11,2022,"Some college credit, but not a degree",4,South,942,3115.08,643.8,29.67,5.6,38.14,2.93
District of Columbia,11,2023,"Some college credit, but not a degree",4,South,886,3105.81,687.62,29.36,5.16,38.01,2.96
District of Columbia,11,2024,"Some college credit, but not a degree",4,South,855,3094.95,671.86,29.82,5.45,37.97,2.98
District of Columbia,11,2016,"Associate degree (AA, AS)",5,South,274,3231.56,678.68,30.77,5.04,38.55,2.99
District of Columbia,11,2017,"Associate degree (AA, AS)",5,South,263,3141.23,720.17,30.78,4.9,38.23,3.09
District of Columbia,11,2018,"Associate degree (AA, AS)",5,South,255,3156.1,609.3,30.89,5.14,38.49,2.6
District of Columbia,11,2019,"Associate degree (AA, AS)",5,South,259,3136.87,615.33,31.24,4.7,38.39,2.74
District of Columbia,11,2020,"Associate degree (AA, AS)",5,South,247,3167.17,729.99,31.15,5.43,38.12,2.9
District of Columbia,11,2021,"Associate degree (AA, AS)",5,South,226,3061.89,695.79,31.21,5.51,37.82,3.24
District of Columbia,11,2022,"Associate degree (AA, AS)",5,South,221,3213.79,575.21,31.72,4.84,38.37,2.34
District of Columbia,11,2023,"Associate degree (AA, AS)",5,South,182,3082.84,693.2,31.64,4.65,37.73,3.16
District of Columbia,11,2024,"Associate degree (AA, AS)",5,South,208,3160.66,578.5,31.84,5.35,38.16,2.69
District of Columbia,11,2016,"Bachelor's degree (BA, AB, BS)",6,South,1672,3293.02,583.42,32.39,4.51,38.96,2.29
District of Columbia,11,2017,"Bachelor's degree (BA, AB, BS)",6,South,1590,3333.75,584.94,32.64,4.39,38.94,2.23
District of Columbia,11,2018,"Bachelor's degree (BA, AB, BS)",6,South,1550,3307.09,554.58,32.93,4.28,38.81,2.25
District of Columbia,11,2019,"Bachelor's degree (BA, AB, BS)",6,South,1596,3289.06,580.07,33.09,4.39,38.88,2.16
District of Columbia,11,2020,"Bachelor's degree (BA, AB, BS)",6,South,1608,3297.25,565.83,33.04,4.47,38.81,2.24
District of Columbia,11,2021,"Bachelor's degree (BA, AB, BS)",6,South,1499,3328.51,552.55,33.23,4.46,38.83,2.15
District of Columbia,11,2022,"Bachelor's degree (BA, AB, BS)",6,South,1407,3250.23,570.67,33.22,4.42,38.61,2.2
District of Columbia,11,2023,"Bachelor's degree (BA, AB, BS)",6,South,1405,3293.43,545.58,33.42,4.41,38.56,2.29
District of Columbia,11,2024,"Bachelor's degree (BA, AB, BS)",6,South,1350,3267.83,553.54,33.7,4.48,38.59,2.18
District of Columbia,11,2016,"Master's degree (MA, MS, MEng, MEd, MSW, MBA)",7,South,1862,3315.62,542.81,34.4,3.82,38.95,2.18
District of Columbia,11,2017,"Master's degree (MA, MS, MEng, MEd, MSW, MBA)",7,South,1930,3321.45,577.28,34.43,3.73,38.94,2.08
District of Columbia,11,2018,"Master's degree (MA, MS, MEng, MEd, MSW, MBA)",7,South,1932,3340.71,536.85,34.68,3.71,38.99,1.89
District of Columbia,11,2019,"Master's degree (MA, MS, MEng, MEd, MSW, MBA)",7,South,1872,3317.31,537.45,34.78,3.76,38.94,1.97
District of Columbia,11,2020,"Master's degree (MA, MS, MEng, MEd, MSW, MBA)",7,South,1937,3303.56,564.07,35.07,3.73,38.85,2.09
District of Columbia,11,2021,"Master's degree (MA, MS, MEng, MEd, MSW, MBA)",7,South,1948,3312.28,548.21,35.13,3.56,38.77,2.11
District of Columbia,11,2022,"Master's degree (MA, MS, MEng, MEd, MSW, MBA)",7,South,1780,3308.61,555.52,35.36,3.89,38.73,2.05
District of Columbia,11,2023,"Master's degree (MA, MS, MEng, MEd, MSW, MBA)",7,South,1716,3288.11,563.48,35.47,3.85,38.69,2.27
District of Columbia,11,2024,"Master's degree (MA, MS, MEng, MEd, MSW, MBA)",7,South,1689,3275.82,565.84,35.48,3.78,38.49,2.32
District of Columbia,11,2016,"Doctorate (PhD, EdD) or Professional Degree (MD, DDS, DVM, LLB, JD)",8,South,1065,3349.98,508.6,34.98,3.54,39.12,2.01
District of Columbia,11,2017,"Doctorate (PhD, EdD) or Professional Degree (MD, DDS, DVM, LLB, JD)",8,South,1014,3308.92,562.33,35.01,3.52,38.77,2.2
District of Columbia,11,2018,"Doctorate (PhD, EdD) or Professional Degree (MD, DDS, DVM, LLB, JD)",8,South,1070,3317.22,514.43,35.37,3.48,38.97,1.84
District of Columbia,11,2019,"Doctorate (PhD, EdD) or Professional Degree (MD, DDS, DVM, LLB, JD)",8,South,1040,3348.86,543.71,35.42,3.55,38.87,1.97
District of Columbia,11,2020,"Doctorate (PhD, EdD) or Professional Degree (MD, DDS, DVM, LLB, JD)",8,South,994,3317.07,527.91,35.46,3.53,38.92,1.91
District of Columbia,11,2021,"Doctorate (PhD, EdD) or Professional Degree (MD, DDS, DVM, LLB, JD)",8,South,1053,3272.46,530.44,35.48,3.55,38.7,2.06
District of Columbia,11,2022,"Doctorate (PhD, EdD) or Professional Degree (MD, DDS, DVM, LLB, JD)",8,South,941,3299.83,543.18,35.74,3.57,38.68,1.94
District of Columbia,11,2023,"Doctorate (PhD, EdD) or Professional Degree (MD, DDS, DVM, LLB, JD)",8,South,928,3334.68,522.18,35.98,3.57,38.67,1.92
District of Columbia,11,2024,"Doctorate (PhD, EdD) or Professional Degree (MD, DDS, DVM, LLB, JD)",8,South,885,3257.98,524.01,35.98,3.72,38.55,2.29
Florida,12,2016,8th grade or less,1,South,6695,3236.95,585.03,28.68,6.8,38.47,2.8
Florida,12,2017,8th grade or less,1,South,6623,3227.03,558.41,28.66,6.74,38.46,2.69
Florida,12,2018,8th grade or less,1,South,6404,3248.13,557.05,28.95,6.73,38.45,2.68
Florida,12,2019,8th grade or less,1,South,6252,3213.09,543.77,28.6,6.92,38.39,2.73
Florida,12,2020,8th grade or less,1,South,5917,3220.09,548.88,28.61,6.91,38.44,2.69
Florida,12,2021,8th grade or less,1,South,5867,3212.9,565.48,28.61,7.05,38.35,2.81
Florida,12,2022,8th grade or less,1,South,7137,3189.84,563.85,28.75,6.93,38.36,2.78
Florida,12,2023,8th grade or less,1,South,6919,3192.06,558.0,28.5,7.06,38.32,2.85
Florida,12,2024,8th grade or less,1,South,6836,3174.36,551.28,28.14,6.98,38.37,2.86
Florida,12,2016,9th through 12th grade with no diploma,2,South,20862,3135.26,608.65,24.98,6.36,38.36,2.9
Florida,12,2017,9th through 12th grade with no diploma,2,South,20152,3132.61,605.3,25.2,6.39,38.32,2.87
Florida,12,2018,9th through 12th grade with no diploma,2,South,18922,3139.8,611.44,25.46,6.52,38.33,2.89
Florida,12,2019,9th through 12th grade with no diploma,2,South,17660,3128.56,599.49,25.45,6.49,38.27,2.85
Florida,12,2020,9th through 12th grade with no diploma,2,South,16227,3133.75,608.69,25.58,6.56,38.32,2.9
Florida,12,2021,9th through 12th grade with no diploma,2,South,15340,3139.52,602.37,25.82,6.57,38.34,2.87
Florida,12,2022,9th through 12th grade with no diploma,2,South,16043,3129.88,604.39,26.24,6.7,38.32,2.9
Florida,12,2023,9th through 12th grade with no diploma,2,South,15829,3134.72,609.31,26.34,6.84,38.29,2.91
Florida,12,2024,9th through 12th grade with no diploma,2,South,15166,3126.8,602.4,26.43,6.85,38.3,2.93
Florida,12,2016,High school graduate or GED completed,3,South,69527,3199.65,602.75,27.02,5.72,38.48,2.75
Florida,12,2017,High school graduate or GED completed,3,South,69578,3190.17,603.06,27.13,5.73,38.42,2.76
Florida,12,2018,High school graduate or GED completed,3,South,67627,3197.93,604.74,27.31,5.74,38.42,2.74
Florida,12,2019,High school graduate or GED completed,3,South,68336,3189.79,609.02,27.34,5.75,38.39,2.73
Florida,12,2020,High school graduate or GED completed,3,South,65185,3192.31,602.17,27.4,5.81,38.38,2.7
Florida,12,2021,High school graduate or GED completed,3,South,66101,3183.27,612.41,27.5,5.75,38.36,2.76
Florida,12,2022,High school graduate or GED completed,3,South,68479,3182.4,604.78,27.67,5.79,38.43,2.77
Florida,12,2023,High school graduate or GED completed,3,South,68378,3178.24,610.62,27.81,5.83,38.42,2.81
Florida,12,2024,High school graduate or GED completed,3,South,68627,3176.92,605.39,27.87,5.81,38.44,2.8
Florida,12,2016,"Some college credit, but not a degree",4,South,42571,3250.87,596.53,28.31,5.37,38.57,2.6
Florida,12,2017,"Some college credit, but not a degree",4,South,41760,3235.51,597.38,28.47,5.35,38.53,2.6
Florida,12,2018,"Some college credit, but not a degree",4,South,40610,3239.77,597.6,28.63,5.38,38.51,2.59
Florida,12,2019,"Some college credit, but not a degree",4,South,39055,3233.88,602.38,28.88,5.4,38.48,2.62
Florida,12,2020,"Some college credit, but not a degree",4,South,35973,3233.19,597.66,28.96,5.43,38.5,2.57
Florida,12,2021,"Some college credit, but not a degree",4,South,36563,3226.51,595.1,29.27,5.41,38.47,2.63
Florida,12,2022,"Some college credit, but not a degree",4,South,36732,3221.24,600.39,29.46,5.45,38.51,2.68
Florida,12,2023,"Some college credit, but not a degree",4,South,33506,3221.62,607.5,29.6,5.46,38.49,2.67
Florida,12,2024,"Some college credit, but not a degree",4,South,32643,3226.14,603.35,29.71,5.44,38.49,2.65
Florida,12,2016,"Associate degree (AA, AS)",5,South,22599,3276.04,587.6,29.9,4.99,38.63,2.46
Florida,12,2017,"Associate degree (AA, AS)",5,South,22571,3267.17,592.28,30.0,5.0,38.56,2.51
Florida,12,2018,"Associate degree (AA, AS)",5,South,22817,3271.04,594.53,30.14,4.99,38.59,2.52
Florida,12,2019,"Associate degree (AA, AS)",5,South,22586,3267.24,583.21,30.25,5.03,38.53,2.47
Florida,12,2020,"Associate degree (AA, AS)",5,South,21882,3262.99,580.55,30.28,5.03,38.53,2.46
Florida,12,2021,"Associate degree (AA, AS)",5,South,22968,3246.07,602.84,30.43,5.04,38.42,2.57
Florida,12,2022,"Associate degree (AA, AS)",5,South,23282,3250.42,593.8,30.46,5.05,38.5,2.58
Florida,12,2023,"Associate degree (AA, AS)",5,South,22884,3249.96,593.34,30.64,5.07,38.54,2.58
Florida,12,2024,"Associate degree (AA, AS)",5,South,22474,3242.79,593.35,30.78,5.08,38.53,2.58
Florida,12,2016,"Bachelor's degree (BA, AB, BS)",6,South,39955,3312.08,569.14,31.48,4.49,38.72,2.33
Florida,12,2017,"Bachelor's degree (BA, AB, BS)",6,South,40002,3309.7,561.32,31.57,4.48,38.71,2.28
Florida,12,2018,"Bachelor's degree (BA, AB, BS)",6,South,41416,3304.74,569.53,31.71,4.49,38.63,2.32
Florida,12,2019,"Bachelor's degree (BA, AB, BS)",6,South,42240,3304.47,563.48,31.82,4.49,38.66,2.27
Florida,12,2020,"Bachelor's degree (BA, AB, BS)",6,South,41239,3304.48,561.12,31.87,4.49,38.64,2.25
Florida,12,2021,"Bachelor's degree (BA, AB, BS)",6,South,43722,3290.66,560.47,31.9,4.49,38.58,2.3
Florida,12,2022,"Bachelor's degree (BA, AB, BS)",6,South,46266,3293.01,566.61,31.99,4.56,38.63,2.37
Florida,12,2023,"Bachelor's degree (BA, AB, BS)",6,South,47672,3285.79,567.27,32.06,4.58,38.65,2.36
Florida,12,2024,"Bachelor's degree (BA, AB, BS)",6,South,48025,3290.12,563.41,32.09,4.58,38.67,2.36
Florida,12,2016,"Master's degree (MA, MS, MEng, MEd, MSW, MBA)",7,South,15897,3300.77,567.12,32.85,4.05,38.71,2.33
Florida,12,2017,"Master's degree (MA, MS, MEng, MEd, MSW, MBA)",7,South,15869,3307.23,554.43,32.91,4.1,38.71,2.19
Florida,12,2018,"Master's degree (MA, MS, MEng, MEd, MSW, MBA)",7,South,16318,3308.51,559.71,33.04,4.06,38.66,2.23
Florida,12,2019,"Master's degree (MA, MS, MEng, MEd, MSW, MBA)",7,South,16610,3306.53,547.03,33.17,4.07,38.66,2.14
Florida,12,2020,"Master's degree (MA, MS, MEng, MEd, MSW, MBA)",7,South,16558,3295.62,564.49,33.27,4.05,38.59,2.27
Florida,12,2021,"Master's degree (MA, MS, MEng, MEd, MSW, MBA)",7,South,17835,3285.05,560.14,33.27,4.08,38.53,2.31
Florida,12,2022,"Master's degree (MA, MS, MEng, MEd, MSW, MBA)",7,South,18829,3275.87,565.65,33.41,4.13,38.55,2.32
Florida,12,2023,"Master's degree (MA, MS, MEng, MEd, MSW, MBA)",7,South,18719,3284.19,563.19,33.39,4.2,38.66,2.33
Florida,12,2024,"Master's degree (MA, MS, MEng, MEd, MSW, MBA)",7,South,19595,3284.0,562.1,33.49,4.22,38.65,2.28
Florida,12,2016,"Doctorate (PhD, EdD) or Professional Degree (MD, DDS, DVM, LLB, JD)",8,South,4537,3283.59,542.8,33.59,4.03,38.65,2.22
Florida,12,2017,"Doctorate (PhD, EdD) or Professional Degree (MD, DDS, DVM, LLB, JD)",8,South,4656,3279.21,548.4,33.72,3.86,38.69,2.14
Florida,12,2018,"Doctorate (PhD, EdD) or Professional Degree (MD, DDS, DVM, LLB, JD)",8,South,4887,3291.92,544.55,33.68,3.86,38.65,2.17
Florida,12,2019,"Doctorate (PhD, EdD) or Professional Degree (MD, DDS, DVM, LLB, JD)",8,South,5226,3269.43,548.07,33.92,3.86,38.6,2.18
Florida,12,2020,"Doctorate (PhD, EdD) or Professional Degree (MD, DDS, DVM, LLB, JD)",8,South,5056,3265.18,545.96,33.97,3.94,38.58,2.16
Florida,12,2021,"Doctorate (PhD, EdD) or Professional Degree (MD, DDS, DVM, LLB, JD)",8,South,5555,3262.96,538.58,34.08,3.78,38.49,2.14
Florida,12,2022,"Doctorate (PhD, EdD) or Professional Degree (MD, DDS, DVM, LLB, JD)",8,South,5886,3252.76,553.83,34.19,3.95,38.48,2.41
Florida,12,2023,"Doctorate (PhD, EdD) or Professional Degree (MD, DDS, DVM, LLB, JD)",8,South,5951,3272.05,552.87,34.12,4.03,38.6,2.31
Florida,12,2024,"Doctorate (PhD, EdD) or Professional Degree (MD, DDS, DVM, LLB, JD)",8,South,6148,3258.45,538.95,34.16,4.05,38.57,2.22
Georgia,13,2016,8th grade or less,1,South,4894,3254.51,575.92,28.88,6.76,38.43,2.64
Georgia,13,2017,8th grade or less,1,South,4411,3233.38,581.22,29.35,6.9,38.3,2.65
Georgia,13,2018,8th grade or less,1,South,4086,3227.36,573.69,28.92,7.15,38.36,2.74
Georgia,13,2019,8th grade or less,1,South,4023,3225.22,553.66,28.85,7.14,38.31,2.64
Georgia,13,2020,8th grade or less,1,South,3810,3212.61,588.1,29.02,7.19,38.33,2.79
Georgia,13,2021,8th grade or less,1,South,3662,3204.83,575.06,29.0,7.18,38.4,2.81
Georgia,13,2022,8th grade or less,1,South,4045,3171.98,559.19,28.66,7.15,38.39,2.87
Georgia,13,2023,8th grade or less,1,South,3937,3180.01,577.39,28.38,7.2,38.28,2.87
Georgia,13,2024,8th grade or less,1,South,4170,3196.78,541.11,28.32,6.84,38.42,2.56
Georgia,13,2016,9th through 12th grade with no diploma,2,South,13833,3100.13,608.18,24.36,6.08,38.28,2.92
Georgia,13,2017,9th through 12th grade with no diploma,2,South,12620,3098.36,597.45,24.44,6.13,38.24,2.93
Georgia,13,2018,9th through 12th grade with no diploma,2,South,11878,3118.29,598.17,24.56,6.28,38.25,2.89
Georgia,13,2019,9th through 12th grade with no diploma,2,South,11851,3099.72,606.54,24.74,6.31,38.17,2.81
Georgia,13,2020,9th through 12th grade with no diploma,2,South,10885,3114.78,596.77,24.8,6.38,38.27,2.79
Georgia,13,2021,9th through 12th grade with no diploma,2,South,10174,3090.46,606.21,24.93,6.51,38.17,2.87
Georgia,13,2022,9th through 12th grade with no diploma,2,South,9841,3087.14,600.75,24.9,6.47,38.19,2.94
Georgia,13,2023,9th through 12th grade with no diploma,2,South,9650,3091.36,596.92,24.87,6.49,38.19,2.95
Georgia,13,2024,9th through 12th grade with no diploma,2,South,9969,3086.88,597.33,24.82,6.45,38.23,2.82
Georgia,13,2016,High school graduate or GED completed,3,South,38270,3154.34,612.66,26.04,5.54,38.39,2.8
Georgia,13,2017,High school graduate or GED completed,3,South,39389,3154.71,613.72,26.21,5.55,38.36,2.81
Georgia,13,2018,High school graduate or GED completed,3,South,39741,3147.2,616.16,26.33,5.58,38.33,2.85
Georgia,13,2019,High school graduate or GED completed,3,South,39582,3146.58,614.47,26.44,5.6,38.24,2.82
Georgia,13,2020,High school graduate or GED completed,3,South,39675,3145.81,609.05,26.57,5.63,38.26,2.86
Georgia,13,2021,High school graduate or GED completed,3,South,40316,3131.5,619.2,26.7,5.6,38.32,2.85
Georgia,13,2022,High school graduate or GED completed,3,South,41034,3124.28,609.7,26.83,5.64,38.4,2.91
Georgia,13,2023,High school graduate or GED completed,3,South,42103,3131.64,605.8,26.92,5.68,38.42,2.93
Georgia,13,2024,High school graduate or GED completed,3,South,42352,3126.44,605.68,27.11,5.72,38.51,2.96
Georgia,13,2016,"Some college credit, but not a degree",4,South,24983,3203.1,622.1,27.46,5.28,38.47,2.71
Georgia,13,2017,"Some college credit, but not a degree",4,South,24268,3188.03,623.65,27.61,5.3,38.38,2.79
Georgia,13,2018,"Some college credit, but not a degree",4,South,22893,3189.33,614.77,27.74,5.24,38.4,2.76
Georgia,13,2019,"Some college credit, but not a degree",4,South,22718,3194.72,609.4,27.89,5.27,38.36,2.68
Georgia,13,2020,"Some college credit, but not a degree",4,South,21146,3189.52,623.41,28.04,5.3,38.36,2.67
Georgia,13,2021,"Some college credit, but not a degree",4,South,20086,3183.14,617.69,28.17,5.26,38.34,2.66
Georgia,13,2022,"Some college credit, but not a degree",4,South,20120,3168.23,624.83,28.4,5.33,38.36,2.79
Georgia,13,2023,"Some college credit, but not a degree",4,South,19865,3186.01,607.22,28.87,5.43,38.41,2.69
Georgia,13,2024,"Some college credit, but not a degree",4,South,18675,3180.93,613.64,28.68,5.41,38.39,2.66
Georgia,13,2016,"Associate degree (AA, AS)",5,South,8666,3237.12,612.25,29.4,4.96,38.52,2.57
Georgia,13,2017,"Associate degree (AA, AS)",5,South,8933,3237.19,606.95,29.42,4.86,38.51,2.59
Georgia,13,2018,"Associate degree (AA, AS)",5,South,9470,3223.64,612.96,29.72,4.91,38.44,2.74
Georgia,13,2019,"Associate degree (AA, AS)",5,South,9844,3201.32,637.26,29.75,4.98,38.28,2.83
Georgia,13,2020,"Associate degree (AA, AS)",5,South,9509,3215.04,611.38,29.83,4.95,38.29,2.7
Georgia,13,2021,"Associate degree (AA, AS)",5,South,9898,3201.53,616.99,29.94,4.97,38.31,2.69
Georgia,13,2022,"Associate degree (AA, AS)",5,South,10714,3194.07,614.71,30.17,5.0,38.35,2.69
Georgia,13,2023,"Associate degree (AA, AS)",5,South,9191,3208.24,590.8,30.06,5.04,38.36,2.6
Georgia,13,2024,"Associate degree (AA, AS)",5,South,9364,3202.06,601.21,30.25,5.02,38.36,2.56
Georgia,13,2016,"Bachelor's degree (BA, AB, BS)",6,South,26734,3287.68,592.08,31.24,4.53,38.72,2.4
Georgia,13,2017,"Bachelor's degree (BA, AB, BS)",6,South,27994,3277.97,592.28,31.3,4.6,38.72,2.49
Georgia,13,2018,"Bachelor's degree (BA, AB, BS)",6,South,26669,3281.02,590.62,31.41,4.56,38.67,2.53
Georgia,13,2019,"Bachelor's degree (BA, AB, BS)",6,South,26902,3265.22,583.3,31.39,4.57,38.57,2.57
Georgia,13,2020,"Bachelor's degree (BA, AB, BS)",6,South,26192,3269.56,587.6,31.43,4.57,38.54,2.53
Georgia,13,2021,"Bachelor's degree (BA, AB, BS)",6,South,27451,3253.42,589.32,31.48,4.56,38.6,2.51
Georgia,13,2022,"Bachelor's degree (BA, AB, BS)",6,South,27115,3252.73,588.06,31.51,4.62,38.66,2.57
Georgia,13,2023,"Bachelor's degree (BA, AB, BS)",6,South,27178,3257.89,586.79,31.57,4.63,38.8,2.67
Georgia,13,2024,"Bachelor's degree (BA, AB, BS)",6,South,26863,3258.93,581.88,31.46,4.65,38.78,2.65
Georgia,13,2016,"Master's degree (MA, MS, MEng, MEd, MSW, MBA)",7,South,9350,3292.51,591.68,32.7,4.05,38.69,2.38
Georgia,13,2017,"Master's degree (MA, MS, MEng, MEd, MSW, MBA)",7,South,8654,3294.72,588.21,32.54,4.11,38.68,2.44
Georgia,13,2018,"Master's degree (MA, MS, MEng, MEd, MSW, MBA)",7,South,8745,3271.28,610.87,32.76,4.07,38.6,2.61
Georgia,13,2019,"Master's degree (MA, MS, MEng, MEd, MSW, MBA)",7,South,8609,3260.33,590.96,32.8,4.05,38.56,2.53
Georgia,13,2020,"Master's degree (MA, MS, MEng, MEd, MSW, MBA)",7,South,8730,3286.39,573.16,32.76,4.15,38.62,2.36
Georgia,13,2021,"Master's degree (MA, MS, MEng, MEd, MSW, MBA)",7,South,9675,3260.46,599.77,32.83,4.21,38.54,2.47
Georgia,13,2022,"Master's degree (MA, MS, MEng, MEd, MSW, MBA)",7,South,10189,3263.76,585.39,32.84,4.22,38.56,2.44
Georgia,13,2023,"Master's degree (MA, MS, MEng, MEd, MSW, MBA)",7,South,10045,3265.2,579.21,32.78,4.25,38.6,2.42
Georgia,13,2024,"Master's degree (MA, MS, MEng, MEd, MSW, MBA)",7,South,11019,3256.54,570.47,32.89,4.21,38.59,2.41
Georgia,13,2016,"Doctorate (PhD, EdD) or Professional Degree (MD, DDS, DVM, LLB, JD)",8,South,2133,3278.49,570.43,33.77,3.83,38.67,2.34
Georgia,13,2017,"Doctorate (PhD, EdD) or Professional Degree (MD, DDS, DVM, LLB, JD)",8,South,2145,3297.13,549.12,33.81,3.86,38.74,2.16
Georgia,13,2018,"Doctorate (PhD, EdD) or Professional Degree (MD, DDS, DVM, LLB, JD)",8,South,2114,3267.21,576.52,34.0,3.87,38.72,2.33
Georgia,13,2019,"Doctorate (PhD, EdD) or Professional Degree (MD, DDS, DVM, LLB, JD)",8,South,2145,3262.86,574.08,34.03,4.14,38.6,2.39
Georgia,13,2020,"Doctorate (PhD, EdD) or Professional Degree (MD, DDS, DVM, LLB, JD)",8,South,2113,3272.04,569.74,34.02,3.93,38.56,2.29
Georgia,13,2021,"Doctorate (PhD, EdD) or Professional Degree (MD, DDS, DVM, LLB, JD)",8,South,2483,3254.42,583.83,34.12,4.05,38.61,2.52
Georgia,13,2022,"Doctorate (PhD, EdD) or Professional Degree (MD, DDS, DVM, LLB, JD)",8,South,2625,3246.51,557.5,33.93,3.92,38.58,2.52
Georgia,13,2023,"Doctorate (PhD, EdD) or Professional Degree (MD, DDS, DVM, LLB, JD)",8,South,2602,3245.75,575.47,34.12,3.98,38.52,2.41
Georgia,13,2024,"Doctorate (PhD, EdD) or Professional Degree (MD, DDS, DVM, LLB, JD)",8,South,3402,3226.14,590.02,33.99,4.2,38.52,2.63
Kentucky,21,2016,8th grade or less,1,South,1882,3307.62,607.29,28.42,6.36,38.69,2.66
Kentucky,21,2017,8th grade or less,1,South,1796,3281.49,603.74,28.98,6.53,38.69,2.55
Kentucky,21,2018,8th grade or less,1,South,1859,3317.88,590.36,28.82,6.34,38.67,2.49
Kentucky,21,2019,8th grade or less,1,South,1880,3301.99,572.54,28.99,6.49,38.71,2.51
Kentucky,21,2020,8th grade or less,1,South,1912,3306.21,575.95,29.06,6.5,38.67,2.38
Kentucky,21,2021,8th grade or less,1,South,2078,3288.16,578.78,29.14,6.6,38.58,2.54
Kentucky,21,2022,8th grade or less,1,South,2095,3278.47,599.12,28.98,6.65,38.52,2.6
Kentucky,21,2023,8th grade or less,1,South,2205,3294.37,561.74,28.9,6.61,38.5,2.61
Kentucky,21,2024,8th grade or less,1,South,2387,3278.44,555.03,28.56,6.59,38.5,2.56
Kentucky,21,2016,9th through 12th grade with no diploma,2,South,5810,3122.48,611.25,23.83,6.01,38.38,2.92
Kentucky,21,2017,9th through 12th grade with no diploma,2,South,5643,3126.48,605.32,23.89,5.9,38.34,2.91
Kentucky,21,2018,9th through 12th grade with no diploma,2,South,5238,3117.0,590.81,23.98,6.05,38.28,2.87
Kentucky,21,2019,9th through 12th grade with no diploma,2,South,4971,3100.31,613.06,24.22,6.13,38.19,2.9
Kentucky,21,2020,9th through 12th grade with no diploma,2,South,4650,3126.99,605.14,24.48,6.26,38.3,2.81
Kentucky,21,2021,9th through 12th grade with no diploma,2,South,4400,3120.02,601.98,24.39,6.26,38.17,2.79
Kentucky,21,2022,9th through 12th grade with no diploma,2,South,4103,3108.6,597.66,24.46,6.37,38.09,2.93
Kentucky,21,2023,9th through 12th grade with no diploma,2,South,4194,3123.04,600.74,24.69,6.55,38.15,2.78
Kentucky,21,2024,9th through 12th grade with no diploma,2,South,4308,3123.86,600.2,24.92,6.51,38.08,2.76
Kentucky,21,2016,High school graduate or GED completed,3,South,15424,3208.73,610.77,24.89,5.16,38.52,2.79
Kentucky,21,2017,High school graduate or GED completed,3,South,15683,3207.25,603.66,25.03,5.12,38.5,2.68
Kentucky,21,2018,High school graduate or GED completed,3,South,15922,3199.76,606.92,25.2,5.19,38.43,2.75
Kentucky,21,2019,High school graduate or GED completed,3,South,15908,3197.59,594.9,25.32,5.16,38.39,2.65
Kentucky,21,2020,High school graduate or GED completed,3,South,16102,3205.23,594.09,25.32,5.19,38.42,2.66
Kentucky,21,2021,High school graduate or GED completed,3,South,16117,3190.03,610.53,25.55,5.22,38.33,2.69
Kentucky,21,2022,High school graduate or GED completed,3,South,16302,3187.47,601.98,25.63,5.25,38.3,2.72
Kentucky,21,2023,High school graduate or GED completed,3,South,16522,3188.92,600.36,25.72,5.2,38.19,2.71
Kentucky,21,2024,High school graduate or GED completed,3,South,16806,3187.74,604.19,25.95,5.38,38.16,2.71
Kentucky,21,2016,"Some college credit, but not a degree",4,South,13040,3245.4,622.07,26.67,5.08,38.5,2.72
Kentucky,21,2017,"Some college credit, but not a degree",4,South,12493,3250.48,615.91,26.76,5.08,38.5,2.67
Kentucky,21,2018,"Some college credit, but not a degree",4,South,12130,3263.73,608.73,26.97,5.09,38.46,2.62
Kentucky,21,2019,"Some college credit, but not a degree",4,South,11703,3258.62,596.82,27.07,5.1,38.45,2.59
Kentucky,21,2020,"Some college credit, but not a degree",4,South,10783,3254.94,589.54,27.29,5.19,38.5,2.54
Kentucky,21,2021,"Some college credit, but not a degree",4,South,10531,3242.31,614.04,27.42,5.2,38.36,2.63
Kentucky,21,2022,"Some college credit, but not a degree",4,South,10213,3232.84,581.3,27.48,5.12,38.35,2.49
Kentucky,21,2023,"Some college credit, but not a degree",4,South,9861,3233.06,587.42,27.8,5.24,38.26,2.52
Kentucky,21,2024,"Some college credit, but not a degree",4,South,9607,3241.44,589.49,27.75,5.21,38.24,2.53
Kentucky,21,2016,"Associate degree (AA, AS)",5,South,4964,3308.99,601.72,28.94,4.69,38.55,2.47
Kentucky,21,2017,"Associate degree (AA, AS)",5,South,5028,3296.92,620.9,28.98,4.66,38.44,2.62
Kentucky,21,2018,"Associate degree (AA, AS)",5,South,4928,3299.56,618.98,28.96,4.67,38.44,2.6
Kentucky,21,2019,"Associate degree (AA, AS)",5,South,4864,3283.39,578.53,29.11,4.76,38.38,2.36
Kentucky,21,2020,"Associate degree (AA, AS)",5,South,4618,3284.91,591.04,29.19,4.88,38.39,2.5
Kentucky,21,2021,"Associate degree (AA, AS)",5,South,4683,3279.99,609.67,29.13,4.86,38.36,2.51
Kentucky,21,2022,"Associate degree (AA, AS)",5,South,4819,3260.76,596.71,29.16,4.84,38.27,2.49
Kentucky,21,2023,"Associate degree (AA, AS)",5,South,4634,3275.31,588.38,29.17,4.94,38.21,2.49
Kentucky,21,2024,"Associate degree (AA, AS)",5,South,4625,3268.14,595.27,29.28,4.94,38.17,2.47
Kentucky,21,2016,"Bachelor's degree (BA, AB, BS)",6,South,8549,3363.13,585.77,30.31,4.3,38.72,2.33
Kentucky,21,2017,"Bachelor's degree (BA, AB, BS)",6,South,8371,3361.0,580.64,30.39,4.38,38.74,2.31
Kentucky,21,2018,"Bachelor's degree (BA, AB, BS)",6,South,8173,3351.71,579.09,30.43,4.39,38.72,2.3
Kentucky,21,2019,"Bachelor's degree (BA, AB, BS)",6,South,8226,3347.86,578.91,30.41,4.44,38.65,2.26
Kentucky,21,2020,"Bachelor's degree (BA, AB, BS)",6,South,8044,3356.68,564.71,30.39,4.43,38.67,2.28
Kentucky,21,2021,"Bachelor's degree (BA, AB, BS)",6,South,8683,3344.9,570.65,30.38,4.38,38.64,2.24
Kentucky,21,2022,"Bachelor's degree (BA, AB, BS)",6,South,8709,3343.04,571.53,30.37,4.47,38.57,2.31
Kentucky,21,2023,"Bachelor's degree (BA, AB, BS)",6,South,8724,3338.59,567.81,30.34,4.48,38.48,2.3
Kentucky,21,2024,"Bachelor's degree (BA, AB, BS)",6,South,9161,3333.89,564.97,30.46,4.49,38.47,2.3
Kentucky,21,2016,"Master's degree (MA, MS, MEng, MEd, MSW, MBA)",7,South,4290,3369.91,583.6,31.84,3.78,38.7,2.31
Kentucky,21,2017,"Master's degree (MA, MS, MEng, MEd, MSW, MBA)",7,South,4370,3382.95,593.07,31.82,3.75,38.71,2.34
Kentucky,21,2018,"Master's degree (MA, MS, MEng, MEd, MSW, MBA)",7,South,4293,3378.02,560.12,31.87,3.88,38.74,2.21
Kentucky,21,2019,"Master's degree (MA, MS, MEng, MEd, MSW, MBA)",7,South,4133,3361.77,580.32,31.95,3.92,38.6,2.35
Kentucky,21,2020,"Master's degree (MA, MS, MEng, MEd, MSW, MBA)",7,South,4210,3376.11,566.92,32.07,3.87,38.69,2.17
Kentucky,21,2021,"Master's degree (MA, MS, MEng, MEd, MSW, MBA)",7,South,4294,3339.54,593.12,31.97,3.96,38.5,2.37
Kentucky,21,2022,"Master's degree (MA, MS, MEng, MEd, MSW, MBA)",7,South,4465,3355.97,561.66,31.97,3.99,38.59,2.2
Kentucky,21,2023,"Master's degree (MA, MS, MEng, MEd, MSW, MBA)",7,South,4386,3341.21,573.55,31.93,4.09,38.46,2.24
Kentucky,21,2024,"Master's degree (MA, MS, MEng, MEd, MSW, MBA)",7,South,4429,3339.55,552.01,31.97,4.07,38.46,2.13
Kentucky,21,2016,"Doctorate (PhD, EdD) or Professional Degree (MD, DDS, DVM, LLB, JD)",8,South,1217,3317.05,571.92,32.84,3.75,38.68,2.15
Kentucky,21,2017,"Doctorate (PhD, EdD) or Professional Degree (MD, DDS, DVM, LLB, JD)",8,South,1120,3362.28,560.88,32.71,3.65,38.76,2.09
Kentucky,21,2018,"Doctorate (PhD, EdD) or Professional Degree (MD, DDS, DVM, LLB, JD)",8,South,1141,3378.5,507.06,32.96,3.59,38.77,1.98
Kentucky,21,2019,"Doctorate (PhD, EdD) or Professional Degree (MD, DDS, DVM, LLB, JD)",8,South,1094,3352.07,573.91,32.82,3.59,38.65,2.21
Kentucky,21,2020,"Doctorate (PhD, EdD) or Professional Degree (MD, DDS, DVM, LLB, JD)",8,South,1110,3356.9,572.13,33.08,3.69,38.61,2.36
Kentucky,21,2021,"Doctorate (PhD, EdD) or Professional Degree (MD, DDS, DVM, LLB, JD)",8,South,1180,3341.53,541.43,33.13,3.71,38.58,2.11
Kentucky,21,2022,"Doctorate (PhD, EdD) or Professional Degree (MD, DDS, DVM, LLB, JD)",8,South,1295,3331.85,559.23,32.95,3.94,38.55,2.28
Kentucky,21,2023,"Doctorate (PhD, EdD) or Professional Degree (MD, DDS, DVM, LLB, JD)",8,South,1218,3347.18,533.35,32.95,3.87,38.46,2.15
Kentucky,21,2024,"Doctorate (PhD, EdD) or Professional Degree (MD, DDS, DVM, LLB, JD)",8,South,1322,3348.66,534.11,32.79,3.81,38.51,2.02
Louisiana,22,2016,8th grade or less,1,South,1775,3118.03,614.39,26.42,6.76,38.0,2.94
Louisiana,22,2017,8th grade or less,1,South,1648,3140.52,581.48,27.12,6.61,37.99,2.93
Louisiana,22,2018,8th grade or less,1,South,1635,3137.71,587.02,27.16,6.57,37.86,3.05
Louisiana,22,2019,8th grade or less,1,South,1655,3162.85,578.22,27.41,6.51,37.96,2.72
Louisiana,22,2020,8th grade or less,1,South,1616,3152.25,567.96,27.76,6.86,37.97,2.67
Louisiana,22,2021,8th grade or less,1,South,1550,3142.16,569.25,27.63,7.04,38.06,2.66
Louisiana,22,2022,8th grade or less,1,South,1755,3170.04,545.2,27.51,6.74,38.15,2.51
Louisiana,22,2023,8th grade or less,1,South,1697,3154.55,543.28,27.4,7.04,38.14,2.57
Louisiana,22,2024,8th grade or less,1,South,1648,3126.02,589.41,27.66,6.98,37.92,2.85
Louisiana,22,2016,9th through 12th grade with no diploma,2,South,8100,3058.23,589.86,24.27,5.81,37.96,3.09
Louisiana,22,2017,9th through 12th grade with no diploma,2,South,7538,3055.64,605.72,24.37,5.94,37.73,3.22
Louisiana,22,2018,9th through 12th grade with no diploma,2,South,7147,3028.11,627.35,24.7,6.14,37.6,3.17
Louisiana,22,2019,9th through 12th grade with no diploma,2,South,6694,3043.06,609.45,24.58,6.11,37.66,3.07
Louisiana,22,2020,9th through 12th grade with no diploma,2,South,6196,3041.36,610.06,24.67,6.24,37.64,3.06
Louisiana,22,2021,9th through 12th grade with no diploma,2,South,6063,3037.64,600.29,24.67,6.3,37.7,3.05
Louisiana,22,2022,9th through 12th grade with no diploma,2,South,5709,3045.2,581.15,24.79,6.36,37.74,2.92
Louisiana,22,2023,9th through 12th grade with no diploma,2,South,5550,3041.73,615.25,24.84,6.51,37.62,3.09
Louisiana,22,2024,9th through 12th grade with no diploma,2,South,5367,3033.85,610.04,24.93,6.52,37.73,3.06
Louisiana,22,2016,High school graduate or GED completed,3,South,19923,3130.97,606.94,25.73,5.25,38.12,2.95
Louisiana,22,2017,High school graduate or GED completed,3,South,19503,3119.59,602.68,25.79,5.27,37.95,2.9
Louisiana,22,2018,High school graduate or GED completed,3,South,19315,3113.08,609.37,25.86,5.27,37.84,2.94
Louisiana,22,2019,High school graduate or GED completed,3,South,19859,3109.76,604.36,26.01,5.38,37.88,2.9
Louisiana,22,2020,High school graduate or GED completed,3,South,19770,3115.74,603.57,26.03,5.33,37.89,2.82
Louisiana,22,2021,High school graduate or GED completed,3,South,19762,3095.86,610.42,26.21,5.43,37.84,2.92
Louisiana,22,2022,High school graduate or GED completed,3,South,19375,3090.74,599.75,26.16,5.4,37.84,2.82
Louisiana,22,2023,High school graduate or GED completed,3,South,19305,3090.98,599.9,26.25,5.46,37.86,2.83
Louisiana,22,2024,High school graduate or GED completed,3,South,18846,3088.12,603.06,26.34,5.42,37.92,2.85
Louisiana,22,2016,"Some college credit, but not a degree",4,South,13675,3180.46,616.58,26.93,5.15,38.21,2.85
Louisiana,22,2017,"Some college credit, but not a degree",4,South,12872,3170.68,603.51,27.1,5.15,38.13,2.71
Louisiana,22,2018,"Some college credit, but not a degree",4,South,12217,3174.44,606.44,27.24,5.22,38.08,2.8
Louisiana,22,2019,"Some college credit, but not a degree",4,South,11550,3157.07,612.41,27.36,5.19,38.03,2.8
Louisiana,22,2020,"Some college credit, but not a degree",4,South,10878,3162.26,607.47,27.55,5.29,38.03,2.71
Louisiana,22,2021,"Some college credit, but not a degree",4,South,10654,3143.49,621.2,27.72,5.3,38.0,2.73
Louisiana,22,2022,"Some college credit, but not a degree",4,South,10725,3131.56,606.37,27.94,5.32,38.02,2.71
Louisiana,22,2023,"Some college credit, but not a degree",4,South,9962,3136.52,611.42,27.98,5.38,37.96,2.72
Louisiana,22,2024,"Some college credit, but not a degree",4,South,9253,3131.05,605.75,28.22,5.4,38.08,2.78
Louisiana,22,2016,"Associate degree (AA, AS)",5,South,4363,3219.33,615.24,29.11,4.78,38.27,2.73
Louisiana,22,2017,"Associate degree (AA, AS)",5,South,4531,3206.46,615.24,29.18,4.81,38.2,2.71
Louisiana,22,2018,"Associate degree (AA, AS)",5,South,4582,3215.07,587.63,29.23,4.76,38.12,2.62
Louisiana,22,2019,"Associate degree (AA, AS)",5,South,4511,3201.69,598.39,29.41,4.72,38.01,2.65
Louisiana,22,2020,"Associate degree (AA, AS)",5,South,4413,3185.65,618.6,29.56,4.83,37.98,2.71
Louisiana,22,2021,"Associate degree (AA, AS)",5,South,4578,3178.32,601.94,29.61,4.84,38.02,2.6
Louisiana,22,2022,"Associate degree (AA, AS)",5,South,4151,3158.32,605.5,29.68,4.88,37.91,2.64
Louisiana,22,2023,"Associate degree (AA, AS)",5,South,4030,3187.41,586.34,29.79,4.89,38.03,2.5
Louisiana,22,2024,"Associate degree (AA, AS)",5,South,3982,3163.45,615.18,29.9,4.95,38.01,2.72
Louisiana,22,2016,"Bachelor's degree (BA, AB, BS)",6,South,10422,3300.87,587.06,30.42,4.29,38.52,2.42
Louisiana,22,2017,"Bachelor's degree (BA, AB, BS)",6,South,9881,3291.61,575.6,30.45,4.3,38.45,2.34
Louisiana,22,2018,"Bachelor's degree (BA, AB, BS)",6,South,9747,3300.59,580.22,30.65,4.38,38.37,2.44
Louisiana,22,2019,"Bachelor's degree (BA, AB, BS)",6,South,9556,3281.6,571.91,30.71,4.41,38.33,2.43
Louisiana,22,2020,"Bachelor's degree (BA, AB, BS)",6,South,9416,3280.58,567.18,30.71,4.44,38.37,2.34
Louisiana,22,2021,"Bachelor's degree (BA, AB, BS)",6,South,9591,3259.8,580.41,30.78,4.52,38.31,2.41
Louisiana,22,2022,"Bachelor's degree (BA, AB, BS)",6,South,9570,3251.66,571.99,30.69,4.58,38.29,2.36
Louisiana,22,2023,"Bachelor's degree (BA, AB, BS)",6,South,9120,3254.59,586.22,30.73,4.57,38.29,2.36
Louisiana,22,2024,"Bachelor's degree (BA, AB, BS)",6,South,8906,3253.88,567.23,30.7,4.56,38.34,2.43
Louisiana,22,2016,"Master's degree (MA, MS, MEng, MEd, MSW, MBA)",7,South,3449,3283.34,588.24,31.96,3.91,38.53,2.46
Louisiana,22,2017,"Master's degree (MA, MS, MEng, MEd, MSW, MBA)",7,South,3453,3284.6,579.64,32.04,3.91,38.46,2.3
Louisiana,22,2018,"Master's degree (MA, MS, MEng, MEd, MSW, MBA)",7,South,3407,3271.91,579.88,32.18,4.04,38.37,2.35
Louisiana,22,2019,"Master's degree (MA, MS, MEng, MEd, MSW, MBA)",7,South,3567,3280.49,563.09,32.31,3.99,38.42,2.34
Louisiana,22,2020,"Master's degree (MA, MS, MEng, MEd, MSW, MBA)",7,South,3560,3245.46,598.97,32.41,4.16,38.28,2.5
Louisiana,22,2021,"Master's degree (MA, MS, MEng, MEd, MSW, MBA)",7,South,3678,3255.3,599.07,32.35,4.1,38.31,2.51
Louisiana,22,2022,"Master's degree (MA, MS, MEng, MEd, MSW, MBA)",7,South,3638,3256.86,588.2,32.32,4.23,38.28,2.39
Louisiana,22,2023,"Master's degree (MA, MS, MEng, MEd, MSW, MBA)",7,South,3543,3268.9,564.49,32.38,4.25,38.33,2.23
Louisiana,22,2024,"Master's degree (MA, MS, MEng, MEd, MSW, MBA)",7,South,3442,3251.7,588.28,32.38,4.27,38.36,2.36
Louisiana,22,2016,"Doctorate (PhD, EdD) or Professional Degree (MD, DDS, DVM, LLB, JD)",8,South,1172,3271.36,590.1,32.99,3.84,38.55,2.6
Louisiana,22,2017,"Doctorate (PhD, EdD) or Professional Degree (MD, DDS, DVM, LLB, JD)",8,South,1172,3273.47,596.07,33.17,3.74,38.53,2.41
Louisiana,22,2018,"Doctorate (PhD, EdD) or Professional Degree (MD, DDS, DVM, LLB, JD)",8,South,1196,3292.24,568.72,33.23,3.73,38.64,2.22
Louisiana,22,2019,"Doctorate (PhD, EdD) or Professional Degree (MD, DDS, DVM, LLB, JD)",8,South,1186,3267.7,546.2,33.35,3.73,38.49,2.41
Louisiana,22,2020,"Doctorate (PhD, EdD) or Professional Degree (MD, DDS, DVM, LLB, JD)",8,South,1207,3243.93,567.84,33.61,3.85,38.38,2.02
Louisiana,22,2021,"Doctorate (PhD, EdD) or Professional Degree (MD, DDS, DVM, LLB, JD)",8,South,1252,3280.72,564.54,33.43,3.78,38.53,2.35
Louisiana,22,2022,"Doctorate (PhD, EdD) or Professional Degree (MD, DDS, DVM, LLB, JD)",8,South,1247,3231.96,566.28,33.53,4.04,38.28,2.24
Louisiana,22,2023,"Doctorate (PhD, EdD) or Professional Degree (MD, DDS, DVM, LLB, JD)",8,South,1261,3257.3,587.02,33.64,4.22,38.33,2.33
Louisiana,22,2024,"Doctorate (PhD, EdD) or Professional Degree (MD, DDS, DVM, LLB, JD)",8,South,1323,3244.19,565.68,33.44,4.01,38.38,2.35
Maryland,24,2016,8th grade or less,1,South,3113,3287.48,570.65,29.64,6.23,38.59,2.67
Maryland,24,2017,8th grade or less,1,South,3065,3286.07,570.73,29.81,6.46,38.55,2.73
Maryland,24,2018,8th grade or less,1,South,3131,3271.23,568.64,30.15,6.48,38.56,2.81
Maryland,24,2019,8th grade or less,1,South,3293,3281.2,564.71,29.66,6.61,38.48,2.6
Maryland,24,2020,8th grade or less,1,South,3176,3283.7,562.9,30.05,6.65,38.47,2.68
Maryland,24,2021,8th grade or less,1,South,3086,3255.89,584.88,30.01,6.68,38.39,2.8
Maryland,24,2022,8th grade or less,1,South,3495,3268.82,580.86,29.84,6.57,38.39,2.73
Maryland,24,2023,8th grade or less,1,South,3382,3238.32,562.21,29.62,6.83,38.35,2.82
Maryland,24,2024,8th grade or less,1,South,3392,3241.17,559.83,29.42,6.83,38.36,2.78
Maryland,24,2016,9th through 12th grade with no diploma,2,South,6219,3163.15,596.44,25.68,6.56,38.44,2.95
Maryland,24,2017,9th through 12th grade with no diploma,2,South,5801,3161.94,624.46,26.07,6.64,38.35,3.02
Maryland,24,2018,9th through 12th grade with no diploma,2,South,5802,3181.82,600.3,26.04,6.71,38.46,2.86
Maryland,24,2019,9th through 12th grade with no diploma,2,South,5778,3169.4,600.08,26.12,6.8,38.38,2.81
Maryland,24,2020,9th through 12th grade with no diploma,2,South,5417,3174.2,605.68,26.06,6.85,38.43,2.85
Maryland,24,2021,9th through 12th grade with no diploma,2,South,5195,3176.55,600.69,26.63,6.86,38.44,2.75
Maryland,24,2022,9th through 12th grade with no diploma,2,South,5343,3176.12,597.51,26.51,6.81,38.43,2.78
Maryland,24,2023,9th through 12th grade with no diploma,2,South,5229,3179.05,581.35,26.53,6.93,38.38,2.8
Maryland,24,2024,9th through 12th grade with no diploma,2,South,5377,3171.05,592.42,26.65,6.98,38.33,2.83
Maryland,24,2016,High school graduate or GED completed,3,South,14657,3187.11,622.14,26.83,5.75,38.47,2.88
Maryland,24,2017,High school graduate or GED completed,3,South,14434,3175.5,624.9,27.06,5.77,38.4,2.88
Maryland,24,2018,High school graduate or GED completed,3,South,14188,3180.94,634.07,27.19,5.71,38.43,2.89
Maryland,24,2019,High school graduate or GED completed,3,South,14337,3174.89,625.54,27.39,5.76,38.4,2.79
Maryland,24,2020,High school graduate or GED completed,3,South,14194,3182.59,616.41,27.45,5.71,38.42,2.8
Maryland,24,2021,High school graduate or GED completed,3,South,13779,3177.93,621.03,27.41,5.75,38.41,2.72
Maryland,24,2022,High school graduate or GED completed,3,South,14208,3174.9,622.56,27.68,5.72,38.4,2.78
Maryland,24,2023,High school graduate or GED completed,3,South,13775,3173.02,616.48,27.84,5.84,38.38,2.73
Maryland,24,2024,High school graduate or GED completed,3,South,13859,3157.84,622.49,27.97,5.83,38.33,2.83
Maryland,24,2016,"Some college credit, but not a degree",4,South,14412,3240.03,628.98,28.37,5.41,38.53,2.74
Maryland,24,2017,"Some college credit, but not a degree",4,South,13924,3225.67,633.5,28.5,5.43,38.48,2.79
Maryland,24,2018,"Some college credit, but not a degree",4,South,13647,3231.25,631.49,28.71,5.42,38.52,2.73
Maryland,24,2019,"Some college credit, but not a degree",4,South,13009,3227.29,621.5,28.91,5.39,38.49,2.73
Maryland,24,2020,"Some college credit, but not a degree",4,South,12633,3223.79,624.58,29.11,5.42,38.46,2.7
Maryland,24,2021,"Some college credit, but not a degree",4,South,12001,3210.94,625.61,29.27,5.35,38.43,2.67
Maryland,24,2022,"Some college credit, but not a degree",4,South,11711,3216.73,622.65,29.47,5.34,38.43,2.66
Maryland,24,2023,"Some college credit, but not a degree",4,South,10424,3210.93,618.11,29.66,5.39,38.43,2.68
Maryland,24,2024,"Some college credit, but not a degree",4,South,10132,3211.19,598.53,29.83,5.51,38.47,2.59
Maryland,24,2016,"Associate degree (AA, AS)",5,South,4703,3304.28,602.57,30.52,4.81,38.66,2.55
Maryland,24,2017,"Associate degree (AA, AS)",5,South,4733,3278.3,623.86,30.6,4.86,38.52,2.72
Maryland,24,2018,"Associate degree (AA, AS)",5,South,4567,3294.61,607.81,30.79,4.85,38.61,2.55
Maryland,24,2019,"Associate degree (AA, AS)",5,South,4543,3290.2,601.27,30.65,4.84,38.63,2.53
Maryland,24,2020,"Associate degree (AA, AS)",5,South,4384,3294.61,607.37,31.07,4.88,38.59,2.51
Maryland,24,2021,"Associate degree (AA, AS)",5,South,4462,3280.34,613.75,31.0,4.86,38.51,2.61
Maryland,24,2022,"Associate degree (AA, AS)",5,South,4295,3279.33,615.03,31.13,4.93,38.54,2.45
Maryland,24,2023,"Associate degree (AA, AS)",5,South,4113,3265.39,593.03,31.19,5.02,38.58,2.44
Maryland,24,2024,"Associate degree (AA, AS)",5,South,4052,3250.21,608.16,31.22,4.95,38.51,2.61
Maryland,24,2016,"Bachelor's degree (BA, AB, BS)",6,South,15757,3317.3,586.48,31.68,4.42,38.79,2.37
Maryland,24,2017,"Bachelor's degree (BA, AB, BS)",6,South,15527,3319.28,592.66,31.7,4.42,38.75,2.37
Maryland,24,2018,"Bachelor's degree (BA, AB, BS)",6,South,15476,3322.95,590.53,31.79,4.37,38.75,2.4
Maryland,24,2019,"Bachelor's degree (BA, AB, BS)",6,South,15072,3313.24,591.74,31.85,4.46,38.71,2.36
Maryland,24,2020,"Bachelor's degree (BA, AB, BS)",6,South,15020,3319.46,578.64,32.02,4.42,38.77,2.32
Maryland,24,2021,"Bachelor's degree (BA, AB, BS)",6,South,15194,3311.38,582.33,32.09,4.39,38.68,2.35
Maryland,24,2022,"Bachelor's degree (BA, AB, BS)",6,South,15200,3317.26,580.79,32.21,4.46,38.72,2.32
Maryland,24,2023,"Bachelor's degree (BA, AB, BS)",6,South,14686,3306.07,580.92,32.27,4.51,38.66,2.35
Maryland,24,2024,"Bachelor's degree (BA, AB, BS)",6,South,14800,3301.06,582.16,32.34,4.49,38.63,2.32
Maryland,24,2016,"Master's degree (MA, MS, MEng, MEd, MSW, MBA)",7,South,10590,3329.6,582.11,33.07,4.0,38.79,2.33
Maryland,24,2017,"Master's degree (MA, MS, MEng, MEd, MSW, MBA)",7,South,10505,3311.56,599.48,33.26,4.0,38.74,2.41
Maryland,24,2018,"Master's degree (MA, MS, MEng, MEd, MSW, MBA)",7,South,10653,3314.85,601.03,33.3,3.95,38.73,2.33
Maryland,24,2019,"Master's degree (MA, MS, MEng, MEd, MSW, MBA)",7,South,10592,3317.8,575.83,33.4,3.99,38.74,2.23
Maryland,24,2020,"Master's degree (MA, MS, MEng, MEd, MSW, MBA)",7,South,10228,3310.89,586.23,33.47,4.01,38.71,2.3
Maryland,24,2021,"Master's degree (MA, MS, MEng, MEd, MSW, MBA)",7,South,10894,3312.7,587.84,33.61,4.0,38.65,2.27
Maryland,24,2022,"Master's degree (MA, MS, MEng, MEd, MSW, MBA)",7,South,10788,3315.88,576.4,33.81,4.08,38.66,2.22
Maryland,24,2023,"Master's degree (MA, MS, MEng, MEd, MSW, MBA)",7,South,10422,3301.47,577.1,33.83,4.1,38.62,2.27
Maryland,24,2024,"Master's degree (MA, MS, MEng, MEd, MSW, MBA)",7,South,10309,3305.21,565.97,33.9,4.07,38.65,2.23
Maryland,24,2016,"Doctorate (PhD, EdD) or Professional Degree (MD, DDS, DVM, LLB, JD)",8,South,3278,3309.18,554.33,34.34,3.86,38.78,2.27
Maryland,24,2017,"Doctorate (PhD, EdD) or Professional Degree (MD, DDS, DVM, LLB, JD)",8,South,3243,3288.99,584.52,34.48,3.77,38.71,2.26
Maryland,24,2018,"Doctorate (PhD, EdD) or Professional Degree (MD, DDS, DVM, LLB, JD)",8,South,3202,3277.01,554.13,34.65,3.9,38.7,2.22
Maryland,24,2019,"Doctorate (PhD, EdD) or Professional Degree (MD, DDS, DVM, LLB, JD)",8,South,3103,3302.76,547.16,34.65,3.83,38.73,2.08
Maryland,24,2020,"Doctorate (PhD, EdD) or Professional Degree (MD, DDS, DVM, LLB, JD)",8,South,3137,3293.78,551.69,34.82,3.72,38.73,2.08
Maryland,24,2021,"Doctorate (PhD, EdD) or Professional Degree (MD, DDS, DVM, LLB, JD)",8,South,3275,3269.0,570.68,34.84,3.84,38.58,2.2
Maryland,24,2022,"Doctorate (PhD, EdD) or Professional Degree (MD, DDS, DVM, LLB, JD)",8,South,3331,3295.31,551.09,34.93,3.82,38.62,2.1
Maryland,24,2023,"Doctorate (PhD, EdD) or Professional Degree (MD, DDS, DVM, LLB, JD)",8,South,3162,3290.33,549.72,35.12,3.85,38.63,2.26
Maryland,24,2024,"Doctorate (PhD, EdD) or Professional Degree (MD, DDS, DVM, LLB, JD)",8,South,3343,3262.45,557.58,35.04,3.84,38.52,2.19
Mississippi,28,2016,8th grade or less,1,South,858,3143.26,574.76,26.24,6.96,38.42,2.75
Mississippi,28,2017,8th grade or less,1,South,792,3168.47,533.35,26.62,6.76,38.51,2.74
Mississippi,28,2018,8th grade or less,1,South,770,3154.82,590.34,26.75,6.88,38.21,2.95
Mississippi,28,2019,8th grade or less,1,South,745,3175.0,592.11,26.96,7.06,38.12,2.83
Mississippi,28,2020,8th grade or less,1,South,747,3125.67,573.62,26.78,7.32,38.08,2.65
Mississippi,28,2021,8th grade or less,1,South,729,3155.87,550.9,26.99,7.36,38.16,2.76
Mississippi,28,2022,8th grade or less,1,South,764,3143.16,605.95,26.6,7.37,38.18,2.8
Mississippi,28,2023,8th grade or less,1,South,832,3142.41,567.16,26.6,7.18,38.26,2.87
Mississippi,28,2024,8th grade or less,1,South,904,3130.75,567.77,26.3,6.88,38.35,2.71
Mississippi,28,2016,9th through 12th grade with no diploma,2,South,4455,3016.52,598.11,23.29,5.66,37.99,3.04
Mississippi,28,2017,9th through 12th grade with no diploma,2,South,4209,3044.03,600.12,23.54,5.91,38.03,3.09
Mississippi,28,2018,9th through 12th grade with no diploma,2,South,3901,3029.63,596.7,23.81,5.94,37.94,3.04
Mississippi,28,2019,9th through 12th grade with no diploma,2,South,3820,3004.33,633.3,23.8,6.07,37.84,3.14
Mississippi,28,2020,9th through 12th grade with no diploma,2,South,3468,3033.5,629.05,23.76,6.01,37.93,3.09
Mississippi,28,2021,9th through 12th grade with no diploma,2,South,3344,3041.52,606.52,24.04,6.39,37.96,2.94
Mississippi,28,2022,9th through 12th grade with no diploma,2,South,3247,3013.37,616.53,23.74,6.2,37.96,3.12
Mississippi,28,2023,9th through 12th grade with no diploma,2,South,3146,2996.58,635.94,23.73,6.24,37.85,3.24
Mississippi,28,2024,9th through 12th grade with no diploma,2,South,2895,3006.33,616.78,24.05,6.43,37.95,3.08
Mississippi,28,2016,High school graduate or GED completed,3,South,10724,3073.84,626.67,25.01,5.17,38.08,2.92
Mississippi,28,2017,High school graduate or GED completed,3,South,10687,3077.34,609.93,25.09,5.14,38.07,2.93
Mississippi,28,2018,High school graduate or GED completed,3,South,10859,3074.27,625.7,25.14,5.04,37.99,2.93
Mississippi,28,2019,High school graduate or GED completed,3,South,10906,3059.33,610.72,25.26,5.17,37.95,2.88
Mississippi,28,2020,High school graduate or GED completed,3,South,10971,3076.93,611.54,25.4,5.22,38.02,2.8
Mississippi,28,2021,High school graduate or GED completed,3,South,10901,3066.95,626.87,25.45,5.26,37.99,2.96
Mississippi,28,2022,High school graduate or GED completed,3,South,11189,3056.11,603.06,25.43,5.28,38.05,2.88
Mississippi,28,2023,High school graduate or GED completed,3,South,11324,3060.3,616.86,25.55,5.32,38.04,2.92
Mississippi,28,2024,High school graduate or GED completed,3,South,11018,3058.09,621.51,25.65,5.34,38.06,2.93
Mississippi,28,2016,"Some college credit, but not a degree",4,South,9280,3136.96,601.0,25.98,5.02,38.21,2.78
Mississippi,28,2017,"Some college credit, but not a degree",4,South,9007,3128.31,614.97,26.2,5.06,38.16,2.81
Mississippi,28,2018,"Some college credit, but not a degree",4,South,8795,3121.55,632.78,26.41,5.07,38.05,2.91
Mississippi,28,2019,"Some college credit, but not a degree",4,South,8393,3118.81,628.24,26.59,5.11,38.07,2.74
Mississippi,28,2020,"Some college credit, but not a degree",4,South,7869,3121.95,620.42,26.66,5.18,38.08,2.75
Mississippi,28,2021,"Some college credit, but not a degree",4,South,7347,3109.48,627.54,26.88,5.17,38.11,2.76
Mississippi,28,2022,"Some college credit, but not a degree",4,South,6695,3099.27,643.4,27.2,5.27,37.99,2.92
Mississippi,28,2023,"Some college credit, but not a degree",4,South,6474,3109.55,620.95,27.35,5.29,38.08,2.83
Mississippi,28,2024,"Some college credit, but not a degree",4,South,5981,3106.77,624.08,27.57,5.34,38.11,2.78
Mississippi,28,2016,"Associate degree (AA, AS)",5,South,4644,3203.44,625.31,28.16,4.76,38.19,2.68
Mississippi,28,2017,"Associate degree (AA, AS)",5,South,4792,3202.9,619.35,28.04,4.86,38.22,2.7
Mississippi,28,2018,"Associate degree (AA, AS)",5,South,4741,3189.49,622.17,28.12,4.81,38.14,2.64
Mississippi,28,2019,"Associate degree (AA, AS)",5,South,4876,3174.28,601.81,28.02,4.82,38.11,2.57
Mississippi,28,2020,"Associate degree (AA, AS)",5,South,4687,3193.13,605.18,27.99,4.78,38.19,2.6
Mississippi,28,2021,"Associate degree (AA, AS)",5,South,4790,3191.81,614.31,28.2,4.78,38.19,2.59
Mississippi,28,2022,"Associate degree (AA, AS)",5,South,4794,3171.38,594.21,28.17,4.87,38.17,2.54
Mississippi,28,2023,"Associate degree (AA, AS)",5,South,4736,3171.87,601.91,28.34,4.91,38.19,2.6
Mississippi,28,2024,"Associate degree (AA, AS)",5,South,4695,3167.12,598.74,28.4,4.88,38.14,2.52
Mississippi,28,2016,"Bachelor's degree (BA, AB, BS)",6,South,5174,3298.3,585.13,29.94,4.36,38.43,2.36
Mississippi,28,2017,"Bachelor's degree (BA, AB, BS)",6,South,5092,3270.53,606.04,29.99,4.42,38.37,2.5
Mississippi,28,2018,"Bachelor's degree (BA, AB, BS)",6,South,5080,3270.91,595.24,30.05,4.45,38.32,2.45
Mississippi,28,2019,"Bachelor's degree (BA, AB, BS)",6,South,5020,3266.18,607.29,29.99,4.5,38.25,2.56
Mississippi,28,2020,"Bachelor's degree (BA, AB, BS)",6,South,4872,3262.37,584.61,29.94,4.49,38.34,2.37
Mississippi,28,2021,"Bachelor's degree (BA, AB, BS)",6,South,5080,3242.52,595.63,29.89,4.51,38.3,2.39
Mississippi,28,2022,"Bachelor's degree (BA, AB, BS)",6,South,5123,3240.89,596.23,29.96,4.57,38.26,2.47
Mississippi,28,2023,"Bachelor's degree (BA, AB, BS)",6,South,4933,3223.28,591.27,29.92,4.46,38.27,2.43
Mississippi,28,2024,"Bachelor's degree (BA, AB, BS)",6,South,4948,3226.06,608.85,30.04,4.49,38.3,2.56
Mississippi,28,2016,"Master's degree (MA, MS, MEng, MEd, MSW, MBA)",7,South,2146,3290.24,617.9,31.72,3.87,38.26,2.51
Mississippi,28,2017,"Master's degree (MA, MS, MEng, MEd, MSW, MBA)",7,South,2079,3282.0,634.5,31.65,4.01,38.22,2.72
Mississippi,28,2018,"Master's degree (MA, MS, MEng, MEd, MSW, MBA)",7,South,2177,3285.47,585.92,31.87,3.98,38.43,2.28
Mississippi,28,2019,"Master's degree (MA, MS, MEng, MEd, MSW, MBA)",7,South,2148,3261.64,635.21,31.96,4.0,38.16,2.69
Mississippi,28,2020,"Master's degree (MA, MS, MEng, MEd, MSW, MBA)",7,South,2212,3267.78,586.83,31.79,4.11,38.25,2.37
Mississippi,28,2021,"Master's degree (MA, MS, MEng, MEd, MSW, MBA)",7,South,2264,3246.33,590.64,31.72,4.12,38.25,2.43
Mississippi,28,2022,"Master's degree (MA, MS, MEng, MEd, MSW, MBA)",7,South,2154,3252.97,607.47,31.88,4.2,38.21,2.45
Mississippi,28,2023,"Master's degree (MA, MS, MEng, MEd, MSW, MBA)",7,South,2273,3267.84,586.76,31.82,4.28,38.26,2.27
Mississippi,28,2024,"Master's degree (MA, MS, MEng, MEd, MSW, MBA)",7,South,2244,3258.61,597.07,31.87,4.18,38.22,2.45
Mississippi,28,2016,"Doctorate (PhD, EdD) or Professional Degree (MD, DDS, DVM, LLB, JD)",8,South,576,3331.23,544.44,32.69,3.88,38.51,2.18
Mississippi,28,2017,"Doctorate (PhD, EdD) or Professional Degree (MD, DDS, DVM, LLB, JD)",8,South,631,3318.62,543.43,32.77,3.84,38.47,2.17
Mississippi,28,2018,"Doctorate (PhD, EdD) or Professional Degree (MD, DDS, DVM, LLB, JD)",8,South,580,3227.03,618.86,32.96,3.77,38.14,2.64
Mississippi,28,2019,"Doctorate (PhD, EdD) or Professional Degree (MD, DDS, DVM, LLB, JD)",8,South,628,3310.92,600.07,32.63,3.82,38.37,2.39
Mississippi,28,2020,"Doctorate (PhD, EdD) or Professional Degree (MD, DDS, DVM, LLB, JD)",8,South,570,3292.44,595.33,32.92,3.77,38.25,2.37
Mississippi,28,2021,"Doctorate (PhD, EdD) or Professional Degree (MD, DDS, DVM, LLB, JD)",8,South,604,3281.05,588.36,33.06,4.11,38.36,2.28
Mississippi,28,2022,"Doctorate (PhD, EdD) or Professional Degree (MD, DDS, DVM, LLB, JD)",8,South,647,3257.4,584.78,32.83,3.94,38.12,2.38
Mississippi,28,2023,"Doctorate (PhD, EdD) or Professional Degree (MD, DDS, DVM, LLB, JD)",8,South,645,3270.23,594.67,32.69,4.02,38.2,2.57
Mississippi,28,2024,"Doctorate (PhD, EdD) or Professional Degree (MD, DDS, DVM, LLB, JD)",8,South,665,3248.31,572.54,32.78,4.23,38.22,2.37
North Carolina,37,2016,8th grade or less,1,South,4529,3288.89,607.57,30.25,6.48,38.65,2.83
North Carolina,37,2017,8th grade or less,1,South,4390,3257.37,587.0,30.35,6.69,38.53,2.82
North Carolina,37,2018,8th grade or less,1,South,3943,3248.62,594.67,30.42,6.66,38.54,2.84
North Carolina,37,2019,8th grade or less,1,South,3942,3242.89,593.44,30.17,6.9,38.38,3.01
North Carolina,37,2020,8th grade or less,1,South,3884,3231.94,585.66,30.5,6.81,38.35,2.97
North Carolina,37,2021,8th grade or less,1,South,3627,3230.31,590.53,30.02,7.0,38.3,2.83
North Carolina,37,2022,8th grade or less,1,South,4158,3232.9,575.77,29.88,7.08,38.47,2.75
North Carolina,37,2023,8th grade or less,1,South,4242,3205.69,581.73,29.41,7.22,38.44,2.81
North Carolina,37,2024,8th grade or less,1,South,4531,3223.34,549.85,29.23,7.1,38.38,2.65
North Carolina,37,2016,9th through 12th grade with no diploma,2,South,12793,3139.8,618.88,24.59,6.29,38.53,3.11
North Carolina,37,2017,9th through 12th grade with no diploma,2,South,12421,3122.99,621.68,24.81,6.38,38.43,3.11
North Carolina,37,2018,9th through 12th grade with no diploma,2,South,11694,3122.94,611.96,25.09,6.41,38.43,3.12
North Carolina,37,2019,9th through 12th grade with no diploma,2,South,11254,3126.07,604.85,25.25,6.53,38.4,3.06
North Carolina,37,2020,9th through 12th grade with no diploma,2,South,10616,3116.41,621.92,25.29,6.57,38.34,3.09
North Carolina,37,2021,9th through 12th grade with no diploma,2,South,10187,3111.71,613.5,25.49,6.6,38.3,3.1
North Carolina,37,2022,9th through 12th grade with no diploma,2,South,9786,3112.35,607.48,25.7,6.8,38.35,2.97
North Carolina,37,2023,9th through 12th grade with no diploma,2,South,9832,3121.0,618.54,25.73,6.85,38.34,3.09
North Carolina,37,2024,9th through 12th grade with no diploma,2,South,9812,3121.09,599.0,25.6,6.67,38.34,2.76
North Carolina,37,2016,High school graduate or GED completed,3,South,27443,3183.84,625.05,25.6,5.36,38.61,2.99
North Carolina,37,2017,High school graduate or GED completed,3,South,28252,3181.69,622.82,25.67,5.35,38.59,2.99
North Carolina,37,2018,High school graduate or GED completed,3,South,28321,3181.6,613.91,25.84,5.36,38.6,2.98
North Carolina,37,2019,High school graduate or GED completed,3,South,29577,3166.84,616.85,25.95,5.4,38.51,2.96
North Carolina,37,2020,High school graduate or GED completed,3,South,29290,3171.56,618.28,26.06,5.43,38.48,2.92
North Carolina,37,2021,High school graduate or GED completed,3,South,30032,3159.78,621.75,26.2,5.42,38.42,2.89
North Carolina,37,2022,High school graduate or GED completed,3,South,30434,3156.06,613.58,26.39,5.45,38.48,2.91
North Carolina,37,2023,High school graduate or GED completed,3,South,30074,3166.98,610.6,26.49,5.45,38.49,2.84
North Carolina,37,2024,High school graduate or GED completed,3,South,31132,3172.5,611.2,26.63,5.53,38.47,2.69
North Carolina,37,2016,"Some college credit, but not a degree",4,South,27240,3235.76,633.88,27.17,5.23,38.65,2.94
North Carolina,37,2017,"Some college credit, but not a degree",4,South,26866,3222.9,636.77,27.27,5.21,38.64,2.9
North Carolina,37,2018,"Some college credit, but not a degree",4,South,25807,3231.16,629.91,27.45,5.22,38.64,2.87
North Carolina,37,2019,"Some college credit, but not a degree",4,South,24528,3219.03,629.2,27.49,5.21,38.52,2.88
North Carolina,37,2020,"Some college credit, but not a degree",4,South,23565,3214.88,628.63,27.72,5.23,38.49,2.86
North Carolina,37,2021,"Some college credit, but not a degree",4,South,23322,3216.33,621.5,28.02,5.25,38.52,2.73
North Carolina,37,2022,"Some college credit, but not a degree",4,South,22736,3210.77,621.28,28.15,5.28,38.52,2.75
North Carolina,37,2023,"Some college credit, but not a degree",4,South,21354,3200.81,621.11,28.37,5.33,38.47,2.8
North Carolina,37,2024,"Some college credit, but not a degree",4,South,20938,3213.64,621.26,28.53,5.35,38.45,2.62
North Carolina,37,2016,"Associate degree (AA, AS)",5,South,11044,3288.37,611.7,29.57,4.84,38.72,2.67
North Carolina,37,2017,"Associate degree (AA, AS)",5,South,11148,3287.54,621.68,29.56,4.86,38.67,2.75
North Carolina,37,2018,"Associate degree (AA, AS)",5,South,11226,3283.23,614.69,29.67,4.91,38.74,2.66
North Carolina,37,2019,"Associate degree (AA, AS)",5,South,11332,3276.99,608.37,29.63,4.91,38.64,2.64
North Carolina,37,2020,"Associate degree (AA, AS)",5,South,11198,3264.58,604.48,29.66,4.87,38.56,2.66
North Carolina,37,2021,"Associate degree (AA, AS)",5,South,11743,3256.81,617.1,29.68,4.93,38.46,2.69
North Carolina,37,2022,"Associate degree (AA, AS)",5,South,12037,3261.14,608.67,29.76,4.93,38.51,2.63
North Carolina,37,2023,"Associate degree (AA, AS)",5,South,11515,3254.98,615.92,29.9,5.0,38.5,2.69
North Carolina,37,2024,"Associate degree (AA, AS)",5,South,11617,3251.3,593.6,29.93,5.01,38.51,2.48
North Carolina,37,2016,"Bachelor's degree (BA, AB, BS)",6,South,24234,3344.31,595.24,31.07,4.41,38.84,2.49
North Carolina,37,2017,"Bachelor's degree (BA, AB, BS)",6,South,23506,3343.55,583.15,31.17,4.45,38.89,2.43
North Carolina,37,2018,"Bachelor's degree (BA, AB, BS)",6,South,24110,3349.24,579.24,31.16,4.37,38.91,2.43
North Carolina,37,2019,"Bachelor's degree (BA, AB, BS)",6,South,23941,3325.77,583.61,31.19,4.36,38.81,2.46
North Carolina,37,2020,"Bachelor's degree (BA, AB, BS)",6,South,24225,3326.43,588.87,31.23,4.41,38.77,2.42
North Carolina,37,2021,"Bachelor's degree (BA, AB, BS)",6,South,26112,3330.62,573.64,31.3,4.38,38.76,2.34
North Carolina,37,2022,"Bachelor's degree (BA, AB, BS)",6,South,26704,3316.69,581.93,31.32,4.4,38.77,2.42
North Carolina,37,2023,"Bachelor's degree (BA, AB, BS)",6,South,27144,3310.39,580.68,31.31,4.41,38.72,2.38
North Carolina,37,2024,"Bachelor's degree (BA, AB, BS)",6,South,28092,3315.13,577.66,31.4,4.42,38.73,2.28
North Carolina,37,2016,"Master's degree (MA, MS, MEng, MEd, MSW, MBA)",7,South,10217,3331.34,585.13,32.62,3.87,38.86,2.38
North Carolina,37,2017,"Master's degree (MA, MS, MEng, MEd, MSW, MBA)",7,South,10254,3322.63,589.53,32.73,3.93,38.86,2.46
North Carolina,37,2018,"Master's degree (MA, MS, MEng, MEd, MSW, MBA)",7,South,10446,3323.85,588.75,32.89,3.88,38.83,2.43
North Carolina,37,2019,"Master's degree (MA, MS, MEng, MEd, MSW, MBA)",7,South,10606,3317.49,590.25,32.92,3.87,38.76,2.46
North Carolina,37,2020,"Master's degree (MA, MS, MEng, MEd, MSW, MBA)",7,South,10438,3320.71,570.8,33.04,3.9,38.79,2.3
North Carolina,37,2021,"Master's degree (MA, MS, MEng, MEd, MSW, MBA)",7,South,11680,3312.54,571.09,33.03,3.94,38.74,2.31
North Carolina,37,2022,"Master's degree (MA, MS, MEng, MEd, MSW, MBA)",7,South,11801,3309.11,570.21,33.08,4.03,38.72,2.37
North Carolina,37,2023,"Master's degree (MA, MS, MEng, MEd, MSW, MBA)",7,South,12035,3300.92,565.54,32.97,4.0,38.69,2.31
North Carolina,37,2024,"Master's degree (MA, MS, MEng, MEd, MSW, MBA)",7,South,12373,3311.81,572.04,33.0,4.03,38.68,2.2
North Carolina,37,2016,"Doctorate (PhD, EdD) or Professional Degree (MD, DDS, DVM, LLB, JD)",8,South,2942,3318.96,562.4,33.58,3.66,38.9,2.27
North Carolina,37,2017,"Doctorate (PhD, EdD) or Professional Degree (MD, DDS, DVM, LLB, JD)",8,South,3017,3315.88,576.73,33.77,3.86,38.83,2.38
North Carolina,37,2018,"Doctorate (PhD, EdD) or Professional Degree (MD, DDS, DVM, LLB, JD)",8,South,3018,3300.16,566.72,33.7,3.65,38.89,2.31
North Carolina,37,2019,"Doctorate (PhD, EdD) or Professional Degree (MD, DDS, DVM, LLB, JD)",8,South,3117,3324.38,546.52,34.0,3.75,38.83,2.09
North Carolina,37,2020,"Doctorate (PhD, EdD) or Professional Degree (MD, DDS, DVM, LLB, JD)",8,South,3191,3294.21,570.12,34.0,3.81,38.69,2.4
North Carolina,37,2021,"Doctorate (PhD, EdD) or Professional Degree (MD, DDS, DVM, LLB, JD)",8,South,3425,3299.08,566.19,33.98,3.64,38.74,2.17
North Carolina,37,2022,"Doctorate (PhD, EdD) or Professional Degree (MD, DDS, DVM, LLB, JD)",8,South,3589,3301.19,542.58,34.04,3.76,38.75,2.22
North Carolina,37,2023,"Doctorate (PhD, EdD) or Professional Degree (MD, DDS, DVM, LLB, JD)",8,South,3485,3280.26,588.19,33.97,3.81,38.65,2.3
North Carolina,37,2024,"Doctorate (PhD, EdD) or Professional Degree (MD, DDS, DVM, LLB, JD)",8,South,3809,3296.85,543.92,34.06,3.83,38.67,2.1
Oklahoma,40,2016,8th grade or less,1,South,1624,3255.38,566.53,28.04,6.92,38.44,2.75
Oklahoma,40,2017,8th grade or less,1,South,1570,3219.05,613.88,28.38,6.93,38.24,3.02
Oklahoma,40,2018,8th grade or less,1,South,1441,3236.66,592.89,28.67,6.76,38.22,2.94
Oklahoma,40,2019,8th grade or less,1,South,1392,3234.26,589.43,28.52,6.92,38.29,2.83
Oklahoma,40,2020,8th grade or less,1,South,1292,3191.61,588.33,28.68,7.04,38.07,2.7
Oklahoma,40,2021,8th grade or less,1,South,1288,3231.86,569.62,28.72,7.12,38.23,2.65
Oklahoma,40,2022,8th grade or less,1,South,1429,3211.33,521.61,28.86,7.08,38.19,2.77
Oklahoma,40,2023,8th grade or less,1,South,1400,3200.09,578.6,28.45,7.11,38.17,2.93
Oklahoma,40,2024,8th grade or less,1,South,1458,3180.02,579.02,28.33,6.9,38.04,2.87
Oklahoma,40,2016,9th through 12th grade with no diploma,2,South,7170,3182.15,592.13,23.83,5.85,38.33,2.81
Oklahoma,40,2017,9th through 12th grade with no diploma,2,South,6487,3194.34,598.09,24.04,5.98,38.3,2.87
Oklahoma,40,2018,9th through 12th grade with no diploma,2,South,6134,3166.65,575.51,24.11,5.94,38.24,2.78
Oklahoma,40,2019,9th through 12th grade with no diploma,2,South,5984,3146.53,593.64,24.34,6.13,38.12,2.88
Oklahoma,40,2020,9th through 12th grade with no diploma,2,South,5775,3147.46,584.67,24.4,6.13,38.17,2.8
Oklahoma,40,2021,9th through 12th grade with no diploma,2,South,5458,3141.03,593.47,24.45,6.24,38.16,2.82
Oklahoma,40,2022,9th through 12th grade with no diploma,2,South,5237,3126.12,589.88,24.63,6.25,38.15,2.85
Oklahoma,40,2023,9th through 12th grade with no diploma,2,South,5123,3139.91,590.69,24.72,6.31,38.12,2.79
Oklahoma,40,2024,9th through 12th grade with no diploma,2,South,4953,3142.23,596.75,24.8,6.33,38.07,2.77
Oklahoma,40,2016,High school graduate or GED completed,3,South,15319,3229.42,593.22,25.27,5.15,38.38,2.68
Oklahoma,40,2017,High school graduate or GED completed,3,South,14775,3226.77,600.8,25.43,5.17,38.38,2.74
Oklahoma,40,2018,High school graduate or GED completed,3,South,15069,3230.03,594.29,25.6,5.18,38.37,2.66
Oklahoma,40,2019,High school graduate or GED completed,3,South,15440,3223.36,583.61,25.57,5.23,38.33,2.64
Oklahoma,40,2020,High school graduate or GED completed,3,South,14735,3209.05,585.78,25.65,5.25,38.35,2.6
Oklahoma,40,2021,High school graduate or GED completed,3,South,15129,3200.81,593.74,25.74,5.25,38.31,2.68
Oklahoma,40,2022,High school graduate or GED completed,3,South,15235,3198.39,581.72,25.86,5.29,38.33,2.63
Oklahoma,40,2023,High school graduate or GED completed,3,South,15205,3199.64,578.91,25.84,5.27,38.32,2.57
Oklahoma,40,2024,High school graduate or GED completed,3,South,15518,3206.71,584.93,25.97,5.28,38.34,2.63
Oklahoma,40,2016,"Some college credit, but not a degree",4,South,12196,3289.29,588.6,26.96,5.01,38.46,2.49
Oklahoma,40,2017,"Some college credit, but not a degree",4,South,11725,3266.77,604.86,27.06,5.05,38.4,2.61
Oklahoma,40,2018,"Some college credit, but not a degree",4,South,11534,3251.28,604.31,27.18,5.07,38.3,2.65
Oklahoma,40,2019,"Some college credit, but not a degree",4,South,11148,3259.72,579.8,27.27,5.11,38.39,2.51
Oklahoma,40,2020,"Some college credit, but not a degree",4,South,10893,3253.25,590.58,27.48,5.19,38.36,2.52
Oklahoma,40,2021,"Some college credit, but not a degree",4,South,10752,3235.89,598.99,27.61,5.18,38.31,2.55
Oklahoma,40,2022,"Some college credit, but not a degree",4,South,10286,3239.23,589.25,27.85,5.14,38.39,2.54
Oklahoma,40,2023,"Some college credit, but not a degree",4,South,10147,3244.35,600.5,27.93,5.16,38.36,2.57
Oklahoma,40,2024,"Some college credit, but not a degree",4,South,9833,3250.69,575.95,28.11,5.22,38.37,2.5
Oklahoma,40,2016,"Associate degree (AA, AS)",5,South,3998,3318.3,580.92,29.08,4.79,38.4,2.43
Oklahoma,40,2017,"Associate degree (AA, AS)",5,South,3928,3297.29,597.41,29.04,4.76,38.38,2.51
Oklahoma,40,2018,"Associate degree (AA, AS)",5,South,3891,3279.13,592.76,28.97,4.71,38.32,2.52
Oklahoma,40,2019,"Associate degree (AA, AS)",5,South,3793,3274.9,590.78,29.27,4.79,38.4,2.46
Oklahoma,40,2020,"Associate degree (AA, AS)",5,South,3577,3292.25,576.86,29.32,4.82,38.39,2.39
Oklahoma,40,2021,"Associate degree (AA, AS)",5,South,3889,3262.98,586.84,29.15,4.84,38.33,2.47
Oklahoma,40,2022,"Associate degree (AA, AS)",5,South,3904,3276.91,595.07,29.3,4.84,38.35,2.51
Oklahoma,40,2023,"Associate degree (AA, AS)",5,South,3931,3266.85,584.18,29.37,4.93,38.38,2.43
Oklahoma,40,2024,"Associate degree (AA, AS)",5,South,3860,3273.12,588.78,29.41,4.92,38.37,2.58
Oklahoma,40,2016,"Bachelor's degree (BA, AB, BS)",6,South,8742,3364.76,564.17,30.3,4.19,38.62,2.21
Oklahoma,40,2017,"Bachelor's degree (BA, AB, BS)",6,South,8381,3359.8,564.99,30.35,4.15,38.59,2.19
Oklahoma,40,2018,"Bachelor's degree (BA, AB, BS)",6,South,8324,3353.28,562.61,30.52,4.27,38.58,2.22
Oklahoma,40,2019,"Bachelor's degree (BA, AB, BS)",6,South,7909,3342.46,571.0,30.48,4.34,38.52,2.25
Oklahoma,40,2020,"Bachelor's degree (BA, AB, BS)",6,South,7891,3358.95,548.59,30.49,4.33,38.59,2.18
Oklahoma,40,2021,"Bachelor's degree (BA, AB, BS)",6,South,8336,3318.49,568.22,30.45,4.38,38.49,2.27
Oklahoma,40,2022,"Bachelor's degree (BA, AB, BS)",6,South,8574,3313.89,560.42,30.53,4.46,38.52,2.3
Oklahoma,40,2023,"Bachelor's degree (BA, AB, BS)",6,South,8374,3333.16,556.51,30.58,4.48,38.55,2.29
Oklahoma,40,2024,"Bachelor's degree (BA, AB, BS)",6,South,8592,3328.65,559.36,30.54,4.49,38.53,2.29
Oklahoma,40,2016,"Master's degree (MA, MS, MEng, MEd, MSW, MBA)",7,South,2579,3342.17,584.65,31.98,3.81,38.55,2.21
Oklahoma,40,2017,"Master's degree (MA, MS, MEng, MEd, MSW, MBA)",7,South,2403,3351.09,550.64,32.01,3.85,38.59,2.1
Oklahoma,40,2018,"Master's degree (MA, MS, MEng, MEd, MSW, MBA)",7,South,2472,3337.25,578.12,32.06,3.85,38.56,2.2
Oklahoma,40,2019,"Master's degree (MA, MS, MEng, MEd, MSW, MBA)",7,South,2476,3336.61,563.77,32.22,4.0,38.55,2.15
Oklahoma,40,2020,"Master's degree (MA, MS, MEng, MEd, MSW, MBA)",7,South,2504,3331.62,551.3,32.3,3.92,38.5,2.13
Oklahoma,40,2021,"Master's degree (MA, MS, MEng, MEd, MSW, MBA)",7,South,2620,3317.35,602.29,32.09,3.95,38.43,2.43
Oklahoma,40,2022,"Master's degree (MA, MS, MEng, MEd, MSW, MBA)",7,South,2675,3313.35,583.49,32.15,4.03,38.43,2.38
Oklahoma,40,2023,"Master's degree (MA, MS, MEng, MEd, MSW, MBA)",7,South,2687,3341.61,562.79,32.23,4.11,38.54,2.23
Oklahoma,40,2024,"Master's degree (MA, MS, MEng, MEd, MSW, MBA)",7,South,2715,3325.72,564.46,32.16,4.14,38.52,2.24
Oklahoma,40,2016,"Doctorate (PhD, EdD) or Professional Degree (MD, DDS, DVM, LLB, JD)",8,South,832,3357.35,561.83,32.59,3.52,38.54,2.18
Oklahoma,40,2017,"Doctorate (PhD, EdD) or Professional Degree (MD, DDS, DVM, LLB, JD)",8,South,810,3347.51,510.36,32.91,3.84,38.67,2.02
Oklahoma,40,2018,"Doctorate (PhD, EdD) or Professional Degree (MD, DDS, DVM, LLB, JD)",8,South,828,3313.99,559.55,32.95,3.66,38.6,1.91
Oklahoma,40,2019,"Doctorate (PhD, EdD) or Professional Degree (MD, DDS, DVM, LLB, JD)",8,South,848,3323.3,547.25,32.97,3.88,38.47,2.01
Oklahoma,40,2020,"Doctorate (PhD, EdD) or Professional Degree (MD, DDS, DVM, LLB, JD)",8,South,842,3283.51,538.92,32.91,3.82,38.52,2.1
Oklahoma,40,2021,"Doctorate (PhD, EdD) or Professional Degree (MD, DDS, DVM, LLB, JD)",8,South,828,3286.59,582.17,32.99,3.77,38.39,2.39
Oklahoma,40,2022,"Doctorate (PhD, EdD) or Professional Degree (MD, DDS, DVM, LLB, JD)",8,South,871,3262.19,548.83,32.93,3.97,38.38,2.1
Oklahoma,40,2023,"Doctorate (PhD, EdD) or Professional Degree (MD, DDS, DVM, LLB, JD)",8,South,883,3262.65,545.01,33.22,4.14,38.48,2.18
Oklahoma,40,2024,"Doctorate (PhD, EdD) or Professional Degree (MD, DDS, DVM, LLB, JD)",8,South,879,3281.59,558.04,32.93,3.92,38.45,2.13
South Carolina,45,2016,8th grade or less,1,South,1488,3259.82,565.99,29.15,6.61,38.58,2.77
South Carolina,45,2017,8th grade or less,1,South,1384,3258.65,579.74,29.11,6.72,38.36,3.06
South Carolina,45,2018,8th grade or less,1,South,1293,3212.41,559.82,29.09,6.76,38.37,2.75
South Carolina,45,2019,8th grade or less,1,South,1323,3224.14,578.85,28.71,6.97,38.42,2.71
South Carolina,45,2020,8th grade or less,1,South,1312,3210.14,550.79,28.62,7.09,38.16,2.72
South Carolina,45,2021,8th grade or less,1,South,1280,3212.55,564.82,28.93,7.25,38.27,2.62
South Carolina,45,2022,8th grade or less,1,South,1505,3194.76,558.88,28.5,7.25,38.08,2.88
South Carolina,45,2023,8th grade or less,1,South,1563,3165.31,526.62,28.14,7.2,38.1,2.76
South Carolina,45,2024,8th grade or less,1,South,1752,3206.97,535.12,27.93,7.11,38.41,2.54
South Carolina,45,2016,9th through 12th grade with no diploma,2,South,6681,3114.64,600.54,24.11,5.94,38.31,3.01
South Carolina,45,2017,9th through 12th grade with no diploma,2,South,6376,3110.8,608.43,24.4,5.94,38.26,2.96
South Carolina,45,2018,9th through 12th grade with no diploma,2,South,6062,3095.75,606.23,24.26,6.06,38.19,2.97
South Carolina,45,2019,9th through 12th grade with no diploma,2,South,5924,3111.29,603.12,24.45,6.08,38.2,2.91
South Carolina,45,2020,9th through 12th grade with no diploma,2,South,5478,3095.32,613.49,24.6,6.23,38.11,2.96
South Carolina,45,2021,9th through 12th grade with no diploma,2,South,5056,3094.71,615.65,24.54,6.24,38.08,2.92
South Carolina,45,2022,9th through 12th grade with no diploma,2,South,5025,3087.21,603.6,24.57,6.37,38.07,2.83
South Carolina,45,2023,9th through 12th grade with no diploma,2,South,4894,3087.49,610.65,24.61,6.4,38.16,2.93
South Carolina,45,2024,9th through 12th grade with no diploma,2,South,5171,3073.97,613.86,24.64,6.41,38.08,2.92
South Carolina,45,2016,High school graduate or GED completed,3,South,13535,3157.86,631.64,25.57,5.33,38.33,2.99
South Carolina,45,2017,High school graduate or GED completed,3,South,13793,3153.24,627.03,25.65,5.37,38.31,2.9
South Carolina,45,2018,High school graduate or GED completed,3,South,14085,3154.78,611.02,25.81,5.35,38.32,2.77
South Carolina,45,2019,High school graduate or GED completed,3,South,14502,3139.46,622.17,25.83,5.35,38.26,2.89
South Carolina,45,2020,High school graduate or GED completed,3,South,14594,3145.06,608.3,26.1,5.42,38.28,2.74
South Carolina,45,2021,High school graduate or GED completed,3,South,14909,3136.8,631.6,26.19,5.5,38.22,2.77
South Carolina,45,2022,High school graduate or GED completed,3,South,15324,3126.6,618.2,26.38,5.48,38.21,2.84
South Carolina,45,2023,High school graduate or GED completed,3,South,15802,3129.03,612.04,26.49,5.53,38.22,2.79
South Carolina,45,2024,High school graduate or GED completed,3,South,16182,3132.67,605.94,26.52,5.53,38.25,2.79
South Carolina,45,2016,"Some college credit, but not a degree",4,South,14094,3220.02,622.55,27.07,5.14,38.47,2.72
South Carolina,45,2017,"Some college credit, but not a degree",4,South,14205,3211.58,616.53,27.19,5.13,38.42,2.69
South Carolina,45,2018,"Some college credit, but not a degree",4,South,13570,3210.46,616.61,27.37,5.15,38.36,2.68
South Carolina,45,2019,"Some college credit, but not a degree",4,South,13319,3190.68,614.87,27.61,5.21,38.31,2.66
South Carolina,45,2020,"Some college credit, but not a degree",4,South,12574,3200.18,626.05,27.78,5.21,38.32,2.72
South Carolina,45,2021,"Some college credit, but not a degree",4,South,12406,3197.53,622.43,27.94,5.2,38.27,2.61
South Carolina,45,2022,"Some college credit, but not a degree",4,South,11866,3189.78,619.21,28.21,5.3,38.31,2.62
South Carolina,45,2023,"Some college credit, but not a degree",4,South,11113,3202.19,611.59,28.45,5.31,38.32,2.63
South Carolina,45,2024,"Some college credit, but not a degree",4,South,10808,3193.0,610.49,28.55,5.33,38.31,2.63
South Carolina,45,2016,"Associate degree (AA, AS)",5,South,5190,3269.03,609.32,29.74,4.84,38.48,2.58
South Carolina,45,2017,"Associate degree (AA, AS)",5,South,5132,3259.66,618.01,29.61,4.73,38.47,2.57
South Carolina,45,2018,"Associate degree (AA, AS)",5,South,5215,3247.75,625.58,29.78,4.78,38.39,2.59
South Carolina,45,2019,"Associate degree (AA, AS)",5,South,5098,3225.21,613.73,29.92,4.8,38.32,2.55
South Carolina,45,2020,"Associate degree (AA, AS)",5,South,5081,3239.58,624.68,29.92,4.81,38.33,2.57
South Carolina,45,2021,"Associate degree (AA, AS)",5,South,5383,3234.22,617.73,30.02,4.81,38.29,2.46
South Carolina,45,2022,"Associate degree (AA, AS)",5,South,5437,3238.83,602.82,30.12,4.85,38.4,2.45
South Carolina,45,2023,"Associate degree (AA, AS)",5,South,5274,3226.33,602.77,30.24,4.9,38.31,2.58
South Carolina,45,2024,"Associate degree (AA, AS)",5,South,5240,3252.55,590.14,30.27,4.95,38.38,2.49
South Carolina,45,2016,"Bachelor's degree (BA, AB, BS)",6,South,10404,3332.6,590.09,30.86,4.37,38.68,2.42
South Carolina,45,2017,"Bachelor's degree (BA, AB, BS)",6,South,10329,3329.77,579.94,30.87,4.36,38.74,2.34
South Carolina,45,2018,"Bachelor's degree (BA, AB, BS)",6,South,10514,3335.19,579.47,30.93,4.41,38.68,2.26
South Carolina,45,2019,"Bachelor's degree (BA, AB, BS)",6,South,10710,3321.97,569.37,30.98,4.42,38.61,2.32
South Carolina,45,2020,"Bachelor's degree (BA, AB, BS)",6,South,10573,3322.83,571.29,31.01,4.42,38.64,2.21
South Carolina,45,2021,"Bachelor's degree (BA, AB, BS)",6,South,11437,3316.39,575.14,31.02,4.43,38.58,2.32
South Carolina,45,2022,"Bachelor's degree (BA, AB, BS)",6,South,11881,3306.46,578.89,31.06,4.43,38.61,2.26
South Carolina,45,2023,"Bachelor's degree (BA, AB, BS)",6,South,12100,3309.8,571.86,31.14,4.46,38.58,2.26
South Carolina,45,2024,"Bachelor's degree (BA, AB, BS)",6,South,12367,3318.58,571.52,31.27,4.42,38.58,2.21
South Carolina,45,2016,"Master's degree (MA, MS, MEng, MEd, MSW, MBA)",7,South,4535,3337.66,569.27,32.44,3.82,38.65,2.39
South Carolina,45,2017,"Master's degree (MA, MS, MEng, MEd, MSW, MBA)",7,South,4408,3321.03,580.39,32.47,3.85,38.63,2.34
South Carolina,45,2018,"Master's degree (MA, MS, MEng, MEd, MSW, MBA)",7,South,4467,3346.48,564.97,32.63,3.86,38.66,2.19
South Carolina,45,2019,"Master's degree (MA, MS, MEng, MEd, MSW, MBA)",7,South,4611,3316.52,585.42,32.69,3.92,38.55,2.34
South Carolina,45,2020,"Master's degree (MA, MS, MEng, MEd, MSW, MBA)",7,South,4591,3328.61,562.91,32.84,3.91,38.58,2.16
South Carolina,45,2021,"Master's degree (MA, MS, MEng, MEd, MSW, MBA)",7,South,5120,3317.3,577.12,32.84,4.04,38.54,2.11
South Carolina,45,2022,"Master's degree (MA, MS, MEng, MEd, MSW, MBA)",7,South,5015,3293.46,581.21,32.79,4.13,38.48,2.29
South Carolina,45,2023,"Master's degree (MA, MS, MEng, MEd, MSW, MBA)",7,South,5192,3305.68,579.29,32.71,4.1,38.52,2.25
South Carolina,45,2024,"Master's degree (MA, MS, MEng, MEd, MSW, MBA)",7,South,5339,3312.42,569.54,32.69,4.14,38.53,2.18
South Carolina,45,2016,"Doctorate (PhD, EdD) or Professional Degree (MD, DDS, DVM, LLB, JD)",8,South,1249,3307.09,590.11,33.19,3.73,38.6,2.25
South Carolina,45,2017,"Doctorate (PhD, EdD) or Professional Degree (MD, DDS, DVM, LLB, JD)",8,South,1228,3333.18,568.76,33.3,3.75,38.67,2.29
South Carolina,45,2018,"Doctorate (PhD, EdD) or Professional Degree (MD, DDS, DVM, LLB, JD)",8,South,1242,3271.65,547.94,33.18,3.66,38.57,2.04
South Carolina,45,2019,"Doctorate (PhD, EdD) or Professional Degree (MD, DDS, DVM, LLB, JD)",8,South,1268,3347.65,544.94,33.6,3.78,38.71,2.09
South Carolina,45,2020,"Doctorate (PhD, EdD) or Professional Degree (MD, DDS, DVM, LLB, JD)",8,South,1298,3272.6,558.28,33.43,3.73,38.51,2.26
South Carolina,45,2021,"Doctorate (PhD, EdD) or Professional Degree (MD, DDS, DVM, LLB, JD)",8,South,1393,3284.4,547.44,33.67,3.84,38.51,2.12
South Carolina,45,2022,"Doctorate (PhD, EdD) or Professional Degree (MD, DDS, DVM, LLB, JD)",8,South,1495,3295.28,537.0,33.51,3.81,38.54,2.07
South Carolina,45,2023,"Doctorate (PhD, EdD) or Professional Degree (MD, DDS, DVM, LLB, JD)",8,South,1477,3300.71,533.46,33.72,4.03,38.55,2.15
South Carolina,45,2024,"Doctorate (PhD, EdD) or Professional Degree (MD, DDS, DVM, LLB, JD)",8,South,1591,3288.1,543.01,33.49,3.89,38.55,2.12
Tennessee,47,2016,8th grade or less,1,South,2674,3233.35,587.96,29.25,6.62,38.39,2.61
Tennessee,47,2017,8th grade or less,1,South,2730,3253.15,574.22,29.41,6.61,38.39,2.51
Tennessee,47,2018,8th grade or less,1,South,2572,3247.28,564.68,29.35,6.71,38.38,2.53
Tennessee,47,2019,8th grade or less,1,South,2886,3218.83,567.5,28.97,6.66,38.23,2.9
Tennessee,47,2020,8th grade or less,1,South,3099,3226.85,577.76,28.69,6.78,38.25,2.8
Tennessee,47,2021,8th grade or less,1,South,3186,3218.21,558.5,28.59,6.89,38.39,2.53
Tennessee,47,2022,8th grade or less,1,South,3652,3212.7,531.72,28.4,6.92,38.31,2.57
Tennessee,47,2023,8th grade or less,1,South,3865,3216.76,541.32,28.08,6.97,38.4,2.61
Tennessee,47,2024,8th grade or less,1,South,4178,3218.59,545.39,27.96,6.82,38.37,2.46
Tennessee,47,2016,9th through 12th grade with no diploma,2,South,8404,3104.09,615.3,24.37,6.2,38.15,2.78
Tennessee,47,2017,9th through 12th grade with no diploma,2,South,7987,3111.68,606.67,24.39,6.22,38.21,2.77
Tennessee,47,2018,9th through 12th grade with no diploma,2,South,7604,3101.65,612.82,24.47,6.29,38.13,2.75
Tennessee,47,2019,9th through 12th grade with no diploma,2,South,7315,3125.72,586.25,24.65,6.42,38.15,2.72
Tennessee,47,2020,9th through 12th grade with no diploma,2,South,7220,3122.18,605.54,24.71,6.49,38.08,2.94
Tennessee,47,2021,9th through 12th grade with no diploma,2,South,7022,3109.28,603.33,24.72,6.49,38.14,2.76
Tennessee,47,2022,9th through 12th grade with no diploma,2,South,7044,3139.84,576.52,24.9,6.55,38.29,2.67
Tennessee,47,2023,9th through 12th grade with no diploma,2,South,6965,3115.0,602.66,24.84,6.54,38.17,2.72
Tennessee,47,2024,9th through 12th grade with no diploma,2,South,7030,3134.0,598.08,24.85,6.53,38.21,2.72
Tennessee,47,2016,High school graduate or GED completed,3,South,22621,3169.78,610.33,25.27,5.25,38.3,2.61
Tennessee,47,2017,High school graduate or GED completed,3,South,22746,3171.76,610.45,25.3,5.19,38.33,2.64
Tennessee,47,2018,High school graduate or GED completed,3,South,22780,3178.17,613.14,25.47,5.26,38.26,2.62
Tennessee,47,2019,High school graduate or GED completed,3,South,22554,3179.86,599.96,25.61,5.31,38.27,2.66
Tennessee,47,2020,High school graduate or GED completed,3,South,22506,3176.83,604.51,25.75,5.33,38.27,2.62
Tennessee,47,2021,High school graduate or GED completed,3,South,22626,3175.47,607.51,25.82,5.34,38.28,2.59
Tennessee,47,2022,High school graduate or GED completed,3,South,22482,3168.84,602.06,25.88,5.36,38.31,2.61
Tennessee,47,2023,High school graduate or GED completed,3,South,23122,3177.21,606.52,26.08,5.41,38.3,2.68
Tennessee,47,2024,High school graduate or GED completed,3,South,23159,3183.62,603.07,26.18,5.48,38.32,2.6
Tennessee,47,2016,"Some college credit, but not a degree",4,South,19293,3236.22,609.09,26.91,5.16,38.4,2.41
Tennessee,47,2017,"Some college credit, but not a degree",4,South,19065,3232.11,609.5,26.96,5.08,38.4,2.51
Tennessee,47,2018,"Some college credit, but not a degree",4,South,18865,3231.23,610.41,27.18,5.14,38.37,2.53
Tennessee,47,2019,"Some college credit, but not a degree",4,South,18678,3217.95,618.5,27.34,5.16,38.23,2.69
Tennessee,47,2020,"Some college credit, but not a degree",4,South,17175,3230.63,605.72,27.53,5.18,38.32,2.55
Tennessee,47,2021,"Some college credit, but not a degree",4,South,17184,3224.73,609.83,27.75,5.22,38.33,2.51
Tennessee,47,2022,"Some college credit, but not a degree",4,South,16587,3221.7,622.08,27.98,5.22,38.34,2.58
Tennessee,47,2023,"Some college credit, but not a degree",4,South,16147,3236.39,609.63,28.07,5.23,38.38,2.52
Tennessee,47,2024,"Some college credit, but not a degree",4,South,15599,3229.6,601.78,28.29,5.27,38.37,2.52
Tennessee,47,2016,"Associate degree (AA, AS)",5,South,5734,3289.76,601.21,29.23,4.85,38.44,2.38
Tennessee,47,2017,"Associate degree (AA, AS)",5,South,5868,3304.08,575.27,29.19,4.86,38.48,2.31
Tennessee,47,2018,"Associate degree (AA, AS)",5,South,5919,3272.75,596.52,29.27,4.85,38.41,2.43
Tennessee,47,2019,"Associate degree (AA, AS)",5,South,6076,3266.77,610.1,29.19,4.95,38.32,2.52
Tennessee,47,2020,"Associate degree (AA, AS)",5,South,5793,3276.53,584.68,29.24,4.95,38.4,2.4
Tennessee,47,2021,"Associate degree (AA, AS)",5,South,6285,3274.88,595.28,29.26,4.88,38.35,2.38
Tennessee,47,2022,"Associate degree (AA, AS)",5,South,6379,3268.08,591.42,29.48,4.96,38.43,2.34
Tennessee,47,2023,"Associate degree (AA, AS)",5,South,6344,3259.17,604.89,29.44,4.9,38.38,2.47
Tennessee,47,2024,"Associate degree (AA, AS)",5,South,6431,3275.2,594.35,29.46,4.94,38.39,2.34
Tennessee,47,2016,"Bachelor's degree (BA, AB, BS)",6,South,13887,3354.6,574.88,30.52,4.33,38.65,2.16
Tennessee,47,2017,"Bachelor's degree (BA, AB, BS)",6,South,14338,3353.44,582.45,30.57,4.36,38.69,2.2
Tennessee,47,2018,"Bachelor's degree (BA, AB, BS)",6,South,14393,3349.26,582.89,30.61,4.37,38.63,2.23
Tennessee,47,2019,"Bachelor's degree (BA, AB, BS)",6,South,14637,3332.75,568.09,30.66,4.41,38.54,2.35
Tennessee,47,2020,"Bachelor's degree (BA, AB, BS)",6,South,14632,3345.24,571.6,30.67,4.39,38.58,2.28
Tennessee,47,2021,"Bachelor's degree (BA, AB, BS)",6,South,16136,3334.22,576.45,30.75,4.4,38.6,2.21
Tennessee,47,2022,"Bachelor's degree (BA, AB, BS)",6,South,16825,3329.31,556.75,30.69,4.4,38.63,2.17
Tennessee,47,2023,"Bachelor's degree (BA, AB, BS)",6,South,16917,3331.84,572.78,30.76,4.42,38.59,2.25
Tennessee,47,2024,"Bachelor's degree (BA, AB, BS)",6,South,17413,3342.3,574.15,30.91,4.46,38.58,2.2
Tennessee,47,2016,"Master's degree (MA, MS, MEng, MEd, MSW, MBA)",7,South,5889,3333.57,600.6,32.1,3.84,38.54,2.3
Tennessee,47,2017,"Master's degree (MA, MS, MEng, MEd, MSW, MBA)",7,South,5887,3341.41,581.28,32.17,3.87,38.63,2.19
Tennessee,47,2018,"Master's degree (MA, MS, MEng, MEd, MSW, MBA)",7,South,6095,3349.15,598.79,32.36,3.89,38.58,2.29
Tennessee,47,2019,"Master's degree (MA, MS, MEng, MEd, MSW, MBA)",7,South,6034,3337.26,565.43,32.36,3.94,38.54,2.18
Tennessee,47,2020,"Master's degree (MA, MS, MEng, MEd, MSW, MBA)",7,South,6147,3338.83,569.4,32.36,3.92,38.51,2.16
Tennessee,47,2021,"Master's degree (MA, MS, MEng, MEd, MSW, MBA)",7,South,6790,3325.39,571.39,32.43,4.01,38.55,2.15
Tennessee,47,2022,"Master's degree (MA, MS, MEng, MEd, MSW, MBA)",7,South,6850,3320.55,551.83,32.38,4.0,38.56,2.14
Tennessee,47,2023,"Master's degree (MA, MS, MEng, MEd, MSW, MBA)",7,South,7010,3324.43,569.22,32.36,4.08,38.58,2.21
Tennessee,47,2024,"Master's degree (MA, MS, MEng, MEd, MSW, MBA)",7,South,7237,3330.54,573.35,32.34,4.14,38.56,2.23
Tennessee,47,2016,"Doctorate (PhD, EdD) or Professional Degree (MD, DDS, DVM, LLB, JD)",8,South,1799,3322.76,588.48,33.15,3.68,38.53,2.25
Tennessee,47,2017,"Doctorate (PhD, EdD) or Professional Degree (MD, DDS, DVM, LLB, JD)",8,South,1856,3324.3,569.09,33.26,3.62,38.6,2.2
Tennessee,47,2018,"Doctorate (PhD, EdD) or Professional Degree (MD, DDS, DVM, LLB, JD)",8,South,1886,3311.24,569.87,33.43,3.71,38.55,2.24
Tennessee,47,2019,"Doctorate (PhD, EdD) or Professional Degree (MD, DDS, DVM, LLB, JD)",8,South,1792,3318.79,561.33,33.34,3.7,38.57,2.13
Tennessee,47,2020,"Doctorate (PhD, EdD) or Professional Degree (MD, DDS, DVM, LLB, JD)",8,South,1838,3306.01,567.2,33.53,3.78,38.51,2.19
Tennessee,47,2021,"Doctorate (PhD, EdD) or Professional Degree (MD, DDS, DVM, LLB, JD)",8,South,2174,3314.26,559.07,33.46,3.64,38.6,2.09
Tennessee,47,2022,"Doctorate (PhD, EdD) or Professional Degree (MD, DDS, DVM, LLB, JD)",8,South,2106,3303.12,565.11,33.42,3.96,38.5,2.3
Tennessee,47,2023,"Doctorate (PhD, EdD) or Professional Degree (MD, DDS, DVM, LLB, JD)",8,South,2164,3316.98,546.77,33.49,3.83,38.55,2.22
Tennessee,47,2024,"Doctorate (PhD, EdD) or Professional Degree (MD, DDS, DVM, LLB, JD)",8,South,2337,3328.1,558.38,33.53,4.02,38.58,2.1
Texas,48,2016,8th grade or less,1,South,15083,3239.12,578.51,29.15,7.01,38.36,2.53
Texas,48,2017,8th grade or less,1,South,12913,3239.57,571.12,29.34,7.02,38.33,2.53
Texas,48,2018,8th grade or less,1,South,11958,3230.88,569.3,29.13,7.13,38.3,2.55
Texas,48,2019,8th grade or less,1,South,12754,3228.71,578.76,29.08,7.15,38.27,2.74
Texas,48,2020,8th grade or less,1,South,11387,3232.82,558.19,29.16,7.1,38.32,2.67
Texas,48,2021,8th grade or less,1,South,11460,3197.56,566.5,28.96,7.19,38.19,2.71
Texas,48,2022,8th grade or less,1,South,12575,3200.75,565.92,28.76,7.08,38.3,2.75
Texas,48,2023,8th grade or less,1,South,11724,3186.27,573.55,28.55,7.09,38.23,2.81
Texas,48,2024,8th grade or less,1,South,11730,3196.91,556.21,28.4,7.03,38.33,2.72
Texas,48,2016,9th through 12th grade with no diploma,2,South,58722,3195.23,575.86,25.24,6.63,38.43,2.57
Texas,48,2017,9th through 12th grade with no diploma,2,South,53647,3196.89,576.35,25.42,6.68,38.34,2.62
Texas,48,2018,9th through 12th grade with no diploma,2,South,50716,3185.48,580.54,25.62,6.69,38.31,2.63
Texas,48,2019,9th through 12th grade with no diploma,2,South,46208,3179.63,573.47,25.64,6.73,38.33,2.82
Texas,48,2020,9th through 12th grade with no diploma,2,South,42089,3182.48,576.81,25.56,6.76,38.43,2.81
Texas,48,2021,9th through 12th grade with no diploma,2,South,38771,3169.49,578.65,25.64,6.75,38.36,2.87
Texas,48,2022,9th through 12th grade with no diploma,2,South,38648,3155.89,577.28,25.61,6.76,38.32,2.92
Texas,48,2023,9th through 12th grade with no diploma,2,South,37850,3155.17,570.79,25.68,6.81,38.31,2.85
Texas,48,2024,9th through 12th grade with no diploma,2,South,42894,3170.84,577.45,26.05,6.73,38.43,2.84
Texas,48,2016,High school graduate or GED completed,3,South,106705,3203.4,587.01,25.81,5.57,38.38,2.53
Texas,48,2017,High school graduate or GED completed,3,South,105131,3203.16,582.67,25.95,5.59,38.38,2.57
Texas,48,2018,High school graduate or GED completed,3,South,105680,3201.25,585.24,26.08,5.59,38.34,2.55
Texas,48,2019,High school graduate or GED completed,3,South,107476,3197.23,578.62,26.14,5.59,38.4,2.75
Texas,48,2020,High school graduate or GED completed,3,South,107422,3203.8,579.38,26.25,5.59,38.48,2.75
Texas,48,2021,High school graduate or GED completed,3,South,108790,3192.57,585.25,26.35,5.6,38.47,2.85
Texas,48,2022,High school graduate or GED completed,3,South,116392,3186.87,578.81,26.5,5.63,38.5,2.84
Texas,48,2023,High school graduate or GED completed,3,South,119276,3187.98,577.92,26.65,5.66,38.48,2.77
Texas,48,2024,High school graduate or GED completed,3,South,114544,3186.4,577.22,26.64,5.63,38.51,2.8
Texas,48,2016,"Some college credit, but not a degree",4,South,86833,3239.19,586.29,27.35,5.26,38.43,2.43
Texas,48,2017,"Some college credit, but not a degree",4,South,82983,3234.36,589.58,27.51,5.26,38.4,2.48
Texas,48,2018,"Some college credit, but not a degree",4,South,79731,3232.14,587.41,27.69,5.25,38.38,2.43
Texas,48,2019,"Some college credit, but not a degree",4,South,79441,3225.64,586.15,27.81,5.28,38.37,2.62
Texas,48,2020,"Some college credit, but not a degree",4,South,76555,3228.98,586.59,27.9,5.29,38.43,2.58
Texas,48,2021,"Some college credit, but not a degree",4,South,74910,3223.24,589.81,28.13,5.25,38.38,2.65
Texas,48,2022,"Some college credit, but not a degree",4,South,75510,3210.71,589.91,28.32,5.28,38.4,2.67
Texas,48,2023,"Some college credit, but not a degree",4,South,71669,3215.36,580.1,28.52,5.35,38.42,2.65
Texas,48,2024,"Some college credit, but not a degree",4,South,69824,3214.72,584.47,28.64,5.35,38.45,2.7
Texas,48,2016,"Associate degree (AA, AS)",5,South,24479,3262.94,588.21,29.44,4.97,38.45,2.36
Texas,48,2017,"Associate degree (AA, AS)",5,South,24008,3257.75,582.52,29.5,4.94,38.41,2.37
Texas,48,2018,"Associate degree (AA, AS)",5,South,24990,3258.53,586.17,29.55,5.01,38.39,2.39
Texas,48,2019,"Associate degree (AA, AS)",5,South,24938,3249.59,578.65,29.56,4.99,38.42,2.49
Texas,48,2020,"Associate degree (AA, AS)",5,South,24940,3243.89,580.93,29.58,4.98,38.39,2.57
Texas,48,2021,"Associate degree (AA, AS)",5,South,26431,3237.22,584.66,29.61,5.03,38.4,2.59
Texas,48,2022,"Associate degree (AA, AS)",5,South,27974,3227.44,586.84,29.7,5.01,38.41,2.58
Texas,48,2023,"Associate degree (AA, AS)",5,South,27259,3233.6,575.81,29.77,5.08,38.44,2.54
Texas,48,2024,"Associate degree (AA, AS)",5,South,27195,3224.62,580.34,29.88,5.07,38.44,2.6
Texas,48,2016,"Bachelor's degree (BA, AB, BS)",6,South,71613,3300.82,570.62,31.12,4.35,38.58,2.19
Texas,48,2017,"Bachelor's degree (BA, AB, BS)",6,South,69377,3297.75,567.99,31.16,4.37,38.57,2.23
Texas,48,2018,"Bachelor's degree (BA, AB, BS)",6,South,70725,3296.11,563.93,31.28,4.39,38.55,2.2
Texas,48,2019,"Bachelor's degree (BA, AB, BS)",6,South,70820,3291.71,560.34,31.31,4.43,38.55,2.34
Texas,48,2020,"Bachelor's degree (BA, AB, BS)",6,South,70476,3295.07,558.51,31.3,4.43,38.56,2.28
Texas,48,2021,"Bachelor's degree (BA, AB, BS)",6,South,74309,3285.5,564.92,31.32,4.44,38.55,2.37
Texas,48,2022,"Bachelor's degree (BA, AB, BS)",6,South,77225,3277.92,564.02,31.34,4.51,38.56,2.41
Texas,48,2023,"Bachelor's degree (BA, AB, BS)",6,South,77448,3279.68,564.42,31.34,4.54,38.57,2.4
Texas,48,2024,"Bachelor's degree (BA, AB, BS)",6,South,79985,3274.7,558.31,31.39,4.54,38.6,2.35
Texas,48,2016,"Master's degree (MA, MS, MEng, MEd, MSW, MBA)",7,South,26219,3280.86,580.81,32.59,4.0,38.56,2.21
Texas,48,2017,"Master's degree (MA, MS, MEng, MEd, MSW, MBA)",7,South,25678,3276.49,574.9,32.68,3.98,38.54,2.2
Texas,48,2018,"Master's degree (MA, MS, MEng, MEd, MSW, MBA)",7,South,26381,3272.28,569.36,32.79,4.0,38.53,2.2
Texas,48,2019,"Master's degree (MA, MS, MEng, MEd, MSW, MBA)",7,South,27101,3270.18,570.7,32.85,3.99,38.49,2.36
Texas,48,2020,"Master's degree (MA, MS, MEng, MEd, MSW, MBA)",7,South,26494,3269.77,561.08,32.92,4.02,38.52,2.29
Texas,48,2021,"Master's degree (MA, MS, MEng, MEd, MSW, MBA)",7,South,28873,3265.71,563.4,32.95,4.02,38.49,2.3
Texas,48,2022,"Master's degree (MA, MS, MEng, MEd, MSW, MBA)",7,South,30181,3255.64,573.19,32.98,4.12,38.49,2.4
Texas,48,2023,"Master's degree (MA, MS, MEng, MEd, MSW, MBA)",7,South,31020,3248.72,561.48,32.98,4.14,38.51,2.35
Texas,48,2024,"Master's degree (MA, MS, MEng, MEd, MSW, MBA)",7,South,32277,3249.21,561.26,33.0,4.12,38.54,2.36
Texas,48,2016,"Doctorate (PhD, EdD) or Professional Degree (MD, DDS, DVM, LLB, JD)",8,South,7805,3259.4,559.52,33.52,3.84,38.57,2.11
Texas,48,2017,"Doctorate (PhD, EdD) or Professional Degree (MD, DDS, DVM, LLB, JD)",8,South,7731,3260.78,567.49,33.59,3.79,38.53,2.21
Texas,48,2018,"Doctorate (PhD, EdD) or Professional Degree (MD, DDS, DVM, LLB, JD)",8,South,7873,3260.71,559.43,33.72,3.79,38.48,2.14
Texas,48,2019,"Doctorate (PhD, EdD) or Professional Degree (MD, DDS, DVM, LLB, JD)",8,South,7884,3258.29,549.74,33.77,3.81,38.5,2.35
Texas,48,2020,"Doctorate (PhD, EdD) or Professional Degree (MD, DDS, DVM, LLB, JD)",8,South,7541,3257.9,548.51,33.96,3.78,38.52,2.2
Texas,48,2021,"Doctorate (PhD, EdD) or Professional Degree (MD, DDS, DVM, LLB, JD)",8,South,8373,3246.47,536.97,33.99,3.84,38.47,2.2
Texas,48,2022,"Doctorate (PhD, EdD) or Professional Degree (MD, DDS, DVM, LLB, JD)",8,South,8650,3233.16,552.54,34.03,3.92,38.44,2.3
Texas,48,2023,"Doctorate (PhD, EdD) or Professional Degree (MD, DDS, DVM, LLB, JD)",8,South,8585,3230.1,556.08,34.02,4.01,38.48,2.31
Texas,48,2024,"Doctorate (PhD, EdD) or Professional Degree (MD, DDS, DVM, LLB, JD)",8,South,8954,3247.56,544.88,33.97,3.99,38.49,2.25
Virginia,51,2016,8th grade or less,1,South,3045,3274.98,579.89,29.93,6.43,38.61,2.68
Virginia,51,2017,8th grade or less,1,South,2840,3274.47,562.96,29.85,6.55,38.56,2.64
Virginia,51,2018,8th grade or less,1,South,2830,3263.72,565.04,30.05,6.48,38.54,2.58
Virginia,51,2019,8th grade or less,1,South,2743,3269.96,547.65,29.6,6.69,38.56,2.6
Virginia,51,2020,8th grade or less,1,South,2912,3241.35,567.71,29.83,6.72,38.49,2.71
Virginia,51,2021,8th grade or less,1,South,2868,3244.61,557.94,29.9,6.67,38.54,2.66
Virginia,51,2022,8th grade or less,1,South,3417,3245.43,570.98,29.56,6.74,38.58,2.73
Virginia,51,2023,8th grade or less,1,South,3408,3239.29,561.74,29.33,6.79,38.39,2.81
Virginia,51,2024,8th grade or less,1,South,3564,3212.41,587.12,29.23,6.8,38.34,3.03
Virginia,51,2016,9th through 12th grade with no diploma,2,South,6646,3173.46,602.6,25.42,6.49,38.51,2.92
Virginia,51,2017,9th through 12th grade with no diploma,2,South,6426,3154.58,598.01,25.45,6.51,38.42,2.85
Virginia,51,2018,9th through 12th grade with no diploma,2,South,5937,3153.26,608.11,25.47,6.58,38.41,2.87
Virginia,51,2019,9th through 12th grade with no diploma,2,South,5451,3170.6,589.07,25.5,6.59,38.41,2.82
Virginia,51,2020,9th through 12th grade with no diploma,2,South,5495,3166.43,611.01,25.68,6.71,38.4,2.86
Virginia,51,2021,9th through 12th grade with no diploma,2,South,5453,3150.9,620.21,25.95,6.81,38.36,2.94
Virginia,51,2022,9th through 12th grade with no diploma,2,South,5224,3161.33,574.41,26.14,6.82,38.48,2.74
Virginia,51,2023,9th through 12th grade with no diploma,2,South,5042,3152.03,590.49,26.02,6.83,38.46,2.72
Virginia,51,2024,9th through 12th grade with no diploma,2,South,4943,3144.01,598.82,25.97,6.73,38.34,2.96
Virginia,51,2016,High school graduate or GED completed,3,South,26743,3218.87,614.62,26.56,5.6,38.61,2.73
Virginia,51,2017,High school graduate or GED completed,3,South,26355,3212.72,615.99,26.6,5.55,38.59,2.73
Virginia,51,2018,High school graduate or GED completed,3,South,26646,3211.69,618.4,26.85,5.64,38.58,2.71
Virginia,51,2019,High school graduate or GED completed,3,South,25988,3201.83,619.05,26.79,5.61,38.45,2.79
Virginia,51,2020,High school graduate or GED completed,3,South,25144,3213.85,609.37,26.84,5.58,38.52,2.7
Virginia,51,2021,High school graduate or GED completed,3,South,24119,3199.37,608.16,26.89,5.6,38.5,2.72
Virginia,51,2022,High school graduate or GED completed,3,South,24108,3186.99,613.7,27.07,5.62,38.53,2.76
Virginia,51,2023,High school graduate or GED completed,3,South,23605,3186.19,618.03,27.16,5.69,38.49,2.77
Virginia,51,2024,High school graduate or GED completed,3,South,24698,3194.14,611.06,27.27,5.71,38.5,2.77
Virginia,51,2016,"Some college credit, but not a degree",4,South,18795,3281.98,598.89,28.12,5.31,38.78,2.57
Virginia,51,2017,"Some college credit, but not a degree",4,South,18057,3263.8,618.19,28.2,5.34,38.67,2.67
Virginia,51,2018,"Some college credit, but not a degree",4,South,17297,3265.58,606.34,28.37,5.35,38.69,2.58
Virginia,51,2019,"Some college credit, but not a degree",4,South,16558,3259.22,597.28,28.54,5.33,38.58,2.57
Virginia,51,2020,"Some college credit, but not a degree",4,South,15786,3251.57,621.04,28.69,5.38,38.55,2.61
Virginia,51,2021,"Some college credit, but not a degree",4,South,15192,3263.61,611.36,28.86,5.28,38.64,2.54
Virginia,51,2022,"Some college credit, but not a degree",4,South,14506,3257.82,606.84,28.98,5.31,38.63,2.6
Virginia,51,2023,"Some college credit, but not a degree",4,South,13353,3251.06,617.52,29.25,5.34,38.58,2.68
Virginia,51,2024,"Some college credit, but not a degree",4,South,13144,3246.66,622.29,29.37,5.41,38.57,2.73
Virginia,51,2016,"Associate degree (AA, AS)",5,South,6929,3290.75,610.58,29.71,4.8,38.73,2.53
Virginia,51,2017,"Associate degree (AA, AS)",5,South,7079,3284.51,602.96,29.85,4.87,38.71,2.57
Virginia,51,2018,"Associate degree (AA, AS)",5,South,7084,3285.74,605.57,30.13,4.92,38.66,2.57
Virginia,51,2019,"Associate degree (AA, AS)",5,South,7064,3282.11,617.31,29.97,4.89,38.58,2.62
Virginia,51,2020,"Associate degree (AA, AS)",5,South,6916,3270.39,604.07,30.17,4.91,38.63,2.5
Virginia,51,2021,"Associate degree (AA, AS)",5,South,6959,3263.79,625.56,30.21,4.96,38.53,2.62
Virginia,51,2022,"Associate degree (AA, AS)",5,South,7015,3269.38,605.78,30.2,5.0,38.57,2.59
Virginia,51,2023,"Associate degree (AA, AS)",5,South,6716,3272.34,608.48,30.36,5.0,38.56,2.51
Virginia,51,2024,"Associate degree (AA, AS)",5,South,6378,3265.65,619.88,30.49,5.02,38.55,2.61
Virginia,51,2016,"Bachelor's degree (BA, AB, BS)",6,South,23104,3342.97,575.61,31.54,4.42,38.9,2.26
Virginia,51,2017,"Bachelor's degree (BA, AB, BS)",6,South,22427,3341.0,579.29,31.56,4.42,38.88,2.32
Virginia,51,2018,"Bachelor's degree (BA, AB, BS)",6,South,22572,3349.66,572.7,31.62,4.45,38.92,2.27
Virginia,51,2019,"Bachelor's degree (BA, AB, BS)",6,South,22222,3330.05,571.23,31.68,4.41,38.82,2.28
Virginia,51,2020,"Bachelor's degree (BA, AB, BS)",6,South,21844,3336.69,573.57,31.74,4.43,38.81,2.29
Virginia,51,2021,"Bachelor's degree (BA, AB, BS)",6,South,23324,3339.04,573.95,31.86,4.42,38.8,2.28
Virginia,51,2022,"Bachelor's degree (BA, AB, BS)",6,South,23088,3322.47,574.31,31.88,4.45,38.83,2.33
Virginia,51,2023,"Bachelor's degree (BA, AB, BS)",6,South,22808,3327.72,568.77,31.96,4.5,38.81,2.28
Virginia,51,2024,"Bachelor's degree (BA, AB, BS)",6,South,23567,3334.63,574.95,31.97,4.5,38.81,2.33
Virginia,51,2016,"Master's degree (MA, MS, MEng, MEd, MSW, MBA)",7,South,12732,3329.87,588.38,32.97,4.01,38.86,2.27
Virginia,51,2017,"Master's degree (MA, MS, MEng, MEd, MSW, MBA)",7,South,12733,3327.72,582.85,33.06,3.96,38.85,2.2
Virginia,51,2018,"Master's degree (MA, MS, MEng, MEd, MSW, MBA)",7,South,12795,3343.53,565.51,33.17,3.93,38.94,2.22
Virginia,51,2019,"Master's degree (MA, MS, MEng, MEd, MSW, MBA)",7,South,12611,3318.43,566.69,33.26,3.97,38.78,2.29
Virginia,51,2020,"Master's degree (MA, MS, MEng, MEd, MSW, MBA)",7,South,12430,3324.6,558.37,33.37,4.0,38.79,2.18
Virginia,51,2021,"Master's degree (MA, MS, MEng, MEd, MSW, MBA)",7,South,13312,3319.65,572.64,33.35,4.02,38.74,2.3
Virginia,51,2022,"Master's degree (MA, MS, MEng, MEd, MSW, MBA)",7,South,13181,3324.31,566.04,33.52,4.11,38.78,2.25
Virginia,51,2023,"Master's degree (MA, MS, MEng, MEd, MSW, MBA)",7,South,12458,3320.09,571.9,33.49,4.11,38.73,2.29
Virginia,51,2024,"Master's degree (MA, MS, MEng, MEd, MSW, MBA)",7,South,12829,3318.81,566.56,33.52,4.14,38.79,2.24
Virginia,51,2016,"Doctorate (PhD, EdD) or Professional Degree (MD, DDS, DVM, LLB, JD)",8,South,3488,3311.52,577.47,34.02,3.93,38.8,2.2
Virginia,51,2017,"Doctorate (PhD, EdD) or Professional Degree (MD, DDS, DVM, LLB, JD)",8,South,3469,3315.02,559.8,34.24,3.85,38.79,2.26
Virginia,51,2018,"Doctorate (PhD, EdD) or Professional Degree (MD, DDS, DVM, LLB, JD)",8,South,3460,3317.3,569.35,34.28,3.82,38.77,2.18
Virginia,51,2019,"Doctorate (PhD, EdD) or Professional Degree (MD, DDS, DVM, LLB, JD)",8,South,3319,3301.83,560.45,34.46,3.82,38.73,2.23
Virginia,51,2020,"Doctorate (PhD, EdD) or Professional Degree (MD, DDS, DVM, LLB, JD)",8,South,3344,3304.86,542.91,34.37,3.93,38.81,1.98
Virginia,51,2021,"Doctorate (PhD, EdD) or Professional Degree (MD, DDS, DVM, LLB, JD)",8,South,3563,3317.53,552.72,34.48,3.88,38.76,2.21
Virginia,51,2022,"Doctorate (PhD, EdD) or Professional Degree (MD, DDS, DVM, LLB, JD)",8,South,3460,3286.32,562.77,34.48,4.0,38.74,2.33
Virginia,51,2023,"Doctorate (PhD, EdD) or Professional Degree (MD, DDS, DVM, LLB, JD)",8,South,3449,3306.75,551.98,34.49,4.02,38.69,2.12
Virginia,51,2024,"Doctorate (PhD, EdD) or Professional Degree (MD, DDS, DVM, LLB, JD)",8,South,3578,3300.61,556.92,34.59,4.07,38.73,2.22
West Virginia,54,2016,8th grade or less,1,South,212,3121.8,664.64,25.55,6.13,37.96,2.87
West Virginia,54,2017,8th grade or less,1,South,212,3206.3,599.0,26.0,6.19,38.53,2.78
West Virginia,54,2018,8th grade or less,1,South,190,3117.19,528.12,26.32,5.92,38.38,2.45
West Virginia,54,2019,8th grade or less,1,South,169,3059.46,704.58,25.93,6.14,38.01,3.7
West Virginia,54,2020,8th grade or less,1,South,183,3138.59,651.47,25.61,6.62,38.33,2.8
West Virginia,54,2021,8th grade or less,1,South,170,3115.7,646.88,26.28,7.18,37.97,3.52
West Virginia,54,2022,8th grade or less,1,South,140,3140.74,654.33,27.32,6.85,37.9,3.2
West Virginia,54,2023,8th grade or less,1,South,148,3166.2,573.33,26.97,7.13,38.56,2.8
West Virginia,54,2024,8th grade or less,1,South,168,3231.85,489.55,27.08,7.29,38.59,2.39
West Virginia,54,2016,9th through 12th grade with no diploma,2,South,2459,3090.63,614.59,23.27,5.42,38.29,2.94
West Virginia,54,2017,9th through 12th grade with no diploma,2,South,2216,3121.06,596.42,23.63,5.54,38.33,2.9
West Virginia,54,2018,9th through 12th grade with no diploma,2,South,2143,3097.68,607.05,23.64,5.35,38.12,3.08
West Virginia,54,2019,9th through 12th grade with no diploma,2,South,2076,3085.75,595.76,23.76,5.57,38.2,2.88
West Virginia,54,2020,9th through 12th grade with no diploma,2,South,1891,3112.61,602.93,23.95,5.69,38.18,2.96
West Virginia,54,2021,9th through 12th grade with no diploma,2,South,1765,3091.54,611.13,24.1,5.82,38.23,2.92
West Virginia,54,2022,9th through 12th grade with no diploma,2,South,1648,3098.53,579.39,24.15,5.91,38.13,2.8
West Virginia,54,2023,9th through 12th grade with no diploma,2,South,1621,3100.43,587.62,24.51,6.05,38.14,2.83
West Virginia,54,2024,9th through 12th grade with no diploma,2,South,1553,3084.88,592.0,24.56,6.09,38.22,2.87
West Virginia,54,2016,High school graduate or GED completed,3,South,5985,3192.68,604.65,25.11,5.14,38.48,2.69
West Virginia,54,2017,High school graduate or GED completed,3,South,5989,3182.66,628.23,25.18,5.24,38.4,2.73
West Virginia,54,2018,High school graduate or GED completed,3,South,5905,3194.0,620.99,25.21,5.14,38.36,2.8
West Virginia,54,2019,High school graduate or GED completed,3,South,6161,3170.09,602.95,25.39,5.21,38.33,2.82
West Virginia,54,2020,High school graduate or GED completed,3,South,5752,3197.44,599.16,25.51,5.2,38.36,2.72
West Virginia,54,2021,High school graduate or GED completed,3,South,5701,3192.76,603.16,25.4,5.1,38.28,2.74
West Virginia,54,2022,High school graduate or GED completed,3,South,5754,3156.76,605.54,25.62,5.26,38.27,2.68
West Virginia,54,2023,High school graduate or GED completed,3,South,5667,3171.48,592.91,25.56,5.11,38.31,2.64
West Virginia,54,2024,High school graduate or GED completed,3,South,5857,3178.12,610.54,25.77,5.2,38.27,2.67
West Virginia,54,2016,"Some college credit, but not a degree",4,South,4200,3264.11,591.51,26.82,5.12,38.47,2.59
West Virginia,54,2017,"Some college credit, but not a degree",4,South,4111,3236.8,603.52,26.83,5.07,38.44,2.7
West Virginia,54,2018,"Some college credit, but not a degree",4,South,3978,3255.38,591.1,27.01,5.16,38.43,2.56
West Virginia,54,2019,"Some college credit, but not a degree",4,South,3768,3240.75,599.6,27.31,5.23,38.39,2.52
West Virginia,54,2020,"Some college credit, but not a degree",4,South,3561,3260.36,602.06,27.36,5.24,38.38,2.66
West Virginia,54,2021,"Some college credit, but not a degree",4,South,3479,3230.42,588.48,27.34,5.32,38.26,2.54
West Virginia,54,2022,"Some college credit, but not a degree",4,South,3289,3226.04,619.38,27.48,5.17,38.3,2.61
West Virginia,54,2023,"Some college credit, but not a degree",4,South,3235,3207.69,602.27,27.51,5.23,38.24,2.6
West Virginia,54,2024,"Some college credit, but not a degree",4,South,3167,3213.16,596.61,27.74,5.13,38.22,2.58
West Virginia,54,2016,"Associate degree (AA, AS)",5,South,1868,3307.18,585.41,28.8,4.83,38.57,2.27
West Virginia,54,2017,"Associate degree (AA, AS)",5,South,1818,3275.41,610.01,28.73,4.92,38.47,2.42
West Virginia,54,2018,"Associate degree (AA, AS)",5,South,1856,3301.44,598.45,28.82,4.74,38.39,2.43
West Virginia,54,2019,"Associate degree (AA, AS)",5,South,1816,3254.44,613.53,28.8,5.02,38.29,2.58
West Virginia,54,2020,"Associate degree (AA, AS)",5,South,1755,3262.23,608.12,28.86,4.74,38.32,2.48
West Virginia,54,2021,"Associate degree (AA, AS)",5,South,1776,3252.96,597.79,28.82,4.89,38.19,2.6
West Virginia,54,2022,"Associate degree (AA, AS)",5,South,1786,3250.08,620.7,28.82,4.87,38.25,2.63
West Virginia,54,2023,"Associate degree (AA, AS)",5,South,1651,3248.52,597.38,28.94,4.83,38.19,2.45
West Virginia,54,2024,"Associate degree (AA, AS)",5,South,1783,3232.7,590.3,29.17,4.76,38.28,2.4
West Virginia,54,2016,"Bachelor's degree (BA, AB, BS)",6,South,2713,3348.03,579.16,30.15,4.35,38.68,2.25
West Virginia,54,2017,"Bachelor's degree (BA, AB, BS)",6,South,2592,3359.57,588.24,30.08,4.36,38.63,2.38
West Virginia,54,2018,"Bachelor's degree (BA, AB, BS)",6,South,2525,3353.57,568.57,30.31,4.46,38.73,2.3
West Virginia,54,2019,"Bachelor's degree (BA, AB, BS)",6,South,2619,3334.94,582.32,30.14,4.55,38.59,2.23
West Virginia,54,2020,"Bachelor's degree (BA, AB, BS)",6,South,2501,3342.8,571.7,30.09,4.42,38.59,2.28
West Virginia,54,2021,"Bachelor's degree (BA, AB, BS)",6,South,2588,3330.39,581.7,30.14,4.54,38.47,2.31
West Virginia,54,2022,"Bachelor's degree (BA, AB, BS)",6,South,2633,3330.7,587.69,30.13,4.5,38.46,2.34
West Virginia,54,2023,"Bachelor's degree (BA, AB, BS)",6,South,2666,3312.55,592.07,30.01,4.47,38.41,2.39
West Virginia,54,2024,"Bachelor's degree (BA, AB, BS)",6,South,2724,3310.93,602.39,30.15,4.5,38.47,2.34
West Virginia,54,2016,"Master's degree (MA, MS, MEng, MEd, MSW, MBA)",7,South,1156,3338.52,577.29,31.6,3.7,38.64,2.26
West Virginia,54,2017,"Master's degree (MA, MS, MEng, MEd, MSW, MBA)",7,South,1246,3404.58,565.77,31.81,4.02,38.7,2.13
West Virginia,54,2018,"Master's degree (MA, MS, MEng, MEd, MSW, MBA)",7,South,1167,3348.83,560.73,31.96,3.89,38.65,2.24
West Virginia,54,2019,"Master's degree (MA, MS, MEng, MEd, MSW, MBA)",7,South,1117,3334.73,575.05,31.89,3.93,38.47,2.36
West Virginia,54,2020,"Master's degree (MA, MS, MEng, MEd, MSW, MBA)",7,South,1165,3343.99,545.51,31.88,4.0,38.62,2.21
West Virginia,54,2021,"Master's degree (MA, MS, MEng, MEd, MSW, MBA)",7,South,1238,3313.57,588.28,31.89,4.02,38.47,2.14
West Virginia,54,2022,"Master's degree (MA, MS, MEng, MEd, MSW, MBA)",7,South,1214,3344.84,545.01,31.64,4.05,38.59,2.03
West Virginia,54,2023,"Master's degree (MA, MS, MEng, MEd, MSW, MBA)",7,South,1168,3339.77,558.29,31.71,4.21,38.44,2.16
West Virginia,54,2024,"Master's degree (MA, MS, MEng, MEd, MSW, MBA)",7,South,1293,3326.52,567.43,31.71,4.15,38.46,2.15
West Virginia,54,2016,"Doctorate (PhD, EdD) or Professional Degree (MD, DDS, DVM, LLB, JD)",8,South,388,3313.47,611.22,32.56,3.79,38.46,2.74
West Virginia,54,2017,"Doctorate (PhD, EdD) or Professional Degree (MD, DDS, DVM, LLB, JD)",8,South,407,3283.14,587.63,32.93,3.93,38.6,2.33
West Virginia,54,2018,"Doctorate (PhD, EdD) or Professional Degree (MD, DDS, DVM, LLB, JD)",8,South,386,3346.42,570.42,33.15,3.94,38.69,2.19
West Virginia,54,2019,"Doctorate (PhD, EdD) or Professional Degree (MD, DDS, DVM, LLB, JD)",8,South,374,3292.21,561.62,33.05,3.59,38.53,2.35
West Virginia,54,2020,"Doctorate (PhD, EdD) or Professional Degree (MD, DDS, DVM, LLB, JD)",8,South,401,3315.83,587.58,33.11,4.02,38.43,2.17
West Virginia,54,2021,"Doctorate (PhD, EdD) or Professional Degree (MD, DDS, DVM, LLB, JD)",8,South,402,3326.25,552.21,32.87,3.91,38.52,2.0
West Virginia,54,2022,"Doctorate (PhD, EdD) or Professional Degree (MD, DDS, DVM, LLB, JD)",8,South,413,3277.88,535.29,33.03,3.87,38.47,2.18
West Virginia,54,2023,"Doctorate (PhD, EdD) or Professional Degree (MD, DDS, DVM, LLB, JD)",8,South,385,3310.22,556.23,32.99,3.86,38.59,1.97
West Virginia,54,2024,"Doctorate (PhD, EdD) or Professional Degree (MD, DDS, DVM, LLB, JD)",8,South,398,3262.02,579.52,33.06,3.82,38.28,2.46
Alaska,02,2016,8th grade or less,1,West,76,3318.97,527.48,28.25,6.28,38.62,2.5
Alaska,02,2017,8th grade or less,1,West,88,3193.44,709.08,28.1,6.61,38.32,3.27
Alaska,02,2018,8th grade or less,1,West,63,3298.48,632.11,28.41,6.72,38.4,2.65
Alaska,02,2019,8th grade or less,1,West,68,3245.47,621.56,29.78,6.73,38.52,2.7
Alaska,02,2020,8th grade or less,1,West,53,3372.53,754.34,29.09,6.68,38.21,3.11
Alaska,02,2021,8th grade or less,1,West,60,3162.83,711.03,29.32,7.56,38.4,2.52
Alaska,02,2022,8th grade or less,1,West,47,3387.02,589.04,28.57,7.58,37.98,2.44
Alaska,02,2023,8th grade or less,1,West,39,3166.15,568.4,28.97,7.75,37.73,3.01
Alaska,02,2024,8th grade or less,1,West,39,3446.46,620.95,28.54,7.48,38.33,2.32
Alaska,02,2016,9th through 12th grade with no diploma,2,West,1050,3319.68,613.77,24.37,5.72,38.43,2.66
Alaska,02,2017,9th through 12th grade with no diploma,2,West,942,3307.99,644.15,24.31,5.69,38.32,2.96
Alaska,02,2018,9th through 12th grade with no diploma,2,West,880,3276.2,626.58,24.87,5.74,38.29,2.6
Alaska,02,2019,9th through 12th grade with no diploma,2,West,830,3241.44,652.9,25.13,5.79,38.05,2.85
Alaska,02,2020,9th through 12th grade with no diploma,2,West,735,3306.29,624.59,25.86,6.06,38.23,2.87
Alaska,02,2021,9th through 12th grade with no diploma,2,West,712,3320.68,556.55,24.88,6.29,38.26,2.58
Alaska,02,2022,9th through 12th grade with no diploma,2,West,714,3242.98,648.32,25.56,6.22,38.16,3.11
Alaska,02,2023,9th through 12th grade with no diploma,2,West,651,3290.33,610.1,25.42,6.37,38.22,2.94
Alaska,02,2024,9th through 12th grade with no diploma,2,West,644,3233.76,620.88,25.88,6.5,38.09,2.89
Alaska,02,2016,High school graduate or GED completed,3,West,3346,3381.28,601.43,26.16,5.28,38.69,2.51
Alaska,02,2017,High school graduate or GED completed,3,West,3097,3385.47,586.03,26.57,5.36,38.67,2.47
Alaska,02,2018,High school graduate or GED completed,3,West,3021,3395.39,597.23,26.49,5.25,38.54,2.54
Alaska,02,2019,High school graduate or GED completed,3,West,3001,3368.71,596.61,26.76,5.46,38.54,2.4
Alaska,02,2020,High school graduate or GED completed,3,West,2994,3370.28,591.61,26.7,5.46,38.62,2.58
Alaska,02,2021,High school graduate or GED completed,3,West,2848,3356.57,617.98,26.84,5.39,38.5,2.51
Alaska,02,2022,High school graduate or GED completed,3,West,3027,3342.48,600.12,26.98,5.57,38.54,2.62
Alaska,02,2023,High school graduate or GED completed,3,West,2971,3349.38,621.61,27.18,5.57,38.5,2.63
Alaska,02,2024,High school graduate or GED completed,3,West,2925,3337.28,596.01,27.15,5.51,38.46,2.56
Alaska,02,2016,"Some college credit, but not a degree",4,West,2911,3427.95,578.05,27.87,5.07,38.96,2.34
Alaska,02,2017,"Some college credit, but not a degree",4,West,2723,3410.62,569.29,27.96,5.14,38.97,2.23
Alaska,02,2018,"Some college credit, but not a degree",4,West,2556,3410.31,577.09,28.21,5.2,38.86,2.39
Alaska,02,2019,"Some college credit, but not a degree",4,West,2446,3409.15,582.49,28.23,5.23,38.86,2.35
Alaska,02,2020,"Some college credit, but not a degree",4,West,2300,3384.68,589.16,28.41,5.28,38.78,2.39
Alaska,02,2021,"Some college credit, but not a degree",4,West,2257,3388.73,631.46,28.44,5.3,38.64,2.49
Alaska,02,2022,"Some college credit, but not a degree",4,West,2160,3349.32,606.72,28.61,5.32,38.71,2.45
Alaska,02,2023,"Some college credit, but not a degree",4,West,2049,3371.75,600.25,29.0,5.33,38.79,2.58
Alaska,02,2024,"Some college credit, but not a degree",4,West,2015,3374.67,591.83,28.96,5.21,38.71,2.35
Alaska,02,2016,"Associate degree (AA, AS)",5,West,906,3428.49,574.16,29.52,4.64,38.9,2.33
Alaska,02,2017,"Associate degree (AA, AS)",5,West,844,3410.64,615.56,29.91,4.58,38.76,2.36
Alaska,02,2018,"Associate degree (AA, AS)",5,West,838,3426.7,596.47,30.04,4.6,38.82,2.37
Alaska,02,2019,"Associate degree (AA, AS)",5,West,776,3424.71,569.92,30.14,5.03,38.83,2.25
Alaska,02,2020,"Associate degree (AA, AS)",5,West,813,3409.92,629.72,30.28,4.84,38.73,2.5
Alaska,02,2021,"Associate degree (AA, AS)",5,West,752,3387.5,603.39,30.38,4.96,38.69,2.4
Alaska,02,2022,"Associate degree (AA, AS)",5,West,694,3414.32,550.41,30.55,4.62,38.94,2.05
Alaska,02,2023,"Associate degree (AA, AS)",5,West,706,3396.32,558.74,30.44,4.8,38.81,2.46
Alaska,02,2024,"Associate degree (AA, AS)",5,West,731,3381.61,561.92,30.81,4.95,38.74,2.24
Alaska,02,2016,"Bachelor's degree (BA, AB, BS)",6,West,1848,3415.21,569.79,30.97,4.19,39.0,2.25
Alaska,02,2017,"Bachelor's degree (BA, AB, BS)",6,West,1722,3434.52,588.29,31.32,4.45,38.97,2.26
Alaska,02,2018,"Bachelor's degree (BA, AB, BS)",6,West,1737,3437.41,556.59,31.35,4.32,39.02,2.12
Alaska,02,2019,"Bachelor's degree (BA, AB, BS)",6,West,1675,3430.83,579.43,31.6,4.48,38.98,2.12
Alaska,02,2020,"Bachelor's degree (BA, AB, BS)",6,West,1579,3412.28,586.29,31.37,4.39,38.89,2.34
Alaska,02,2021,"Bachelor's degree (BA, AB, BS)",6,West,1697,3402.63,597.7,31.56,4.41,38.88,2.25
Alaska,02,2022,"Bachelor's degree (BA, AB, BS)",6,West,1691,3406.88,589.37,31.45,4.49,38.87,2.36
Alaska,02,2023,"Bachelor's degree (BA, AB, BS)",6,West,1634,3400.94,577.2,31.64,4.49,38.89,2.17
Alaska,02,2024,"Bachelor's degree (BA, AB, BS)",6,West,1618,3411.64,566.25,31.75,4.63,38.94,2.08
Alaska,02,2016,"Master's degree (MA, MS, MEng, MEd, MSW, MBA)",7,West,719,3416.84,584.91,32.97,4.01,38.93,2.34
Alaska,02,2017,"Master's degree (MA, MS, MEng, MEd, MSW, MBA)",7,West,688,3448.89,563.04,33.39,3.92,39.08,1.99
Alaska,02,2018,"Master's degree (MA, MS, MEng, MEd, MSW, MBA)",7,West,643,3452.57,572.26,33.33,4.0,38.92,2.43
Alaska,02,2019,"Master's degree (MA, MS, MEng, MEd, MSW, MBA)",7,West,636,3415.74,567.92,33.26,4.02,38.79,2.12
Alaska,02,2020,"Master's degree (MA, MS, MEng, MEd, MSW, MBA)",7,West,612,3391.23,543.82,33.28,4.06,38.82,2.14
Alaska,02,2021,"Master's degree (MA, MS, MEng, MEd, MSW, MBA)",7,West,654,3412.23,589.77,33.69,4.14,38.86,2.28
Alaska,02,2022,"Master's degree (MA, MS, MEng, MEd, MSW, MBA)",7,West,645,3409.88,547.61,33.57,4.05,38.89,1.93
Alaska,02,2023,"Master's degree (MA, MS, MEng, MEd, MSW, MBA)",7,West,626,3385.69,555.21,33.63,4.2,38.84,2.06
Alaska,02,2024,"Master's degree (MA, MS, MEng, MEd, MSW, MBA)",7,West,590,3432.17,541.37,33.91,4.26,38.81,2.1
Alaska,02,2016,"Doctorate (PhD, EdD) or Professional Degree (MD, DDS, DVM, LLB, JD)",8,West,187,3412.35,538.79,33.97,3.78,38.9,2.23
Alaska,02,2017,"Doctorate (PhD, EdD) or Professional Degree (MD, DDS, DVM, LLB, JD)",8,West,185,3330.68,536.44,34.19,3.42,38.76,2.22
Alaska,02,2018,"Doctorate (PhD, EdD) or Professional Degree (MD, DDS, DVM, LLB, JD)",8,West,209,3409.45,517.84,34.16,3.59,38.98,1.87
Alaska,02,2019,"Doctorate (PhD, EdD) or Professional Degree (MD, DDS, DVM, LLB, JD)",8,West,221,3382.04,493.21,34.5,3.59,38.98,1.83
Alaska,02,2020,"Doctorate (PhD, EdD) or Professional Degree (MD, DDS, DVM, LLB, JD)",8,West,230,3393.9,576.44,34.39,3.98,38.72,2.39
Alaska,02,2021,"Doctorate (PhD, EdD) or Professional Degree (MD, DDS, DVM, LLB, JD)",8,West,219,3358.14,517.39,34.21,3.67,38.83,2.1
Alaska,02,2022,"Doctorate (PhD, EdD) or Professional Degree (MD, DDS, DVM, LLB, JD)",8,West,228,3400.13,555.16,34.75,4.15,38.73,2.31
Alaska,02,2023,"Doctorate (PhD, EdD) or Professional Degree (MD, DDS, DVM, LLB, JD)",8,West,187,3425.53,472.37,33.96,3.86,38.99,2.05
Alaska,02,2024,"Doctorate (PhD, EdD) or Professional Degree (MD, DDS, DVM, LLB, JD)",8,West,220,3347.11,580.03,34.61,3.75,38.9,2.09
Arizona,04,2016,8th grade or less,1,West,2751,3262.06,585.65,29.61,6.99,38.47,2.86
Arizona,04,2017,8th grade or less,1,West,2517,3275.55,574.63,29.66,7.0,38.44,2.76
Arizona,04,2018,8th grade or less,1,West,2394,3256.29,564.72,29.49,7.27,38.38,2.55
Arizona,04,2019,8th grade or less,1,West,2247,3260.99,575.48,29.72,7.07,38.38,2.71
Arizona,04,2020,8th grade or less,1,West,1958,3228.73,575.04,29.55,7.08,38.32,2.7
Arizona,04,2021,8th grade or less,1,West,1838,3230.78,594.04,29.38,7.24,38.14,2.85
Arizona,04,2022,8th grade or less,1,West,1842,3221.1,582.79,29.01,7.16,38.21,2.85
Arizona,04,2023,8th grade or less,1,West,1923,3198.26,600.94,28.89,7.34,38.19,2.81
Arizona,04,2024,8th grade or less,1,West,2141,3221.96,560.97,28.35,6.97,38.42,2.65
Arizona,04,2016,9th through 12th grade with no diploma,2,West,12352,3228.35,569.71,24.81,6.25,38.51,2.64
Arizona,04,2017,9th through 12th grade with no diploma,2,West,11557,3232.3,571.44,24.9,6.28,38.41,2.66
Arizona,04,2018,9th through 12th grade with no diploma,2,West,11102,3221.95,575.53,24.99,6.3,38.35,2.61
Arizona,04,2019,9th through 12th grade with no diploma,2,West,10350,3229.03,571.44,25.09,6.26,38.39,2.63
Arizona,04,2020,9th through 12th grade with no diploma,2,West,9553,3219.99,581.43,25.21,6.3,38.37,2.69
Arizona,04,2021,9th through 12th grade with no diploma,2,West,9065,3195.68,584.39,25.28,6.34,38.29,2.71
Arizona,04,2022,9th through 12th grade with no diploma,2,West,8813,3176.91,591.75,25.28,6.34,38.38,2.81
Arizona,04,2023,9th through 12th grade with no diploma,2,West,8570,3187.72,580.64,25.49,6.5,38.38,2.69
Arizona,04,2024,9th through 12th grade with no diploma,2,West,8442,3199.0,560.96,25.44,6.41,38.47,2.61
Arizona,04,2016,High school graduate or GED completed,3,West,21291,3261.98,566.53,26.21,5.41,38.6,2.54
Arizona,04,2017,High school graduate or GED completed,3,West,21492,3259.5,572.86,26.32,5.43,38.52,2.52
Arizona,04,2018,High school graduate or GED completed,3,West,21303,3259.02,577.22,26.5,5.46,38.52,2.52
Arizona,04,2019,High school graduate or GED completed,3,West,21293,3255.88,564.42,26.58,5.42,38.55,2.44
Arizona,04,2020,High school graduate or GED completed,3,West,20860,3265.22,569.35,26.7,5.44,38.54,2.47
Arizona,04,2021,High school graduate or GED completed,3,West,21459,3245.84,582.6,26.9,5.43,38.47,2.56
Arizona,04,2022,High school graduate or GED completed,3,West,22156,3238.92,567.64,26.98,5.46,38.54,2.49
Arizona,04,2023,High school graduate or GED completed,3,West,22313,3241.64,579.58,27.09,5.45,38.55,2.5
Arizona,04,2024,High school graduate or GED completed,3,West,23076,3233.57,568.53,27.24,5.5,38.57,2.48
Arizona,04,2016,"Some college credit, but not a degree",4,West,20085,3298.79,577.26,27.65,5.22,38.65,2.46
Arizona,04,2017,"Some college credit, but not a degree",4,West,19218,3284.49,578.79,27.89,5.17,38.57,2.51
Arizona,04,2018,"Some college credit, but not a degree",4,West,18661,3285.38,583.11,28.09,5.21,38.57,2.43
Arizona,04,2019,"Some college credit, but not a degree",4,West,18249,3287.67,577.14,28.23,5.2,38.57,2.38
Arizona,04,2020,"Some college credit, but not a degree",4,West,17562,3285.66,569.89,28.39,5.19,38.58,2.42
Arizona,04,2021,"Some college credit, but not a degree",4,West,17105,3271.08,582.99,28.55,5.19,38.52,2.46
Arizona,04,2022,"Some college credit, but not a degree",4,West,16619,3278.89,572.76,28.81,5.14,38.63,2.38
Arizona,04,2023,"Some college credit, but not a degree",4,West,15923,3268.28,576.35,29.02,5.21,38.61,2.38
Arizona,04,2024,"Some college credit, but not a degree",4,West,15138,3278.25,565.39,29.18,5.21,38.66,2.4
Arizona,04,2016,"Associate degree (AA, AS)",5,West,7173,3301.75,576.28,29.45,4.91,38.64,2.43
Arizona,04,2017,"Associate degree (AA, AS)",5,West,6756,3304.25,577.56,29.77,4.93,38.58,2.4
Arizona,04,2018,"Associate degree (AA, AS)",5,West,6887,3296.47,585.76,29.78,5.03,38.58,2.37
Arizona,04,2019,"Associate degree (AA, AS)",5,West,6803,3310.61,567.72,29.85,5.04,38.61,2.33
Arizona,04,2020,"Associate degree (AA, AS)",5,West,6703,3299.94,564.93,29.91,4.98,38.56,2.33
Arizona,04,2021,"Associate degree (AA, AS)",5,West,6807,3285.67,580.68,29.99,4.95,38.53,2.41
Arizona,04,2022,"Associate degree (AA, AS)",5,West,6766,3280.35,572.36,30.07,4.97,38.55,2.43
Arizona,04,2023,"Associate degree (AA, AS)",5,West,6729,3268.03,578.72,30.22,5.03,38.55,2.4
Arizona,04,2024,"Associate degree (AA, AS)",5,West,6483,3281.04,571.13,30.2,5.03,38.65,2.34
Arizona,04,2016,"Bachelor's degree (BA, AB, BS)",6,West,13799,3334.15,557.47,31.09,4.42,38.8,2.17
Arizona,04,2017,"Bachelor's degree (BA, AB, BS)",6,West,13019,3335.23,565.07,31.17,4.53,38.71,2.24
Arizona,04,2018,"Bachelor's degree (BA, AB, BS)",6,West,13326,3327.16,561.45,31.25,4.49,38.71,2.18
Arizona,04,2019,"Bachelor's degree (BA, AB, BS)",6,West,13466,3325.82,546.74,31.21,4.48,38.74,2.13
Arizona,04,2020,"Bachelor's degree (BA, AB, BS)",6,West,13262,3329.39,559.79,31.27,4.5,38.76,2.15
Arizona,04,2021,"Bachelor's degree (BA, AB, BS)",6,West,14283,3332.04,553.34,31.23,4.43,38.69,2.2
Arizona,04,2022,"Bachelor's degree (BA, AB, BS)",6,West,14682,3302.57,566.21,31.3,4.49,38.71,2.24
Arizona,04,2023,"Bachelor's degree (BA, AB, BS)",6,West,14869,3307.45,566.25,31.27,4.47,38.7,2.26
Arizona,04,2024,"Bachelor's degree (BA, AB, BS)",6,West,15355,3304.63,555.2,31.3,4.5,38.74,2.25
Arizona,04,2016,"Master's degree (MA, MS, MEng, MEd, MSW, MBA)",7,West,4984,3310.64,573.49,32.73,4.01,38.71,2.24
Arizona,04,2017,"Master's degree (MA, MS, MEng, MEd, MSW, MBA)",7,West,5141,3297.64,563.92,32.79,4.12,38.65,2.3
Arizona,04,2018,"Master's degree (MA, MS, MEng, MEd, MSW, MBA)",7,West,5111,3305.84,568.03,32.85,4.09,38.66,2.22
Arizona,04,2019,"Master's degree (MA, MS, MEng, MEd, MSW, MBA)",7,West,5073,3311.18,548.53,32.9,4.1,38.68,2.1
Arizona,04,2020,"Master's degree (MA, MS, MEng, MEd, MSW, MBA)",7,West,5026,3296.78,557.8,32.89,4.11,38.68,2.13
Arizona,04,2021,"Master's degree (MA, MS, MEng, MEd, MSW, MBA)",7,West,5313,3287.68,559.95,32.81,4.1,38.61,2.14
Arizona,04,2022,"Master's degree (MA, MS, MEng, MEd, MSW, MBA)",7,West,5534,3293.19,553.19,32.89,4.1,38.69,2.19
Arizona,04,2023,"Master's degree (MA, MS, MEng, MEd, MSW, MBA)",7,West,5428,3277.98,575.87,32.96,4.16,38.65,2.27
Arizona,04,2024,"Master's degree (MA, MS, MEng, MEd, MSW, MBA)",7,West,5652,3310.26,548.25,32.95,4.18,38.77,2.11
Arizona,04,2016,"Doctorate (PhD, EdD) or Professional Degree (MD, DDS, DVM, LLB, JD)",8,West,1534,3281.88,550.72,33.58,3.98,38.74,2.08
Arizona,04,2017,"Doctorate (PhD, EdD) or Professional Degree (MD, DDS, DVM, LLB, JD)",8,West,1594,3300.67,551.27,33.61,4.13,38.75,2.03
Arizona,04,2018,"Doctorate (PhD, EdD) or Professional Degree (MD, DDS, DVM, LLB, JD)",8,West,1575,3251.4,593.67,33.89,4.02,38.52,2.37
Arizona,04,2019,"Doctorate (PhD, EdD) or Professional Degree (MD, DDS, DVM, LLB, JD)",8,West,1556,3264.59,575.53,34.01,4.07,38.63,2.15
Arizona,04,2020,"Doctorate (PhD, EdD) or Professional Degree (MD, DDS, DVM, LLB, JD)",8,West,1641,3260.55,567.9,33.93,3.85,38.61,2.38
Arizona,04,2021,"Doctorate (PhD, EdD) or Professional Degree (MD, DDS, DVM, LLB, JD)",8,West,1700,3287.72,526.94,34.17,3.89,38.68,1.94
Arizona,04,2022,"Doctorate (PhD, EdD) or Professional Degree (MD, DDS, DVM, LLB, JD)",8,West,1746,3233.39,569.47,33.94,3.93,38.54,2.27
Arizona,04,2023,"Doctorate (PhD, EdD) or Professional Degree (MD, DDS, DVM, LLB, JD)",8,West,1805,3258.33,534.07,34.07,3.98,38.62,2.02
Arizona,04,2024,"Doctorate (PhD, EdD) or Professional Degree (MD, DDS, DVM, LLB, JD)",8,West,1881,3225.12,581.27,34.19,3.99,38.54,2.33
California,06,2016,8th grade or less,1,West,20226,3300.28,564.01,31.35,6.4,38.57,2.11
California,06,2017,8th grade or less,1,West,18261,3289.27,562.04,31.35,6.46,38.54,2.15
California,06,2018,8th grade or less,1,West,16717,3291.1,557.43,31.32,6.57,38.54,2.11
California,06,2019,8th grade or less,1,West,14910,3273.89,564.69,31.19,6.7,38.29,2.35
California,06,2020,8th grade or less,1,West,13407,3274.31,560.46,31.22,6.71,38.32,2.27
California,06,2021,8th grade or less,1,West,12510,3259.06,571.17,31.04,6.84,38.28,2.36
California,06,2022,8th grade or less,1,West,13076,3249.85,556.45,30.78,6.95,38.31,2.29
California,06,2023,8th grade or less,1,West,12419,3237.7,557.73,30.24,7.03,38.38,2.34
California,06,2024,8th grade or less,1,West,11834,3238.08,563.18,29.95,6.99,38.38,2.4
California,06,2016,9th through 12th grade with no diploma,2,West,48019,3262.62,570.3,26.63,6.77,38.58,2.2
California,06,2017,9th through 12th grade with no diploma,2,West,43176,3261.8,569.97,26.93,6.85,38.55,2.22
California,06,2018,9th through 12th grade with no diploma,2,West,38844,3257.16,578.9,27.17,6.86,38.52,2.24
California,06,2019,9th through 12th grade with no diploma,2,West,35283,3254.72,576.79,27.4,6.88,38.4,2.33
California,06,2020,9th through 12th grade with no diploma,2,West,31227,3245.38,581.98,27.53,6.96,38.38,2.38
California,06,2021,9th through 12th grade with no diploma,2,West,27491,3243.93,579.3,27.67,6.99,38.36,2.37
California,06,2022,9th through 12th grade with no diploma,2,West,26384,3233.22,578.49,27.88,7.03,38.36,2.39
California,06,2023,9th through 12th grade with no diploma,2,West,24223,3231.22,565.37,27.84,7.06,38.39,2.35
California,06,2024,9th through 12th grade with no diploma,2,West,23278,3222.04,572.87,27.81,7.05,38.37,2.41
California,06,2016,High school graduate or GED completed,3,West,117402,3286.61,565.82,27.07,5.78,38.7,2.14
California,06,2017,High school graduate or GED completed,3,West,112979,3280.62,569.82,27.22,5.78,38.67,2.16
California,06,2018,High school graduate or GED completed,3,West,108536,3281.03,572.51,27.38,5.76,38.63,2.16
California,06,2019,High school graduate or GED completed,3,West,105388,3275.06,572.11,27.53,5.78,38.58,2.26
California,06,2020,High school graduate or GED completed,3,West,99814,3280.55,572.06,27.65,5.74,38.59,2.25
California,06,2021,High school graduate or GED completed,3,West,99304,3272.27,575.19,27.75,5.74,38.54,2.29
California,06,2022,High school graduate or GED completed,3,West,97889,3261.19,571.97,27.86,5.81,38.55,2.3
California,06,2023,High school graduate or GED completed,3,West,92483,3250.48,579.56,27.96,5.83,38.51,2.35
California,06,2024,High school graduate or GED completed,3,West,93982,3252.65,572.89,28.01,5.84,38.54,2.34
California,06,2016,"Some college credit, but not a degree",4,West,96498,3295.36,577.98,28.43,5.45,38.71,2.17
California,06,2017,"Some college credit, but not a degree",4,West,93242,3296.24,573.59,28.55,5.43,38.7,2.13
California,06,2018,"Some college credit, but not a degree",4,West,88705,3292.01,575.5,28.8,5.43,38.66,2.17
California,06,2019,"Some college credit, but not a degree",4,West,85435,3290.48,576.84,28.96,5.44,38.6,2.25
California,06,2020,"Some college credit, but not a degree",4,West,78868,3290.91,573.21,29.09,5.42,38.62,2.25
California,06,2021,"Some college credit, but not a degree",4,West,76913,3287.58,578.53,29.29,5.36,38.58,2.28
California,06,2022,"Some college credit, but not a degree",4,West,73752,3274.89,575.63,29.53,5.38,38.59,2.28
California,06,2023,"Some college credit, but not a degree",4,West,66527,3272.07,577.64,29.74,5.43,38.58,2.29
California,06,2024,"Some college credit, but not a degree",4,West,64731,3267.25,573.65,29.93,5.45,38.57,2.29
California,06,2016,"Associate degree (AA, AS)",5,West,31795,3308.58,571.33,30.44,4.96,38.74,2.11
California,06,2017,"Associate degree (AA, AS)",5,West,30847,3302.44,569.81,30.56,4.98,38.72,2.14
California,06,2018,"Associate degree (AA, AS)",5,West,29872,3299.75,576.96,30.69,4.98,38.69,2.12
California,06,2019,"Associate degree (AA, AS)",5,West,29852,3301.1,562.91,30.77,4.97,38.65,2.13
California,06,2020,"Associate degree (AA, AS)",5,West,28365,3309.02,566.74,30.83,4.95,38.66,2.14
California,06,2021,"Associate degree (AA, AS)",5,West,28866,3299.78,580.25,30.87,5.0,38.62,2.24
California,06,2022,"Associate degree (AA, AS)",5,West,28473,3279.46,573.21,30.96,5.0,38.6,2.22
California,06,2023,"Associate degree (AA, AS)",5,West,27085,3285.04,576.82,31.08,5.0,38.61,2.23
California,06,2024,"Associate degree (AA, AS)",5,West,26656,3275.6,574.22,31.23,5.02,38.59,2.26
California,06,2016,"Bachelor's degree (BA, AB, BS)",6,West,94066,3310.55,552.35,32.25,4.44,38.84,1.97
California,06,2017,"Bachelor's degree (BA, AB, BS)",6,West,94168,3307.93,549.29,32.36,4.45,38.83,1.96
California,06,2018,"Bachelor's degree (BA, AB, BS)",6,West,92001,3309.68,546.45,32.48,4.44,38.81,1.93
California,06,2019,"Bachelor's degree (BA, AB, BS)",6,West,91537,3300.2,549.96,32.54,4.47,38.75,2.02
California,06,2020,"Bachelor's degree (BA, AB, BS)",6,West,86356,3307.4,543.38,32.6,4.45,38.8,1.99
California,06,2021,"Bachelor's degree (BA, AB, BS)",6,West,88077,3300.2,549.4,32.66,4.46,38.74,2.02
California,06,2022,"Bachelor's degree (BA, AB, BS)",6,West,88218,3291.28,546.34,32.78,4.5,38.74,2.01
California,06,2023,"Bachelor's degree (BA, AB, BS)",6,West,85816,3288.12,547.69,32.8,4.53,38.74,2.05
California,06,2024,"Bachelor's degree (BA, AB, BS)",6,West,88491,3284.52,543.29,32.84,4.52,38.74,2.03
California,06,2016,"Master's degree (MA, MS, MEng, MEd, MSW, MBA)",7,West,41680,3298.9,542.31,33.4,4.0,38.86,1.93
California,06,2017,"Master's degree (MA, MS, MEng, MEd, MSW, MBA)",7,West,41456,3297.45,547.36,33.54,4.01,38.84,1.95
California,06,2018,"Master's degree (MA, MS, MEng, MEd, MSW, MBA)",7,West,41821,3296.59,544.11,33.66,4.02,38.82,1.89
California,06,2019,"Master's degree (MA, MS, MEng, MEd, MSW, MBA)",7,West,42057,3285.72,544.94,33.67,4.01,38.75,1.99
California,06,2020,"Master's degree (MA, MS, MEng, MEd, MSW, MBA)",7,West,40136,3291.28,535.43,33.81,3.99,38.8,1.94
California,06,2021,"Master's degree (MA, MS, MEng, MEd, MSW, MBA)",7,West,41662,3282.4,546.91,33.87,3.99,38.72,2.01
California,06,2022,"Master's degree (MA, MS, MEng, MEd, MSW, MBA)",7,West,42829,3272.8,547.47,34.0,4.02,38.71,2.0
California,06,2023,"Master's degree (MA, MS, MEng, MEd, MSW, MBA)",7,West,41852,3270.47,542.63,34.01,4.04,38.71,1.99
California,06,2024,"Master's degree (MA, MS, MEng, MEd, MSW, MBA)",7,West,43585,3263.3,537.07,34.09,4.02,38.72,2.01
California,06,2016,"Doctorate (PhD, EdD) or Professional Degree (MD, DDS, DVM, LLB, JD)",8,West,13783,3275.44,546.9,34.63,3.83,38.8,1.97
California,06,2017,"Doctorate (PhD, EdD) or Professional Degree (MD, DDS, DVM, LLB, JD)",8,West,13703,3274.06,545.57,34.74,3.81,38.76,1.94
California,06,2018,"Doctorate (PhD, EdD) or Professional Degree (MD, DDS, DVM, LLB, JD)",8,West,13912,3281.36,541.61,34.8,3.75,38.79,1.89
California,06,2019,"Doctorate (PhD, EdD) or Professional Degree (MD, DDS, DVM, LLB, JD)",8,West,14070,3267.72,542.36,34.85,3.81,38.72,1.97
California,06,2020,"Doctorate (PhD, EdD) or Professional Degree (MD, DDS, DVM, LLB, JD)",8,West,13535,3263.2,527.38,34.91,3.78,38.76,1.94
California,06,2021,"Doctorate (PhD, EdD) or Professional Degree (MD, DDS, DVM, LLB, JD)",8,West,14585,3264.74,531.89,35.03,3.82,38.68,1.93
California,06,2022,"Doctorate (PhD, EdD) or Professional Degree (MD, DDS, DVM, LLB, JD)",8,West,14503,3254.22,526.89,35.18,3.83,38.69,1.91
California,06,2023,"Doctorate (PhD, EdD) or Professional Degree (MD, DDS, DVM, LLB, JD)",8,West,14320,3243.89,534.17,35.21,3.89,38.64,1.98
California,06,2024,"Doctorate (PhD, EdD) or Professional Degree (MD, DDS, DVM, LLB, JD)",8,West,14562,3246.73,527.49,35.21,3.86,38.65,1.97
Colorado,08,2016,8th grade or less,1,West,1646,3211.53,578.74,30.56,6.4,38.56,2.63
Colorado,08,2017,8th grade or less,1,West,1647,3193.66,592.16,30.52,6.56,38.45,2.73
Colorado,08,2018,8th grade or less,1,West,1465,3199.37,559.24,30.54,6.7,38.4,2.59
Colorado,08,2019,8th grade or less,1,West,1504,3168.6,567.73,30.37,6.71,38.51,2.56
Colorado,08,2020,8th grade or less,1,West,1503,3160.81,563.28,30.36,6.76,38.5,2.56
Colorado,08,2021,8th grade or less,1,West,1377,3166.03,586.0,29.99,7.06,38.35,2.85
Colorado,08,2022,8th grade or less,1,West,1584,3163.65,536.73,29.65,6.73,38.39,2.68
Colorado,08,2023,8th grade or less,1,West,1655,3151.23,568.81,29.33,6.93,38.28,2.78
Colorado,08,2024,8th grade or less,1,West,1708,3125.34,551.8,28.84,6.75,38.31,2.82
Colorado,08,2016,9th through 12th grade with no diploma,2,West,6082,3134.33,564.58,25.04,6.52,38.6,2.63
Colorado,08,2017,9th through 12th grade with no diploma,2,West,5716,3132.2,564.58,25.29,6.46,38.52,2.62
Colorado,08,2018,9th through 12th grade with no diploma,2,West,5291,3123.37,558.7,25.35,6.46,38.51,2.68
Colorado,08,2019,9th through 12th grade with no diploma,2,West,5144,3113.49,553.85,25.47,6.6,38.48,2.61
Colorado,08,2020,9th through 12th grade with no diploma,2,West,4809,3108.85,555.18,25.5,6.55,38.49,2.61
Colorado,08,2021,9th through 12th grade with no diploma,2,West,4567,3098.8,550.43,25.49,6.53,38.37,2.79
Colorado,08,2022,9th through 12th grade with no diploma,2,West,4437,3092.53,554.63,25.74,6.59,38.43,2.62
Colorado,08,2023,9th through 12th grade with no diploma,2,West,4545,3067.12,560.52,25.56,6.63,38.37,2.81
Colorado,08,2024,9th through 12th grade with no diploma,2,West,4692,3075.29,555.17,25.72,6.62,38.43,2.71
Colorado,08,2016,High school graduate or GED completed,3,West,13208,3158.23,557.04,26.34,5.54,38.66,2.46
Colorado,08,2017,High school graduate or GED completed,3,West,12697,3163.23,561.16,26.29,5.55,38.65,2.46
Colorado,08,2018,High school graduate or GED completed,3,West,12506,3140.69,570.5,26.5,5.49,38.57,2.55
Colorado,08,2019,High school graduate or GED completed,3,West,12598,3147.84,555.71,26.41,5.39,38.59,2.48
Colorado,08,2020,High school graduate or GED completed,3,West,12544,3142.85,560.85,26.63,5.5,38.53,2.53
Colorado,08,2021,High school graduate or GED completed,3,West,12443,3142.41,554.96,26.7,5.44,38.47,2.5
Colorado,08,2022,High school graduate or GED completed,3,West,12661,3124.92,567.41,26.82,5.45,38.48,2.6
Colorado,08,2023,High school graduate or GED completed,3,West,13002,3124.16,557.6,26.99,5.5,38.53,2.55
Colorado,08,2024,High school graduate or GED completed,3,West,13691,3127.9,549.74,27.04,5.53,38.55,2.52
Colorado,08,2016,"Some college credit, but not a degree",4,West,14136,3189.35,568.58,27.85,5.19,38.68,2.4
Colorado,08,2017,"Some college credit, but not a degree",4,West,13381,3173.88,565.22,28.0,5.16,38.62,2.42
Colorado,08,2018,"Some college credit, but not a degree",4,West,13177,3178.44,555.39,28.12,5.17,38.61,2.36
Colorado,08,2019,"Some college credit, but not a degree",4,West,12669,3174.98,559.1,28.28,5.21,38.6,2.39
Colorado,08,2020,"Some college credit, but not a degree",4,West,12034,3173.13,545.97,28.46,5.23,38.57,2.35
Colorado,08,2021,"Some college credit, but not a degree",4,West,11943,3157.82,561.85,28.58,5.2,38.47,2.44
Colorado,08,2022,"Some college credit, but not a degree",4,West,11473,3144.79,555.25,28.67,5.2,38.48,2.44
Colorado,08,2023,"Some college credit, but not a degree",4,West,10780,3146.59,564.88,28.94,5.2,38.52,2.51
Colorado,08,2024,"Some college credit, but not a degree",4,West,10827,3159.37,554.93,28.97,5.22,38.54,2.44
Colorado,08,2016,"Associate degree (AA, AS)",5,West,5378,3200.08,576.35,29.79,4.98,38.62,2.39
Colorado,08,2017,"Associate degree (AA, AS)",5,West,5223,3188.29,560.09,29.89,4.86,38.59,2.31
Colorado,08,2018,"Associate degree (AA, AS)",5,West,4914,3188.65,574.48,30.12,4.93,38.55,2.42
Colorado,08,2019,"Associate degree (AA, AS)",5,West,4991,3177.9,565.73,30.15,4.99,38.47,2.42
Colorado,08,2020,"Associate degree (AA, AS)",5,West,4758,3177.86,546.25,30.15,5.02,38.6,2.32
Colorado,08,2021,"Associate degree (AA, AS)",5,West,4722,3167.72,566.66,30.03,4.96,38.42,2.4
Colorado,08,2022,"Associate degree (AA, AS)",5,West,4727,3149.34,553.11,30.22,4.92,38.49,2.34
Colorado,08,2023,"Associate degree (AA, AS)",5,West,4481,3167.12,550.98,30.52,4.97,38.54,2.31
Colorado,08,2024,"Associate degree (AA, AS)",5,West,4511,3171.2,554.02,30.54,4.92,38.5,2.36
Colorado,08,2016,"Bachelor's degree (BA, AB, BS)",6,West,16426,3248.0,539.02,31.64,4.28,38.84,2.09
Colorado,08,2017,"Bachelor's degree (BA, AB, BS)",6,West,15743,3236.18,542.32,31.76,4.23,38.79,2.16
Colorado,08,2018,"Bachelor's degree (BA, AB, BS)",6,West,15574,3229.54,546.07,31.85,4.22,38.73,2.17
Colorado,08,2019,"Bachelor's degree (BA, AB, BS)",6,West,15825,3219.03,534.52,32.02,4.26,38.72,2.12
Colorado,08,2020,"Bachelor's degree (BA, AB, BS)",6,West,15758,3222.4,533.88,32.01,4.23,38.73,2.15
Colorado,08,2021,"Bachelor's degree (BA, AB, BS)",6,West,16975,3217.69,529.36,32.24,4.22,38.67,2.09
Colorado,08,2022,"Bachelor's degree (BA, AB, BS)",6,West,16630,3213.38,538.49,32.14,4.27,38.69,2.16
Colorado,08,2023,"Bachelor's degree (BA, AB, BS)",6,West,16180,3207.59,536.14,32.23,4.33,38.7,2.24
Colorado,08,2024,"Bachelor's degree (BA, AB, BS)",6,West,17342,3219.19,527.21,32.34,4.3,38.72,2.17
Colorado,08,2016,"Master's degree (MA, MS, MEng, MEd, MSW, MBA)",7,West,6976,3231.14,532.07,33.25,3.78,38.83,2.03
Colorado,08,2017,"Master's degree (MA, MS, MEng, MEd, MSW, MBA)",7,West,7057,3228.61,541.41,33.34,3.82,38.79,2.13
Colorado,08,2018,"Master's degree (MA, MS, MEng, MEd, MSW, MBA)",7,West,7031,3227.29,539.52,33.39,3.81,38.74,2.14
Colorado,08,2019,"Master's degree (MA, MS, MEng, MEd, MSW, MBA)",7,West,7217,3220.04,542.77,33.49,3.8,38.67,2.15
Colorado,08,2020,"Master's degree (MA, MS, MEng, MEd, MSW, MBA)",7,West,7337,3211.53,536.39,33.48,3.86,38.68,2.14
Colorado,08,2021,"Master's degree (MA, MS, MEng, MEd, MSW, MBA)",7,West,7864,3219.78,520.29,33.64,3.89,38.71,1.97
Colorado,08,2022,"Master's degree (MA, MS, MEng, MEd, MSW, MBA)",7,West,8006,3202.2,536.72,33.68,3.87,38.61,2.15
Colorado,08,2023,"Master's degree (MA, MS, MEng, MEd, MSW, MBA)",7,West,7834,3211.0,514.59,33.64,3.88,38.72,2.09
Colorado,08,2024,"Master's degree (MA, MS, MEng, MEd, MSW, MBA)",7,West,8296,3201.89,537.03,33.78,3.91,38.58,2.24
Colorado,08,2016,"Doctorate (PhD, EdD) or Professional Degree (MD, DDS, DVM, LLB, JD)",8,West,2011,3202.44,537.01,34.14,3.75,38.72,2.14
Colorado,08,2017,"Doctorate (PhD, EdD) or Professional Degree (MD, DDS, DVM, LLB, JD)",8,West,2022,3199.19,532.44,34.31,3.77,38.73,2.08
Colorado,08,2018,"Doctorate (PhD, EdD) or Professional Degree (MD, DDS, DVM, LLB, JD)",8,West,2050,3206.96,515.05,34.43,3.6,38.75,1.94
Colorado,08,2019,"Doctorate (PhD, EdD) or Professional Degree (MD, DDS, DVM, LLB, JD)",8,West,2105,3191.38,543.48,34.49,3.67,38.63,2.14
Colorado,08,2020,"Doctorate (PhD, EdD) or Professional Degree (MD, DDS, DVM, LLB, JD)",8,West,2150,3209.0,536.57,34.47,3.61,38.65,2.19
Colorado,08,2021,"Doctorate (PhD, EdD) or Professional Degree (MD, DDS, DVM, LLB, JD)",8,West,2357,3210.37,520.21,34.53,3.65,38.63,2.02
Colorado,08,2022,"Doctorate (PhD, EdD) or Professional Degree (MD, DDS, DVM, LLB, JD)",8,West,2198,3164.95,541.13,34.61,3.81,38.56,2.14
Colorado,08,2023,"Doctorate (PhD, EdD) or Professional Degree (MD, DDS, DVM, LLB, JD)",8,West,2357,3169.63,540.78,34.65,3.83,38.57,2.12
Colorado,08,2024,"Doctorate (PhD, EdD) or Professional Degree (MD, DDS, DVM, LLB, JD)",8,West,2492,3182.71,536.02,34.7,3.88,38.55,2.05
Hawaii,15,2016,8th grade or less,1,West,157,3173.11,606.09,27.71,6.15,38.36,3.22
Hawaii,15,2017,8th grade or less,1,West,149,3169.56,619.44,27.23,6.92,37.87,3.51
Hawaii,15,2018,8th grade or less,1,West,137,3224.89,468.31,28.1,6.89,38.31,3.18
Hawaii,15,2019,8th grade or less,1,West,137,3077.47,559.41,27.94,6.83,37.8,3.25
Hawaii,15,2020,8th grade or less,1,West,116,3147.26,691.64,28.61,7.45,38.18,3.63
Hawaii,15,2021,8th grade or less,1,West,102,3231.86,584.79,29.41,7.37,38.58,2.79
Hawaii,15,2022,8th grade or less,1,West,119,3167.9,596.28,29.07,7.63,37.97,2.87
Hawaii,15,2023,8th grade or less,1,West,109,3120.29,654.52,29.09,7.59,38.39,2.9
Hawaii,15,2024,8th grade or less,1,West,104,3180.47,566.49,28.26,7.07,37.79,2.58
Hawaii,15,2016,9th through 12th grade with no diploma,2,West,2959,3160.36,601.68,26.71,6.15,38.44,3.06
Hawaii,15,2017,9th through 12th grade with no diploma,2,West,3044,3148.86,603.01,26.46,6.12,38.44,2.97
Hawaii,15,2018,9th through 12th grade with no diploma,2,West,2858,3153.55,611.83,26.68,6.22,38.48,2.93
Hawaii,15,2019,9th through 12th grade with no diploma,2,West,2863,3152.7,586.25,26.82,6.08,38.47,2.83
Hawaii,15,2020,9th through 12th grade with no diploma,2,West,2535,3170.14,592.59,27.25,6.1,38.42,2.81
Hawaii,15,2021,9th through 12th grade with no diploma,2,West,2354,3156.28,616.15,27.17,6.07,38.35,2.78
Hawaii,15,2022,9th through 12th grade with no diploma,2,West,2131,3150.44,603.19,27.18,6.11,38.34,3.14
Hawaii,15,2023,9th through 12th grade with no diploma,2,West,2432,3139.63,608.8,27.38,6.27,38.3,3.0
Hawaii,15,2024,9th through 12th grade with no diploma,2,West,1872,3129.13,592.1,27.5,6.53,38.34,2.87
Hawaii,15,2016,High school graduate or GED completed,3,West,3457,3259.43,545.04,26.45,5.49,38.81,2.5
Hawaii,15,2017,High school graduate or GED completed,3,West,3124,3261.15,552.18,26.74,5.61,38.79,2.4
Hawaii,15,2018,High school graduate or GED completed,3,West,2907,3262.6,573.58,26.8,5.57,38.84,2.56
Hawaii,15,2019,High school graduate or GED completed,3,West,2941,3247.43,555.09,26.96,5.69,38.82,2.57
Hawaii,15,2020,High school graduate or GED completed,3,West,2797,3259.2,537.21,26.86,5.56,38.93,2.47
Hawaii,15,2021,High school graduate or GED completed,3,West,2719,3260.63,558.32,27.04,5.66,38.71,2.42
Hawaii,15,2022,High school graduate or GED completed,3,West,2861,3228.33,553.67,27.22,5.69,38.73,2.63
Hawaii,15,2023,High school graduate or GED completed,3,West,2251,3242.61,531.15,27.12,5.55,38.86,2.48
Hawaii,15,2024,High school graduate or GED completed,3,West,3040,3193.62,555.3,27.31,5.67,38.69,2.52
Hawaii,15,2016,"Some college credit, but not a degree",4,West,3476,3262.01,588.86,28.37,5.51,38.83,2.56
Hawaii,15,2017,"Some college credit, but not a degree",4,West,3392,3256.95,591.06,28.39,5.58,38.73,2.62
Hawaii,15,2018,"Some college credit, but not a degree",4,West,3433,3230.34,595.92,28.76,5.61,38.67,2.71
Hawaii,15,2019,"Some college credit, but not a degree",4,West,3518,3230.53,599.73,28.85,5.65,38.68,2.55
Hawaii,15,2020,"Some college credit, but not a degree",4,West,3125,3238.79,588.65,28.81,5.55,38.69,2.53
Hawaii,15,2021,"Some college credit, but not a degree",4,West,3000,3241.62,588.38,29.41,5.61,38.68,2.52
Hawaii,15,2022,"Some college credit, but not a degree",4,West,3068,3232.52,586.97,29.09,5.48,38.72,2.78
Hawaii,15,2023,"Some college credit, but not a degree",4,West,2925,3242.05,574.8,29.23,5.56,38.78,2.48
Hawaii,15,2024,"Some college credit, but not a degree",4,West,2875,3208.12,594.89,29.61,5.66,38.64,2.58
Hawaii,15,2016,"Associate degree (AA, AS)",5,West,2298,3196.69,581.67,30.13,5.29,38.67,2.64
Hawaii,15,2017,"Associate degree (AA, AS)",5,West,2174,3204.92,593.89,30.25,5.33,38.58,2.62
Hawaii,15,2018,"Associate degree (AA, AS)",5,West,1976,3207.09,605.84,30.59,5.41,38.64,2.6
Hawaii,15,2019,"Associate degree (AA, AS)",5,West,1681,3226.45,581.95,30.89,5.27,38.75,2.53
Hawaii,15,2020,"Associate degree (AA, AS)",5,West,1622,3237.5,576.6,30.7,5.14,38.64,2.42
Hawaii,15,2021,"Associate degree (AA, AS)",5,West,1580,3211.62,580.61,31.06,5.23,38.64,2.37
Hawaii,15,2022,"Associate degree (AA, AS)",5,West,1625,3219.29,548.69,31.13,5.28,38.73,2.26
Hawaii,15,2023,"Associate degree (AA, AS)",5,West,1501,3200.26,604.93,31.32,5.26,38.59,2.62
Hawaii,15,2024,"Associate degree (AA, AS)",5,West,1459,3198.97,573.65,31.2,5.05,38.61,2.64
Hawaii,15,2016,"Bachelor's degree (BA, AB, BS)",6,West,3895,3241.88,590.89,31.8,4.67,38.8,2.52
Hawaii,15,2017,"Bachelor's degree (BA, AB, BS)",6,West,3800,3252.02,571.87,32.17,4.82,38.83,2.24
Hawaii,15,2018,"Bachelor's degree (BA, AB, BS)",6,West,3889,3248.61,550.62,32.07,4.77,38.86,2.28
Hawaii,15,2019,"Bachelor's degree (BA, AB, BS)",6,West,3803,3229.84,571.89,32.25,4.75,38.74,2.45
Hawaii,15,2020,"Bachelor's degree (BA, AB, BS)",6,West,3698,3233.58,556.53,32.11,4.75,38.86,2.36
Hawaii,15,2021,"Bachelor's degree (BA, AB, BS)",6,West,3744,3234.4,570.44,32.23,4.66,38.73,2.29
Hawaii,15,2022,"Bachelor's degree (BA, AB, BS)",6,West,3720,3227.03,573.96,32.51,4.79,38.71,2.41
Hawaii,15,2023,"Bachelor's degree (BA, AB, BS)",6,West,3630,3219.46,563.41,32.28,4.84,38.8,2.32
Hawaii,15,2024,"Bachelor's degree (BA, AB, BS)",6,West,3637,3239.72,549.64,32.35,4.83,38.87,2.28
Hawaii,15,2016,"Master's degree (MA, MS, MEng, MEd, MSW, MBA)",7,West,1498,3223.96,586.42,34.03,4.46,38.69,2.41
Hawaii,15,2017,"Master's degree (MA, MS, MEng, MEd, MSW, MBA)",7,West,1471,3246.02,583.94,33.77,4.2,38.75,2.52
Hawaii,15,2018,"Master's degree (MA, MS, MEng, MEd, MSW, MBA)",7,West,1407,3251.93,579.26,34.04,4.13,38.75,2.46
Hawaii,15,2019,"Master's degree (MA, MS, MEng, MEd, MSW, MBA)",7,West,1455,3237.72,602.7,34.13,4.27,38.73,2.64
Hawaii,15,2020,"Master's degree (MA, MS, MEng, MEd, MSW, MBA)",7,West,1388,3253.04,543.16,34.14,4.15,38.92,2.13
Hawaii,15,2021,"Master's degree (MA, MS, MEng, MEd, MSW, MBA)",7,West,1523,3238.76,553.52,34.26,4.14,38.69,2.14
Hawaii,15,2022,"Master's degree (MA, MS, MEng, MEd, MSW, MBA)",7,West,1486,3226.15,568.58,34.27,4.31,38.77,2.25
Hawaii,15,2023,"Master's degree (MA, MS, MEng, MEd, MSW, MBA)",7,West,1447,3259.36,559.84,34.49,4.42,38.75,2.23
Hawaii,15,2024,"Master's degree (MA, MS, MEng, MEd, MSW, MBA)",7,West,1409,3278.63,534.81,34.3,4.37,38.85,2.09
Hawaii,15,2016,"Doctorate (PhD, EdD) or Professional Degree (MD, DDS, DVM, LLB, JD)",8,West,216,3303.51,507.05,34.47,3.95,38.94,1.89
Hawaii,15,2017,"Doctorate (PhD, EdD) or Professional Degree (MD, DDS, DVM, LLB, JD)",8,West,249,3301.46,540.58,34.61,3.8,38.94,1.91
Hawaii,15,2018,"Doctorate (PhD, EdD) or Professional Degree (MD, DDS, DVM, LLB, JD)",8,West,248,3248.44,531.88,34.5,3.62,38.75,2.08
Hawaii,15,2019,"Doctorate (PhD, EdD) or Professional Degree (MD, DDS, DVM, LLB, JD)",8,West,246,3344.11,496.91,34.9,3.58,39.27,1.72
Hawaii,15,2020,"Doctorate (PhD, EdD) or Professional Degree (MD, DDS, DVM, LLB, JD)",8,West,245,3277.42,451.65,34.76,3.8,39.09,1.74
Hawaii,15,2021,"Doctorate (PhD, EdD) or Professional Degree (MD, DDS, DVM, LLB, JD)",8,West,296,3257.31,516.32,34.56,3.65,38.74,2.22
Hawaii,15,2022,"Doctorate (PhD, EdD) or Professional Degree (MD, DDS, DVM, LLB, JD)",8,West,304,3303.37,529.9,35.05,3.75,38.78,2.11
Hawaii,15,2023,"Doctorate (PhD, EdD) or Professional Degree (MD, DDS, DVM, LLB, JD)",8,West,257,3210.67,550.04,35.59,3.92,38.65,2.02
Hawaii,15,2024,"Doctorate (PhD, EdD) or Professional Degree (MD, DDS, DVM, LLB, JD)",8,West,284,3273.55,489.15,35.22,4.02,38.96,1.79
Idaho,16,2016,8th grade or less,1,West,539,3260.75,594.05,30.53,6.72,38.47,2.57
Idaho,16,2017,8th grade or less,1,West,463,3255.6,593.89,30.25,6.86,38.54,2.53
Idaho,16,2018,8th grade or less,1,West,414,3238.0,553.09,30.46,6.8,38.46,2.48
Idaho,16,2019,8th grade or less,1,West,449,3251.63,580.01,30.66,6.9,38.45,2.68
Idaho,16,2020,8th grade or less,1,West,393,3242.16,585.89,30.09,6.91,38.52,2.51
Idaho,16,2021,8th grade or less,1,West,399,3237.76,608.02,30.91,7.08,38.38,2.55
Idaho,16,2022,8th grade or less,1,West,358,3295.89,543.15,30.86,7.07,38.61,2.34
Idaho,16,2023,8th grade or less,1,West,394,3265.63,579.29,29.77,6.78,38.44,2.54
Idaho,16,2024,8th grade or less,1,West,399,3268.29,597.68,29.22,6.94,38.51,2.46
Idaho,16,2016,9th through 12th grade with no diploma,2,West,1963,3181.23,578.05,24.14,6.01,38.46,2.91
Idaho,16,2017,9th through 12th grade with no diploma,2,West,1946,3191.24,580.05,24.33,6.08,38.46,2.77
Idaho,16,2018,9th through 12th grade with no diploma,2,West,1801,3174.96,558.5,24.51,6.11,38.51,2.62
Idaho,16,2019,9th through 12th grade with no diploma,2,West,1804,3163.78,587.74,24.54,6.14,38.58,2.69
Idaho,16,2020,9th through 12th grade with no diploma,2,West,1754,3173.09,576.61,24.49,6.09,38.48,2.6
Idaho,16,2021,9th through 12th grade with no diploma,2,West,1630,3193.38,545.46,24.7,6.36,38.58,2.61
Idaho,16,2022,9th through 12th grade with no diploma,2,West,1537,3194.57,556.09,24.43,6.01,38.59,2.56
Idaho,16,2023,9th through 12th grade with no diploma,2,West,1573,3158.73,568.31,24.77,6.29,38.44,2.72
Idaho,16,2024,9th through 12th grade with no diploma,2,West,1577,3210.37,557.43,24.75,6.05,38.48,2.63
Idaho,16,2016,High school graduate or GED completed,3,West,5783,3250.83,560.15,25.98,5.25,38.67,2.45
Idaho,16,2017,High school graduate or GED completed,3,West,5581,3262.74,556.23,25.95,5.25,38.76,2.45
Idaho,16,2018,High school graduate or GED completed,3,West,5430,3251.62,554.73,26.14,5.27,38.65,2.45
Idaho,16,2019,High school graduate or GED completed,3,West,5503,3259.91,563.75,26.28,5.27,38.59,2.48
Idaho,16,2020,High school graduate or GED completed,3,West,5395,3252.93,561.45,26.35,5.32,38.69,2.54
Idaho,16,2021,High school graduate or GED completed,3,West,5443,3257.16,564.28,26.49,5.26,38.64,2.47
Idaho,16,2022,High school graduate or GED completed,3,West,5658,3244.35,568.8,26.55,5.28,38.64,2.48
Idaho,16,2023,High school graduate or GED completed,3,West,5710,3241.71,585.85,26.59,5.3,38.66,2.62
Idaho,16,2024,High school graduate or GED completed,3,West,5946,3246.21,576.87,26.73,5.36,38.6,2.67
Idaho,16,2016,"Some college credit, but not a degree",4,West,5761,3313.72,576.06,27.37,5.08,38.74,2.44
Idaho,16,2017,"Some college credit, but not a degree",4,West,5749,3308.78,571.28,27.62,5.1,38.74,2.45
Idaho,16,2018,"Some college credit, but not a degree",4,West,5476,3289.01,578.68,27.72,5.13,38.67,2.51
Idaho,16,2019,"Some college credit, but not a degree",4,West,5562,3302.9,555.98,27.83,5.22,38.7,2.31
Idaho,16,2020,"Some college credit, but not a degree",4,West,5238,3294.46,553.22,27.86,5.13,38.68,2.31
Idaho,16,2021,"Some college credit, but not a degree",4,West,5436,3303.41,551.41,28.07,5.14,38.7,2.44
Idaho,16,2022,"Some college credit, but not a degree",4,West,5176,3274.06,580.68,28.27,5.21,38.7,2.47
Idaho,16,2023,"Some college credit, but not a degree",4,West,4979,3304.53,541.44,28.37,5.14,38.81,2.27
Idaho,16,2024,"Some college credit, but not a degree",4,West,5167,3297.89,561.0,28.39,5.15,38.74,2.39
Idaho,16,2016,"Associate degree (AA, AS)",5,West,2321,3327.67,554.22,29.12,4.97,38.71,2.27
Idaho,16,2017,"Associate degree (AA, AS)",5,West,2286,3327.36,563.24,28.95,4.91,38.77,2.3
Idaho,16,2018,"Associate degree (AA, AS)",5,West,2148,3331.12,566.62,29.17,4.88,38.71,2.18
Idaho,16,2019,"Associate degree (AA, AS)",5,West,2259,3307.1,573.01,29.24,4.89,38.66,2.41
Idaho,16,2020,"Associate degree (AA, AS)",5,West,2207,3332.32,560.29,29.41,4.95,38.77,2.29
Idaho,16,2021,"Associate degree (AA, AS)",5,West,2283,3323.26,555.81,29.3,4.91,38.69,2.35
Idaho,16,2022,"Associate degree (AA, AS)",5,West,2244,3329.4,568.4,29.47,4.91,38.74,2.34
Idaho,16,2023,"Associate degree (AA, AS)",5,West,2141,3317.0,561.57,29.54,4.91,38.8,2.37
Idaho,16,2024,"Associate degree (AA, AS)",5,West,2337,3305.2,564.9,29.49,5.04,38.77,2.43
Idaho,16,2016,"Bachelor's degree (BA, AB, BS)",6,West,4677,3389.23,550.4,30.17,4.51,38.88,2.11
Idaho,16,2017,"Bachelor's degree (BA, AB, BS)",6,West,4669,3380.53,556.96,30.22,4.51,38.86,2.22
Idaho,16,2018,"Bachelor's degree (BA, AB, BS)",6,West,4673,3349.23,558.42,30.17,4.51,38.8,2.32
Idaho,16,2019,"Bachelor's degree (BA, AB, BS)",6,West,4891,3353.57,525.99,30.34,4.52,38.82,2.14
Idaho,16,2020,"Bachelor's degree (BA, AB, BS)",6,West,4984,3363.38,534.38,30.44,4.67,38.88,2.17
Idaho,16,2021,"Bachelor's degree (BA, AB, BS)",6,West,5345,3359.43,536.53,30.29,4.52,38.83,2.2
Idaho,16,2022,"Bachelor's degree (BA, AB, BS)",6,West,5454,3356.7,540.85,30.53,4.63,38.93,2.23
Idaho,16,2023,"Bachelor's degree (BA, AB, BS)",6,West,5619,3356.27,550.86,30.5,4.57,38.92,2.27
Idaho,16,2024,"Bachelor's degree (BA, AB, BS)",6,West,5778,3346.66,547.25,30.6,4.64,38.86,2.26
Idaho,16,2016,"Master's degree (MA, MS, MEng, MEd, MSW, MBA)",7,West,1036,3328.58,561.44,32.6,3.99,38.93,2.18
Idaho,16,2017,"Master's degree (MA, MS, MEng, MEd, MSW, MBA)",7,West,1050,3349.62,553.04,32.63,4.06,38.89,2.11
Idaho,16,2018,"Master's degree (MA, MS, MEng, MEd, MSW, MBA)",7,West,1059,3328.63,589.7,32.77,3.97,38.71,2.32
Idaho,16,2019,"Master's degree (MA, MS, MEng, MEd, MSW, MBA)",7,West,1160,3341.15,550.91,32.8,3.98,38.83,2.31
Idaho,16,2020,"Master's degree (MA, MS, MEng, MEd, MSW, MBA)",7,West,1112,3335.08,561.24,32.51,4.02,38.86,2.19
Idaho,16,2021,"Master's degree (MA, MS, MEng, MEd, MSW, MBA)",7,West,1306,3316.38,599.54,32.67,4.15,38.69,2.5
Idaho,16,2022,"Master's degree (MA, MS, MEng, MEd, MSW, MBA)",7,West,1379,3344.61,552.45,32.9,4.29,38.86,2.17
Idaho,16,2023,"Master's degree (MA, MS, MEng, MEd, MSW, MBA)",7,West,1408,3345.2,557.59,32.62,4.13,38.95,2.25
Idaho,16,2024,"Master's degree (MA, MS, MEng, MEd, MSW, MBA)",7,West,1437,3336.81,538.53,32.63,4.24,38.9,2.21
Idaho,16,2016,"Doctorate (PhD, EdD) or Professional Degree (MD, DDS, DVM, LLB, JD)",8,West,293,3351.93,556.98,33.28,4.07,38.75,2.48
Idaho,16,2017,"Doctorate (PhD, EdD) or Professional Degree (MD, DDS, DVM, LLB, JD)",8,West,318,3344.97,517.43,33.48,4.0,38.82,1.92
Idaho,16,2018,"Doctorate (PhD, EdD) or Professional Degree (MD, DDS, DVM, LLB, JD)",8,West,300,3286.54,528.85,33.39,3.8,38.72,2.05
Idaho,16,2019,"Doctorate (PhD, EdD) or Professional Degree (MD, DDS, DVM, LLB, JD)",8,West,308,3323.77,517.18,33.44,4.09,38.96,1.83
Idaho,16,2020,"Doctorate (PhD, EdD) or Professional Degree (MD, DDS, DVM, LLB, JD)",8,West,315,3322.59,545.79,33.61,3.74,38.7,2.24
Idaho,16,2021,"Doctorate (PhD, EdD) or Professional Degree (MD, DDS, DVM, LLB, JD)",8,West,381,3263.85,577.37,33.82,3.87,38.49,2.66
Idaho,16,2022,"Doctorate (PhD, EdD) or Professional Degree (MD, DDS, DVM, LLB, JD)",8,West,363,3304.91,559.93,34.13,4.26,38.9,2.34
Idaho,16,2023,"Doctorate (PhD, EdD) or Professional Degree (MD, DDS, DVM, LLB, JD)",8,West,400,3350.58,552.59,33.72,3.92,38.89,2.02
Idaho,16,2024,"Doctorate (PhD, EdD) or Professional Degree (MD, DDS, DVM, LLB, JD)",8,West,416,3340.15,515.92,33.97,4.16,38.94,2.17
Montana,30,2016,8th grade or less,1,West,209,3158.82,541.97,27.14,6.23,38.66,2.06
Montana,30,2017,8th grade or less,1,West,215,3178.97,563.05,27.14,5.94,38.61,2.62
Montana,30,2018,8th grade or less,1,West,216,3230.86,553.78,27.49,5.71,38.54,2.37
Montana,30,2019,8th grade or less,1,West,253,3140.43,528.79,27.7,5.71,38.3,2.59
Montana,30,2020,8th grade or less,1,West,223,3143.98,609.55,28.35,5.77,38.41,2.71
Montana,30,2021,8th grade or less,1,West,220,3218.02,493.82,27.4,5.65,38.59,2.24
Montana,30,2022,8th grade or less,1,West,258,3167.69,575.36,28.4,5.65,38.5,2.31
Montana,30,2023,8th grade or less,1,West,285,3214.81,586.92,27.65,5.56,38.2,2.53
Montana,30,2024,8th grade or less,1,West,285,3162.25,598.2,28.31,6.0,38.15,2.63
Montana,30,2016,9th through 12th grade with no diploma,2,West,1157,3198.38,592.38,23.56,5.59,38.51,2.66
Montana,30,2017,9th through 12th grade with no diploma,2,West,1041,3188.69,609.03,23.84,5.93,38.41,2.68
Montana,30,2018,9th through 12th grade with no diploma,2,West,947,3165.02,590.6,23.93,5.65,38.25,2.89
Montana,30,2019,9th through 12th grade with no diploma,2,West,897,3205.04,562.25,24.16,5.81,38.45,2.58
Montana,30,2020,9th through 12th grade with no diploma,2,West,801,3196.24,586.68,24.12,5.79,38.41,2.61
Montana,30,2021,9th through 12th grade with no diploma,2,West,810,3203.69,590.95,23.94,5.73,38.25,2.56
Montana,30,2022,9th through 12th grade with no diploma,2,West,831,3176.48,625.36,23.92,5.69,38.11,2.61
Montana,30,2023,9th through 12th grade with no diploma,2,West,778,3179.59,605.2,24.43,6.12,38.4,2.78
Montana,30,2024,9th through 12th grade with no diploma,2,West,825,3157.46,550.61,24.41,5.88,38.25,2.78
Montana,30,2016,High school graduate or GED completed,3,West,3473,3262.53,589.16,25.92,5.25,38.69,2.52
Montana,30,2017,High school graduate or GED completed,3,West,3147,3224.18,569.83,25.88,5.21,38.62,2.48
Montana,30,2018,High school graduate or GED completed,3,West,3138,3246.26,587.03,26.22,5.18,38.58,2.54
Montana,30,2019,High school graduate or GED completed,3,West,2963,3243.02,580.93,26.39,5.35,38.51,2.49
Montana,30,2020,High school graduate or GED completed,3,West,2803,3222.55,572.18,26.42,5.27,38.49,2.56
Montana,30,2021,High school graduate or GED completed,3,West,2932,3230.3,558.84,26.49,5.23,38.52,2.36
Montana,30,2022,High school graduate or GED completed,3,West,2768,3225.72,573.14,26.68,5.33,38.49,2.4
Montana,30,2023,High school graduate or GED completed,3,West,2795,3207.21,580.48,26.69,5.29,38.37,2.42
Montana,30,2024,High school graduate or GED completed,3,West,2886,3233.66,572.47,27.02,5.42,38.49,2.53
Montana,30,2016,"Some college credit, but not a degree",4,West,2715,3288.79,564.94,27.82,5.11,38.7,2.47
Montana,30,2017,"Some college credit, but not a degree",4,West,2715,3301.25,568.94,27.97,5.19,38.67,2.41
Montana,30,2018,"Some college credit, but not a degree",4,West,2594,3292.98,570.59,28.17,5.18,38.62,2.47
Montana,30,2019,"Some college credit, but not a degree",4,West,2489,3282.43,575.84,28.26,5.24,38.61,2.37
Montana,30,2020,"Some college credit, but not a degree",4,West,2362,3273.02,584.28,28.61,5.12,38.55,2.33
Montana,30,2021,"Some college credit, but not a degree",4,West,2270,3249.37,581.24,28.58,5.07,38.45,2.4
Montana,30,2022,"Some college credit, but not a degree",4,West,2339,3247.14,558.34,28.91,5.15,38.48,2.3
Montana,30,2023,"Some college credit, but not a degree",4,West,2207,3268.35,564.8,28.91,5.09,38.48,2.42
Montana,30,2024,"Some college credit, but not a degree",4,West,2214,3274.34,571.21,29.11,5.2,38.47,2.44
Montana,30,2016,"Associate degree (AA, AS)",5,West,1109,3334.68,554.92,29.54,4.7,38.79,2.03
Montana,30,2017,"Associate degree (AA, AS)",5,West,1041,3312.36,609.64,29.61,4.62,38.58,2.45
Montana,30,2018,"Associate degree (AA, AS)",5,West,1026,3329.46,547.95,29.82,4.68,38.62,2.28
Montana,30,2019,"Associate degree (AA, AS)",5,West,1016,3309.81,532.2,29.87,4.84,38.57,2.21
Montana,30,2020,"Associate degree (AA, AS)",5,West,996,3294.38,542.02,29.94,4.72,38.51,2.24
Montana,30,2021,"Associate degree (AA, AS)",5,West,1073,3326.32,552.68,29.9,4.57,38.59,2.16
Montana,30,2022,"Associate degree (AA, AS)",5,West,1019,3289.17,553.54,30.22,4.87,38.46,2.33
Montana,30,2023,"Associate degree (AA, AS)",5,West,980,3295.18,580.96,30.17,4.74,38.49,2.42
Montana,30,2024,"Associate degree (AA, AS)",5,West,1045,3289.87,550.43,30.24,4.72,38.54,2.5
Montana,30,2016,"Bachelor's degree (BA, AB, BS)",6,West,2565,3324.69,560.28,31.17,4.38,38.84,2.18
Montana,30,2017,"Bachelor's degree (BA, AB, BS)",6,West,2514,3340.74,553.34,31.24,4.28,38.89,2.15
Montana,30,2018,"Bachelor's degree (BA, AB, BS)",6,West,2512,3346.28,522.86,31.12,4.28,38.86,1.99
Montana,30,2019,"Bachelor's degree (BA, AB, BS)",6,West,2361,3338.26,522.06,31.21,4.3,38.75,2.12
Montana,30,2020,"Bachelor's degree (BA, AB, BS)",6,West,2506,3310.01,533.82,31.26,4.29,38.68,2.17
Montana,30,2021,"Bachelor's degree (BA, AB, BS)",6,West,2639,3295.09,547.27,31.49,4.27,38.59,2.16
Montana,30,2022,"Bachelor's degree (BA, AB, BS)",6,West,2669,3307.44,500.06,31.25,4.38,38.7,2.1
Montana,30,2023,"Bachelor's degree (BA, AB, BS)",6,West,2729,3322.52,540.67,31.38,4.41,38.7,2.15
Montana,30,2024,"Bachelor's degree (BA, AB, BS)",6,West,2747,3332.69,539.99,31.41,4.43,38.79,2.14
Montana,30,2016,"Master's degree (MA, MS, MEng, MEd, MSW, MBA)",7,West,761,3334.07,550.85,32.88,3.78,38.82,2.34
Montana,30,2017,"Master's degree (MA, MS, MEng, MEd, MSW, MBA)",7,West,765,3300.18,559.99,33.1,3.91,38.86,2.22
Montana,30,2018,"Master's degree (MA, MS, MEng, MEd, MSW, MBA)",7,West,767,3348.65,552.01,32.97,3.84,38.78,1.93
Montana,30,2019,"Master's degree (MA, MS, MEng, MEd, MSW, MBA)",7,West,792,3315.02,528.55,32.91,3.91,38.65,2.11
Montana,30,2020,"Master's degree (MA, MS, MEng, MEd, MSW, MBA)",7,West,774,3321.05,534.54,33.28,3.83,38.6,2.13
Montana,30,2021,"Master's degree (MA, MS, MEng, MEd, MSW, MBA)",7,West,909,3293.45,556.59,33.1,4.02,38.49,2.35
Montana,30,2022,"Master's degree (MA, MS, MEng, MEd, MSW, MBA)",7,West,938,3322.41,500.78,33.0,3.97,38.69,1.93
Montana,30,2023,"Master's degree (MA, MS, MEng, MEd, MSW, MBA)",7,West,941,3281.69,549.07,33.19,3.97,38.59,2.2
Montana,30,2024,"Master's degree (MA, MS, MEng, MEd, MSW, MBA)",7,West,959,3316.36,545.13,32.93,4.01,38.66,2.25
Montana,30,2016,"Doctorate (PhD, EdD) or Professional Degree (MD, DDS, DVM, LLB, JD)",8,West,246,3306.81,509.88,33.59,3.85,38.85,2.22
Montana,30,2017,"Doctorate (PhD, EdD) or Professional Degree (MD, DDS, DVM, LLB, JD)",8,West,313,3262.4,522.38,33.7,3.94,38.91,2.27
Montana,30,2018,"Doctorate (PhD, EdD) or Professional Degree (MD, DDS, DVM, LLB, JD)",8,West,271,3320.23,514.64,33.19,3.7,38.68,1.91
Montana,30,2019,"Doctorate (PhD, EdD) or Professional Degree (MD, DDS, DVM, LLB, JD)",8,West,286,3306.48,486.66,33.69,3.9,38.87,1.88
Montana,30,2020,"Doctorate (PhD, EdD) or Professional Degree (MD, DDS, DVM, LLB, JD)",8,West,312,3269.74,484.31,34.24,3.69,38.82,1.82
Montana,30,2021,"Doctorate (PhD, EdD) or Professional Degree (MD, DDS, DVM, LLB, JD)",8,West,363,3286.67,489.0,33.67,3.55,38.66,2.03
Montana,30,2022,"Doctorate (PhD, EdD) or Professional Degree (MD, DDS, DVM, LLB, JD)",8,West,334,3311.16,563.0,34.1,4.01,38.46,2.31
Montana,30,2023,"Doctorate (PhD, EdD) or Professional Degree (MD, DDS, DVM, LLB, JD)",8,West,346,3291.25,539.06,33.87,3.9,38.76,1.95
Montana,30,2024,"Doctorate (PhD, EdD) or Professional Degree (MD, DDS, DVM, LLB, JD)",8,West,361,3337.08,503.87,33.86,4.15,38.64,1.77
Nevada,32,2016,8th grade or less,1,West,883,3257.79,551.7,30.65,6.83,38.5,2.84
Nevada,32,2017,8th grade or less,1,West,858,3231.46,594.19,31.04,6.93,38.37,2.68
Nevada,32,2018,8th grade or less,1,West,829,3218.99,595.93,31.38,6.92,38.2,2.56
Nevada,32,2019,8th grade or less,1,West,780,3229.94,609.06,31.36,6.82,38.25,2.85
Nevada,32,2020,8th grade or less,1,West,609,3215.67,599.1,31.26,6.71,38.31,2.84
Nevada,32,2021,8th grade or less,1,West,513,3226.45,601.0,31.68,6.66,38.34,2.7
Nevada,32,2022,8th grade or less,1,West,515,3175.14,591.35,31.12,7.01,38.15,2.64
Nevada,32,2023,8th grade or less,1,West,430,3130.48,570.32,30.19,7.27,38.01,2.94
Nevada,32,2024,8th grade or less,1,West,401,3168.14,600.13,29.76,7.23,38.02,2.94
Nevada,32,2016,9th through 12th grade with no diploma,2,West,5655,3185.39,581.5,25.91,6.42,38.46,2.81
Nevada,32,2017,9th through 12th grade with no diploma,2,West,5177,3178.7,598.23,26.01,6.4,38.42,2.72
Nevada,32,2018,9th through 12th grade with no diploma,2,West,4826,3180.16,579.57,26.25,6.51,38.44,2.65
Nevada,32,2019,9th through 12th grade with no diploma,2,West,4504,3164.05,563.84,26.44,6.55,38.43,2.68
Nevada,32,2020,9th through 12th grade with no diploma,2,West,4079,3165.69,577.51,26.72,6.71,38.33,2.75
Nevada,32,2021,9th through 12th grade with no diploma,2,West,3822,3139.09,591.71,26.74,6.59,38.24,2.7
Nevada,32,2022,9th through 12th grade with no diploma,2,West,3796,3132.28,581.98,26.96,6.77,38.23,2.87
Nevada,32,2023,9th through 12th grade with no diploma,2,West,3515,3122.52,581.89,27.03,6.85,38.25,2.86
Nevada,32,2024,9th through 12th grade with no diploma,2,West,3453,3127.56,572.87,26.92,6.79,38.22,2.82
Nevada,32,2016,High school graduate or GED completed,3,West,11039,3199.7,564.52,26.74,5.58,38.58,2.58
Nevada,32,2017,High school graduate or GED completed,3,West,11290,3185.73,584.55,26.88,5.62,38.51,2.68
Nevada,32,2018,High school graduate or GED completed,3,West,11699,3199.71,567.22,26.96,5.62,38.57,2.64
Nevada,32,2019,High school graduate or GED completed,3,West,11268,3192.49,571.88,27.05,5.51,38.58,2.61
Nevada,32,2020,High school graduate or GED completed,3,West,10951,3183.03,576.72,27.07,5.52,38.48,2.68
Nevada,32,2021,High school graduate or GED completed,3,West,11173,3165.63,582.98,27.23,5.54,38.45,2.69
Nevada,32,2022,High school graduate or GED completed,3,West,10860,3172.38,568.98,27.55,5.56,38.5,2.62
Nevada,32,2023,High school graduate or GED completed,3,West,10440,3155.64,570.35,27.62,5.6,38.44,2.65
Nevada,32,2024,High school graduate or GED completed,3,West,10677,3153.37,585.89,27.86,5.6,38.44,2.73
Nevada,32,2016,"Some college credit, but not a degree",4,West,8044,3248.35,562.49,28.36,5.34,38.7,2.47
Nevada,32,2017,"Some college credit, but not a degree",4,West,7799,3223.26,569.24,28.53,5.34,38.67,2.51
Nevada,32,2018,"Some college credit, but not a degree",4,West,7657,3235.12,558.62,28.69,5.33,38.68,2.48
Nevada,32,2019,"Some college credit, but not a degree",4,West,7417,3217.13,567.24,28.92,5.3,38.63,2.58
Nevada,32,2020,"Some college credit, but not a degree",4,West,7040,3211.44,566.65,28.95,5.27,38.61,2.49
Nevada,32,2021,"Some college credit, but not a degree",4,West,7109,3203.43,582.44,29.22,5.18,38.5,2.53
Nevada,32,2022,"Some college credit, but not a degree",4,West,6737,3202.15,573.78,29.39,5.27,38.53,2.52
Nevada,32,2023,"Some college credit, but not a degree",4,West,6117,3200.39,566.24,29.62,5.3,38.53,2.5
Nevada,32,2024,"Some college credit, but not a degree",4,West,5929,3203.07,560.2,29.77,5.25,38.59,2.5
Nevada,32,2016,"Associate degree (AA, AS)",5,West,2654,3248.02,542.33,30.09,4.85,38.69,2.32
Nevada,32,2017,"Associate degree (AA, AS)",5,West,2664,3230.87,572.96,30.14,5.0,38.64,2.5
Nevada,32,2018,"Associate degree (AA, AS)",5,West,2598,3229.48,576.6,30.33,4.93,38.64,2.49
Nevada,32,2019,"Associate degree (AA, AS)",5,West,2661,3224.08,564.53,30.38,5.05,38.58,2.46
Nevada,32,2020,"Associate degree (AA, AS)",5,West,2598,3223.34,561.69,30.43,4.88,38.63,2.48
Nevada,32,2021,"Associate degree (AA, AS)",5,West,2537,3223.14,578.97,30.74,4.91,38.55,2.47
Nevada,32,2022,"Associate degree (AA, AS)",5,West,2608,3236.76,558.35,30.44,4.85,38.69,2.36
Nevada,32,2023,"Associate degree (AA, AS)",5,West,2394,3192.08,573.89,30.86,4.97,38.55,2.48
Nevada,32,2024,"Associate degree (AA, AS)",5,West,2425,3229.52,560.44,30.98,4.97,38.59,2.4
Nevada,32,2016,"Bachelor's degree (BA, AB, BS)",6,West,5012,3262.42,565.99,31.59,4.41,38.72,2.33
Nevada,32,2017,"Bachelor's degree (BA, AB, BS)",6,West,4849,3272.31,547.85,31.61,4.48,38.79,2.29
Nevada,32,2018,"Bachelor's degree (BA, AB, BS)",6,West,5096,3278.01,561.85,31.81,4.61,38.77,2.36
Nevada,32,2019,"Bachelor's degree (BA, AB, BS)",6,West,5070,3256.73,542.62,31.83,4.51,38.8,2.24
Nevada,32,2020,"Bachelor's degree (BA, AB, BS)",6,West,5110,3265.2,547.5,31.8,4.47,38.78,2.29
Nevada,32,2021,"Bachelor's degree (BA, AB, BS)",6,West,5299,3251.27,565.99,31.85,4.47,38.67,2.39
Nevada,32,2022,"Bachelor's degree (BA, AB, BS)",6,West,5322,3233.33,554.3,31.84,4.55,38.7,2.34
Nevada,32,2023,"Bachelor's degree (BA, AB, BS)",6,West,5269,3239.08,557.06,31.92,4.52,38.63,2.45
Nevada,32,2024,"Bachelor's degree (BA, AB, BS)",6,West,5589,3249.08,560.28,32.11,4.53,38.71,2.39
Nevada,32,2016,"Master's degree (MA, MS, MEng, MEd, MSW, MBA)",7,West,1639,3268.9,575.05,33.05,3.9,38.82,2.35
Nevada,32,2017,"Master's degree (MA, MS, MEng, MEd, MSW, MBA)",7,West,1601,3273.51,555.89,33.05,4.0,38.82,2.34
Nevada,32,2018,"Master's degree (MA, MS, MEng, MEd, MSW, MBA)",7,West,1709,3284.12,553.69,33.18,4.07,38.74,2.19
Nevada,32,2019,"Master's degree (MA, MS, MEng, MEd, MSW, MBA)",7,West,1720,3276.74,574.47,33.2,4.15,38.82,2.39
Nevada,32,2020,"Master's degree (MA, MS, MEng, MEd, MSW, MBA)",7,West,1680,3266.84,532.17,33.47,4.1,38.73,2.16
Nevada,32,2021,"Master's degree (MA, MS, MEng, MEd, MSW, MBA)",7,West,1892,3271.43,552.0,33.29,4.21,38.66,2.39
Nevada,32,2022,"Master's degree (MA, MS, MEng, MEd, MSW, MBA)",7,West,1906,3240.65,551.14,33.31,4.27,38.75,2.28
Nevada,32,2023,"Master's degree (MA, MS, MEng, MEd, MSW, MBA)",7,West,1844,3256.15,542.87,33.54,4.34,38.65,2.34
Nevada,32,2024,"Master's degree (MA, MS, MEng, MEd, MSW, MBA)",7,West,1882,3247.77,561.88,33.33,4.23,38.68,2.26
Nevada,32,2016,"Doctorate (PhD, EdD) or Professional Degree (MD, DDS, DVM, LLB, JD)",8,West,485,3255.0,567.54,34.15,4.12,38.71,2.55
Nevada,32,2017,"Doctorate (PhD, EdD) or Professional Degree (MD, DDS, DVM, LLB, JD)",8,West,479,3185.89,569.53,34.09,3.93,38.62,2.36
Nevada,32,2018,"Doctorate (PhD, EdD) or Professional Degree (MD, DDS, DVM, LLB, JD)",8,West,525,3228.14,548.42,34.41,3.84,38.66,2.44
Nevada,32,2019,"Doctorate (PhD, EdD) or Professional Degree (MD, DDS, DVM, LLB, JD)",8,West,529,3211.59,536.68,34.15,3.72,38.71,2.11
Nevada,32,2020,"Doctorate (PhD, EdD) or Professional Degree (MD, DDS, DVM, LLB, JD)",8,West,522,3244.39,504.37,34.31,3.74,38.84,2.05
Nevada,32,2021,"Doctorate (PhD, EdD) or Professional Degree (MD, DDS, DVM, LLB, JD)",8,West,544,3197.52,546.65,34.31,4.02,38.62,2.48
Nevada,32,2022,"Doctorate (PhD, EdD) or Professional Degree (MD, DDS, DVM, LLB, JD)",8,West,584,3202.06,514.5,34.48,3.95,38.59,2.07
Nevada,32,2023,"Doctorate (PhD, EdD) or Professional Degree (MD, DDS, DVM, LLB, JD)",8,West,558,3175.49,625.0,34.61,4.2,38.34,2.76
Nevada,32,2024,"Doctorate (PhD, EdD) or Professional Degree (MD, DDS, DVM, LLB, JD)",8,West,619,3219.77,555.66,34.75,3.95,38.62,2.34
New Mexico,35,2016,8th grade or less,1,West,668,3213.43,564.44,28.49,7.09,38.63,2.4
New Mexico,35,2017,8th grade or less,1,West,648,3182.65,617.32,28.05,7.36,38.37,2.75
New Mexico,35,2018,8th grade or less,1,West,557,3164.91,613.82,28.42,7.35,38.33,2.53
New Mexico,35,2019,8th grade or less,1,West,572,3102.76,564.1,28.88,7.34,38.26,2.5
New Mexico,35,2020,8th grade or less,1,West,519,3098.78,645.83,28.75,7.28,37.95,3.04
New Mexico,35,2021,8th grade or less,1,West,502,3138.31,619.44,28.17,7.4,38.28,2.79
New Mexico,35,2022,8th grade or less,1,West,529,3068.55,573.4,28.79,7.37,38.23,2.7
New Mexico,35,2023,8th grade or less,1,West,487,3129.38,609.86,27.78,7.32,38.23,2.62
New Mexico,35,2024,8th grade or less,1,West,452,3165.93,628.57,27.37,7.12,38.5,2.51
New Mexico,35,2016,9th through 12th grade with no diploma,2,West,4214,3125.36,568.25,24.26,6.16,38.43,2.64
New Mexico,35,2017,9th through 12th grade with no diploma,2,West,3874,3118.0,554.6,24.46,6.21,38.42,2.52
New Mexico,35,2018,9th through 12th grade with no diploma,2,West,3490,3129.36,565.55,24.67,6.34,38.36,2.52
New Mexico,35,2019,9th through 12th grade with no diploma,2,West,3440,3109.33,583.77,24.68,6.24,38.36,2.61
New Mexico,35,2020,9th through 12th grade with no diploma,2,West,3208,3137.0,568.22,24.9,6.19,38.47,2.46
New Mexico,35,2021,9th through 12th grade with no diploma,2,West,2871,3128.01,571.89,24.85,6.2,38.49,2.37
New Mexico,35,2022,9th through 12th grade with no diploma,2,West,2942,3094.11,561.0,24.95,6.42,38.36,2.38
New Mexico,35,2023,9th through 12th grade with no diploma,2,West,2831,3115.63,557.51,24.98,6.33,38.41,2.38
New Mexico,35,2024,9th through 12th grade with no diploma,2,West,2804,3104.41,555.89,24.95,6.36,38.34,2.55
New Mexico,35,2016,High school graduate or GED completed,3,West,5915,3172.05,573.54,25.92,5.47,38.59,2.59
New Mexico,35,2017,High school graduate or GED completed,3,West,5812,3165.56,567.23,25.94,5.52,38.55,2.46
New Mexico,35,2018,High school graduate or GED completed,3,West,5609,3174.25,546.96,26.08,5.47,38.55,2.39
New Mexico,35,2019,High school graduate or GED completed,3,West,5840,3164.12,564.07,26.18,5.54,38.47,2.38
New Mexico,35,2020,High school graduate or GED completed,3,West,5645,3159.39,554.68,26.31,5.53,38.51,2.38
New Mexico,35,2021,High school graduate or GED completed,3,West,5358,3148.1,561.34,26.32,5.5,38.47,2.35
New Mexico,35,2022,High school graduate or GED completed,3,West,5620,3129.98,554.28,26.14,5.51,38.49,2.41
New Mexico,35,2023,High school graduate or GED completed,3,West,5724,3132.36,558.85,26.39,5.59,38.47,2.44
New Mexico,35,2024,High school graduate or GED completed,3,West,5845,3138.07,556.84,26.36,5.53,38.48,2.44
New Mexico,35,2016,"Some college credit, but not a degree",4,West,6659,3188.76,577.39,26.88,5.14,38.57,2.48
New Mexico,35,2017,"Some college credit, but not a degree",4,West,6463,3185.84,564.73,27.1,5.14,38.6,2.41
New Mexico,35,2018,"Some college credit, but not a degree",4,West,6365,3183.62,557.17,27.34,5.18,38.55,2.35
New Mexico,35,2019,"Some college credit, but not a degree",4,West,6092,3171.65,563.74,27.51,5.19,38.45,2.29
New Mexico,35,2020,"Some college credit, but not a degree",4,West,5796,3174.97,566.24,27.42,5.21,38.5,2.3
New Mexico,35,2021,"Some college credit, but not a degree",4,West,5541,3180.52,564.48,27.82,5.27,38.49,2.34
New Mexico,35,2022,"Some college credit, but not a degree",4,West,5424,3163.48,574.3,27.95,5.21,38.51,2.4
New Mexico,35,2023,"Some college credit, but not a degree",4,West,5042,3164.84,559.48,28.26,5.31,38.47,2.18
New Mexico,35,2024,"Some college credit, but not a degree",4,West,5049,3171.1,560.61,28.33,5.31,38.52,2.36
New Mexico,35,2016,"Associate degree (AA, AS)",5,West,2194,3219.42,557.55,29.03,4.87,38.69,2.28
New Mexico,35,2017,"Associate degree (AA, AS)",5,West,2164,3216.5,565.41,29.3,4.86,38.58,2.22
New Mexico,35,2018,"Associate degree (AA, AS)",5,West,2159,3198.67,543.47,29.05,4.91,38.59,2.23
New Mexico,35,2019,"Associate degree (AA, AS)",5,West,2135,3213.23,552.67,29.21,4.82,38.59,2.24
New Mexico,35,2020,"Associate degree (AA, AS)",5,West,2056,3207.18,555.32,29.24,4.92,38.56,2.19
New Mexico,35,2021,"Associate degree (AA, AS)",5,West,2076,3177.14,556.82,29.38,4.96,38.43,2.38
New Mexico,35,2022,"Associate degree (AA, AS)",5,West,2091,3174.95,549.17,29.36,4.97,38.53,2.19
New Mexico,35,2023,"Associate degree (AA, AS)",5,West,1984,3209.26,528.68,29.53,4.93,38.56,2.29
New Mexico,35,2024,"Associate degree (AA, AS)",5,West,1985,3183.61,542.63,29.6,5.03,38.51,2.13
New Mexico,35,2016,"Bachelor's degree (BA, AB, BS)",6,West,3245,3261.92,553.98,30.8,4.47,38.74,2.19
New Mexico,35,2017,"Bachelor's degree (BA, AB, BS)",6,West,3105,3231.81,552.52,30.84,4.49,38.71,2.15
New Mexico,35,2018,"Bachelor's degree (BA, AB, BS)",6,West,3182,3233.0,545.3,30.83,4.59,38.62,2.18
New Mexico,35,2019,"Bachelor's degree (BA, AB, BS)",6,West,3085,3222.17,546.17,30.87,4.57,38.67,2.05
New Mexico,35,2020,"Bachelor's degree (BA, AB, BS)",6,West,2982,3246.53,534.36,30.86,4.56,38.69,2.03
New Mexico,35,2021,"Bachelor's degree (BA, AB, BS)",6,West,3126,3224.42,536.91,30.94,4.62,38.6,2.12
New Mexico,35,2022,"Bachelor's degree (BA, AB, BS)",6,West,3121,3230.77,534.05,31.02,4.7,38.65,2.11
New Mexico,35,2023,"Bachelor's degree (BA, AB, BS)",6,West,2974,3209.8,548.33,31.0,4.69,38.61,2.04
New Mexico,35,2024,"Bachelor's degree (BA, AB, BS)",6,West,3196,3228.47,535.52,31.04,4.72,38.63,2.1
New Mexico,35,2016,"Master's degree (MA, MS, MEng, MEd, MSW, MBA)",7,West,1186,3235.01,573.3,32.57,4.03,38.62,2.3
New Mexico,35,2017,"Master's degree (MA, MS, MEng, MEd, MSW, MBA)",7,West,1133,3222.38,585.86,32.76,4.1,38.54,2.32
New Mexico,35,2018,"Master's degree (MA, MS, MEng, MEd, MSW, MBA)",7,West,1084,3230.25,582.62,32.74,3.96,38.55,2.09
New Mexico,35,2019,"Master's degree (MA, MS, MEng, MEd, MSW, MBA)",7,West,1232,3195.12,571.89,32.8,4.19,38.42,2.27
New Mexico,35,2020,"Master's degree (MA, MS, MEng, MEd, MSW, MBA)",7,West,1146,3236.73,525.75,33.03,4.23,38.71,2.0
New Mexico,35,2021,"Master's degree (MA, MS, MEng, MEd, MSW, MBA)",7,West,1411,3231.53,535.65,33.13,4.28,38.64,1.97
New Mexico,35,2022,"Master's degree (MA, MS, MEng, MEd, MSW, MBA)",7,West,1397,3218.2,536.81,33.07,4.29,38.65,1.99
New Mexico,35,2023,"Master's degree (MA, MS, MEng, MEd, MSW, MBA)",7,West,1410,3217.57,545.16,32.98,4.24,38.59,2.1
New Mexico,35,2024,"Master's degree (MA, MS, MEng, MEd, MSW, MBA)",7,West,1407,3219.49,544.03,33.14,4.37,38.49,2.04
New Mexico,35,2016,"Doctorate (PhD, EdD) or Professional Degree (MD, DDS, DVM, LLB, JD)",8,West,511,3205.32,545.29,33.51,4.24,38.59,2.17
New Mexico,35,2017,"Doctorate (PhD, EdD) or Professional Degree (MD, DDS, DVM, LLB, JD)",8,West,513,3213.41,577.11,33.85,4.1,38.64,2.32
New Mexico,35,2018,"Doctorate (PhD, EdD) or Professional Degree (MD, DDS, DVM, LLB, JD)",8,West,536,3194.49,505.73,34.19,3.93,38.5,1.94
New Mexico,35,2019,"Doctorate (PhD, EdD) or Professional Degree (MD, DDS, DVM, LLB, JD)",8,West,510,3171.44,533.77,33.85,4.03,38.47,2.21
New Mexico,35,2020,"Doctorate (PhD, EdD) or Professional Degree (MD, DDS, DVM, LLB, JD)",8,West,495,3199.6,569.91,34.01,3.86,38.57,2.2
New Mexico,35,2021,"Doctorate (PhD, EdD) or Professional Degree (MD, DDS, DVM, LLB, JD)",8,West,440,3158.43,522.45,34.25,4.15,38.59,1.82
New Mexico,35,2022,"Doctorate (PhD, EdD) or Professional Degree (MD, DDS, DVM, LLB, JD)",8,West,444,3193.22,532.04,34.25,3.64,38.52,1.89
New Mexico,35,2023,"Doctorate (PhD, EdD) or Professional Degree (MD, DDS, DVM, LLB, JD)",8,West,447,3152.34,561.68,34.4,3.83,38.41,2.11
New Mexico,35,2024,"Doctorate (PhD, EdD) or Professional Degree (MD, DDS, DVM, LLB, JD)",8,West,470,3131.34,536.55,34.05,3.72,38.5,1.92
Oregon,41,2016,8th grade or less,1,West,1306,3273.74,594.06,31.3,6.56,38.57,2.56
Oregon,41,2017,8th grade or less,1,West,1243,3293.15,568.22,31.19,6.61,38.49,2.46
Oregon,41,2018,8th grade or less,1,West,1129,3282.46,560.16,31.28,6.68,38.49,2.48
Oregon,41,2019,8th grade or less,1,West,1149,3229.9,587.93,31.0,6.95,38.41,2.62
Oregon,41,2020,8th grade or less,1,West,943,3235.08,603.85,31.03,6.89,38.52,2.71
Oregon,41,2021,8th grade or less,1,West,941,3240.24,583.35,30.26,7.56,38.43,2.65
Oregon,41,2022,8th grade or less,1,West,985,3272.62,562.25,30.32,7.18,38.47,2.52
Oregon,41,2023,8th grade or less,1,West,992,3214.11,584.9,30.15,7.28,38.37,2.7
Oregon,41,2024,8th grade or less,1,West,1109,3245.04,576.05,29.27,6.99,38.55,2.56
Oregon,41,2016,9th through 12th grade with no diploma,2,West,4625,3276.89,584.96,25.36,6.38,38.73,2.52
Oregon,41,2017,9th through 12th grade with no diploma,2,West,4212,3259.27,587.49,25.48,6.35,38.74,2.58
Oregon,41,2018,9th through 12th grade with no diploma,2,West,3975,3254.11,569.67,25.66,6.29,38.68,2.54
Oregon,41,2019,9th through 12th grade with no diploma,2,West,3708,3239.38,582.44,25.73,6.27,38.6,2.6
Oregon,41,2020,9th through 12th grade with no diploma,2,West,3356,3249.12,589.67,25.87,6.33,38.62,2.63
Oregon,41,2021,9th through 12th grade with no diploma,2,West,3224,3241.25,573.12,26.05,6.23,38.6,2.48
Oregon,41,2022,9th through 12th grade with no diploma,2,West,3258,3232.75,593.22,25.78,6.22,38.67,2.59
Oregon,41,2023,9th through 12th grade with no diploma,2,West,3151,3210.88,617.06,25.82,6.27,38.51,2.65
Oregon,41,2024,9th through 12th grade with no diploma,2,West,3177,3205.79,559.31,26.06,6.19,38.63,2.42
Oregon,41,2016,High school graduate or GED completed,3,West,9901,3315.65,570.96,26.47,5.48,38.92,2.41
Oregon,41,2017,High school graduate or GED completed,3,West,9893,3299.22,585.45,26.59,5.39,38.83,2.59
Oregon,41,2018,High school graduate or GED completed,3,West,9483,3305.8,578.06,26.78,5.47,38.83,2.43
Oregon,41,2019,High school graduate or GED completed,3,West,9641,3303.68,579.47,26.81,5.46,38.81,2.43
Oregon,41,2020,High school graduate or GED completed,3,West,9376,3302.35,584.95,26.93,5.42,38.79,2.43
Oregon,41,2021,High school graduate or GED completed,3,West,9487,3287.04,594.45,27.18,5.47,38.73,2.44
Oregon,41,2022,High school graduate or GED completed,3,West,9419,3286.61,585.68,27.12,5.43,38.79,2.5
Oregon,41,2023,High school graduate or GED completed,3,West,9247,3283.57,596.37,27.4,5.54,38.73,2.55
Oregon,41,2024,High school graduate or GED completed,3,West,9698,3286.86,581.0,27.41,5.48,38.73,2.42
Oregon,41,2016,"Some college credit, but not a degree",4,West,11135,3359.05,579.8,28.25,5.15,38.95,2.34
Oregon,41,2017,"Some college credit, but not a degree",4,West,10421,3333.7,596.73,28.44,5.23,38.83,2.44
Oregon,41,2018,"Some college credit, but not a degree",4,West,9847,3355.38,562.54,28.48,5.18,38.93,2.2
Oregon,41,2019,"Some college credit, but not a degree",4,West,9822,3342.13,577.68,28.77,5.23,38.86,2.33
Oregon,41,2020,"Some college credit, but not a degree",4,West,9098,3348.15,584.54,28.95,5.12,38.89,2.32
Oregon,41,2021,"Some college credit, but not a degree",4,West,8920,3328.08,579.73,29.07,5.16,38.8,2.3
Oregon,41,2022,"Some college credit, but not a degree",4,West,8183,3335.35,573.07,29.24,5.17,38.83,2.29
Oregon,41,2023,"Some college credit, but not a degree",4,West,7874,3328.33,576.51,29.44,5.19,38.82,2.33
Oregon,41,2024,"Some college credit, but not a degree",4,West,7744,3327.31,583.79,29.61,5.2,38.79,2.36
Oregon,41,2016,"Associate degree (AA, AS)",5,West,3773,3379.71,591.5,29.88,4.78,38.93,2.33
Oregon,41,2017,"Associate degree (AA, AS)",5,West,3556,3387.4,559.88,30.34,4.89,38.92,2.18
Oregon,41,2018,"Associate degree (AA, AS)",5,West,3548,3364.48,571.5,30.36,4.9,38.95,2.16
Oregon,41,2019,"Associate degree (AA, AS)",5,West,3457,3370.04,552.02,30.43,4.87,38.88,2.21
Oregon,41,2020,"Associate degree (AA, AS)",5,West,3409,3358.75,570.5,30.41,4.8,38.79,2.28
Oregon,41,2021,"Associate degree (AA, AS)",5,West,3527,3349.39,594.59,30.49,4.86,38.77,2.42
Oregon,41,2022,"Associate degree (AA, AS)",5,West,3344,3329.99,574.57,30.69,5.03,38.82,2.27
Oregon,41,2023,"Associate degree (AA, AS)",5,West,3316,3348.63,569.74,30.7,4.89,38.82,2.2
Oregon,41,2024,"Associate degree (AA, AS)",5,West,3218,3342.46,576.87,30.81,5.0,38.8,2.25
Oregon,41,2016,"Bachelor's degree (BA, AB, BS)",6,West,9028,3402.62,559.16,31.73,4.27,39.07,2.05
Oregon,41,2017,"Bachelor's degree (BA, AB, BS)",6,West,8799,3396.08,557.24,31.95,4.31,39.07,2.11
Oregon,41,2018,"Bachelor's degree (BA, AB, BS)",6,West,8685,3390.56,560.45,31.99,4.33,39.03,2.11
Oregon,41,2019,"Bachelor's degree (BA, AB, BS)",6,West,8581,3380.6,557.96,32.05,4.3,39.03,2.16
Oregon,41,2020,"Bachelor's degree (BA, AB, BS)",6,West,8317,3380.31,554.27,32.24,4.27,39.0,2.08
Oregon,41,2021,"Bachelor's degree (BA, AB, BS)",6,West,9135,3387.26,553.63,32.23,4.3,38.99,2.07
Oregon,41,2022,"Bachelor's degree (BA, AB, BS)",6,West,8642,3375.48,552.49,32.34,4.43,38.95,2.07
Oregon,41,2023,"Bachelor's degree (BA, AB, BS)",6,West,8295,3376.18,562.09,32.28,4.39,38.95,2.09
Oregon,41,2024,"Bachelor's degree (BA, AB, BS)",6,West,8527,3382.94,571.23,32.36,4.46,38.97,2.15
Oregon,41,2016,"Master's degree (MA, MS, MEng, MEd, MSW, MBA)",7,West,4139,3383.26,586.86,33.32,3.89,39.01,2.18
Oregon,41,2017,"Master's degree (MA, MS, MEng, MEd, MSW, MBA)",7,West,3922,3390.2,553.42,33.47,3.87,39.02,2.06
Oregon,41,2018,"Master's degree (MA, MS, MEng, MEd, MSW, MBA)",7,West,3883,3376.15,576.62,33.56,3.88,38.98,2.14
Oregon,41,2019,"Master's degree (MA, MS, MEng, MEd, MSW, MBA)",7,West,3879,3374.6,553.71,33.68,3.97,38.98,2.02
Oregon,41,2020,"Master's degree (MA, MS, MEng, MEd, MSW, MBA)",7,West,3711,3362.97,557.94,33.79,3.91,39.02,2.08
Oregon,41,2021,"Master's degree (MA, MS, MEng, MEd, MSW, MBA)",7,West,3930,3370.54,542.92,33.75,3.97,38.89,2.07
Oregon,41,2022,"Master's degree (MA, MS, MEng, MEd, MSW, MBA)",7,West,3803,3361.75,574.41,33.85,3.94,38.9,2.06
Oregon,41,2023,"Master's degree (MA, MS, MEng, MEd, MSW, MBA)",7,West,3684,3348.14,550.26,33.85,4.06,38.9,2.03
Oregon,41,2024,"Master's degree (MA, MS, MEng, MEd, MSW, MBA)",7,West,3701,3349.33,550.58,33.91,4.07,38.84,2.14
Oregon,41,2016,"Doctorate (PhD, EdD) or Professional Degree (MD, DDS, DVM, LLB, JD)",8,West,1397,3372.45,571.56,34.12,3.91,38.98,2.09
Oregon,41,2017,"Doctorate (PhD, EdD) or Professional Degree (MD, DDS, DVM, LLB, JD)",8,West,1367,3334.68,565.11,34.23,3.7,38.94,2.1
Oregon,41,2018,"Doctorate (PhD, EdD) or Professional Degree (MD, DDS, DVM, LLB, JD)",8,West,1390,3337.54,570.59,34.26,3.75,38.89,2.17
Oregon,41,2019,"Doctorate (PhD, EdD) or Professional Degree (MD, DDS, DVM, LLB, JD)",8,West,1373,3289.03,557.36,34.42,3.59,38.88,2.06
Oregon,41,2020,"Doctorate (PhD, EdD) or Professional Degree (MD, DDS, DVM, LLB, JD)",8,West,1353,3341.18,520.14,34.75,3.79,38.94,1.9
Oregon,41,2021,"Doctorate (PhD, EdD) or Professional Degree (MD, DDS, DVM, LLB, JD)",8,West,1425,3315.19,552.68,34.79,3.65,38.81,2.1
Oregon,41,2022,"Doctorate (PhD, EdD) or Professional Degree (MD, DDS, DVM, LLB, JD)",8,West,1457,3303.79,550.46,34.81,3.73,38.78,2.02
Oregon,41,2023,"Doctorate (PhD, EdD) or Professional Degree (MD, DDS, DVM, LLB, JD)",8,West,1345,3342.08,538.05,34.83,3.74,38.84,1.96
Oregon,41,2024,"Doctorate (PhD, EdD) or Professional Degree (MD, DDS, DVM, LLB, JD)",8,West,1386,3306.29,552.43,34.88,3.74,38.86,2.1
Utah,49,2016,8th grade or less,1,West,786,3213.28,585.5,30.91,6.44,38.3,2.82
Utah,49,2017,8th grade or less,1,West,790,3206.61,520.43,31.27,6.53,38.48,2.56
Utah,49,2018,8th grade or less,1,West,632,3188.73,561.48,31.25,6.79,38.44,2.65
Utah,49,2019,8th grade or less,1,West,561,3139.75,573.41,30.9,7.37,38.2,2.81
Utah,49,2020,8th grade or less,1,West,514,3201.79,523.54,30.37,6.93,38.5,2.45
Utah,49,2021,8th grade or less,1,West,486,3198.5,587.57,30.04,7.25,38.24,2.89
Utah,49,2022,8th grade or less,1,West,575,3165.26,604.44,30.19,7.11,38.01,3.07
Utah,49,2023,8th grade or less,1,West,558,3165.17,590.58,29.54,7.11,38.21,2.99
Utah,49,2024,8th grade or less,1,West,581,3185.93,571.14,29.18,6.98,38.18,2.9
Utah,49,2016,9th through 12th grade with no diploma,2,West,3614,3153.45,559.37,25.29,6.29,38.45,2.66
Utah,49,2017,9th through 12th grade with no diploma,2,West,3362,3153.78,551.19,25.27,6.38,38.47,2.63
Utah,49,2018,9th through 12th grade with no diploma,2,West,3074,3142.68,565.22,25.38,6.48,38.36,2.73
Utah,49,2019,9th through 12th grade with no diploma,2,West,2840,3146.54,551.17,25.5,6.35,38.36,2.55
Utah,49,2020,9th through 12th grade with no diploma,2,West,2679,3130.97,544.67,25.37,6.49,38.34,2.57
Utah,49,2021,9th through 12th grade with no diploma,2,West,2517,3127.85,581.63,25.41,6.52,38.3,2.8
Utah,49,2022,9th through 12th grade with no diploma,2,West,2452,3114.64,551.25,25.48,6.36,38.38,2.66
Utah,49,2023,9th through 12th grade with no diploma,2,West,2465,3131.38,553.28,25.49,6.44,38.33,2.54
Utah,49,2024,9th through 12th grade with no diploma,2,West,2549,3106.87,561.53,25.44,6.35,38.28,2.55
Utah,49,2016,High school graduate or GED completed,3,West,9718,3212.2,561.84,26.38,5.34,38.51,2.45
Utah,49,2017,High school graduate or GED completed,3,West,9536,3218.98,560.08,26.44,5.4,38.56,2.42
Utah,49,2018,High school graduate or GED completed,3,West,9322,3203.0,548.44,26.4,5.35,38.51,2.44
Utah,49,2019,High school graduate or GED completed,3,West,9225,3183.68,559.64,26.52,5.36,38.44,2.49
Utah,49,2020,High school graduate or GED completed,3,West,8971,3202.38,554.66,26.68,5.37,38.48,2.41
Utah,49,2021,High school graduate or GED completed,3,West,9393,3193.68,559.27,26.68,5.28,38.4,2.42
Utah,49,2022,High school graduate or GED completed,3,West,9421,3189.02,560.11,26.8,5.29,38.4,2.48
Utah,49,2023,High school graduate or GED completed,3,West,9606,3188.88,553.06,26.86,5.29,38.47,2.39
Utah,49,2024,High school graduate or GED completed,3,West,10030,3192.55,555.54,27.07,5.31,38.44,2.47
Utah,49,2016,"Some college credit, but not a degree",4,West,12560,3272.04,556.43,27.96,5.03,38.57,2.28
Utah,49,2017,"Some college credit, but not a degree",4,West,12280,3258.76,558.95,27.92,5.06,38.56,2.27
Utah,49,2018,"Some college credit, but not a degree",4,West,11451,3266.36,545.82,27.97,5.07,38.59,2.26
Utah,49,2019,"Some college credit, but not a degree",4,West,11243,3244.91,552.39,28.04,5.06,38.52,2.24
Utah,49,2020,"Some college credit, but not a degree",4,West,10839,3245.47,561.41,28.13,5.07,38.49,2.37
Utah,49,2021,"Some college credit, but not a degree",4,West,10740,3248.58,546.44,28.09,4.97,38.5,2.26
Utah,49,2022,"Some college credit, but not a degree",4,West,10401,3230.14,558.37,28.25,5.03,38.44,2.33
Utah,49,2023,"Some college credit, but not a degree",4,West,10007,3236.65,549.77,28.42,5.02,38.46,2.26
Utah,49,2024,"Some college credit, but not a degree",4,West,10185,3243.85,551.35,28.36,5.03,38.47,2.28
Utah,49,2016,"Associate degree (AA, AS)",5,West,5751,3286.92,546.95,29.05,4.84,38.59,2.18
Utah,49,2017,"Associate degree (AA, AS)",5,West,5420,3296.31,560.59,29.0,4.86,38.59,2.23
Utah,49,2018,"Associate degree (AA, AS)",5,West,5188,3300.39,539.0,29.05,4.89,38.61,2.16
Utah,49,2019,"Associate degree (AA, AS)",5,West,4926,3280.46,564.93,29.01,4.91,38.51,2.3
Utah,49,2020,"Associate degree (AA, AS)",5,West,4909,3296.2,536.01,28.98,4.83,38.58,2.12
Utah,49,2021,"Associate degree (AA, AS)",5,West,4775,3270.59,568.81,29.02,4.87,38.49,2.24
Utah,49,2022,"Associate degree (AA, AS)",5,West,4731,3274.37,536.15,29.08,4.84,38.49,2.16
Utah,49,2023,"Associate degree (AA, AS)",5,West,4611,3271.37,554.16,29.09,4.88,38.45,2.26
Utah,49,2024,"Associate degree (AA, AS)",5,West,4687,3269.29,541.94,29.01,4.85,38.53,2.1
Utah,49,2016,"Bachelor's degree (BA, AB, BS)",6,West,13418,3336.66,541.58,30.0,4.48,38.74,2.03
Utah,49,2017,"Bachelor's degree (BA, AB, BS)",6,West,13104,3326.22,553.42,30.01,4.47,38.69,2.13
Utah,49,2018,"Bachelor's degree (BA, AB, BS)",6,West,12978,3330.27,548.79,30.04,4.49,38.69,2.14
Utah,49,2019,"Bachelor's degree (BA, AB, BS)",6,West,13140,3318.0,531.07,30.06,4.49,38.67,1.99
Utah,49,2020,"Bachelor's degree (BA, AB, BS)",6,West,12896,3325.68,532.55,30.08,4.48,38.64,1.99
Utah,49,2021,"Bachelor's degree (BA, AB, BS)",6,West,13666,3310.52,540.0,30.13,4.47,38.57,2.02
Utah,49,2022,"Bachelor's degree (BA, AB, BS)",6,West,13394,3315.14,535.8,30.12,4.47,38.61,2.04
Utah,49,2023,"Bachelor's degree (BA, AB, BS)",6,West,13234,3306.91,537.36,30.22,4.44,38.58,2.03
Utah,49,2024,"Bachelor's degree (BA, AB, BS)",6,West,13731,3303.07,535.97,30.25,4.47,38.56,2.09
Utah,49,2016,"Master's degree (MA, MS, MEng, MEd, MSW, MBA)",7,West,2678,3298.61,572.48,32.49,4.16,38.67,2.21
Utah,49,2017,"Master's degree (MA, MS, MEng, MEd, MSW, MBA)",7,West,2680,3306.26,558.77,32.61,4.24,38.72,2.18
Utah,49,2018,"Master's degree (MA, MS, MEng, MEd, MSW, MBA)",7,West,2656,3320.46,542.73,32.57,4.2,38.72,2.19
Utah,49,2019,"Master's degree (MA, MS, MEng, MEd, MSW, MBA)",7,West,2694,3290.31,554.12,32.57,4.23,38.59,2.11
Utah,49,2020,"Master's degree (MA, MS, MEng, MEd, MSW, MBA)",7,West,2813,3308.48,526.13,32.51,4.39,38.68,2.05
Utah,49,2021,"Master's degree (MA, MS, MEng, MEd, MSW, MBA)",7,West,3215,3296.47,541.99,32.12,4.43,38.59,2.08
Utah,49,2022,"Master's degree (MA, MS, MEng, MEd, MSW, MBA)",7,West,3119,3284.91,541.53,32.24,4.47,38.56,1.97
Utah,49,2023,"Master's degree (MA, MS, MEng, MEd, MSW, MBA)",7,West,3250,3293.67,553.57,32.38,4.4,38.5,2.21
Utah,49,2024,"Master's degree (MA, MS, MEng, MEd, MSW, MBA)",7,West,3530,3282.29,531.9,32.28,4.38,38.55,2.02
Utah,49,2016,"Doctorate (PhD, EdD) or Professional Degree (MD, DDS, DVM, LLB, JD)",8,West,653,3260.12,560.92,33.5,3.83,38.76,2.22
Utah,49,2017,"Doctorate (PhD, EdD) or Professional Degree (MD, DDS, DVM, LLB, JD)",8,West,648,3255.0,577.3,33.4,3.94,38.65,2.32
Utah,49,2018,"Doctorate (PhD, EdD) or Professional Degree (MD, DDS, DVM, LLB, JD)",8,West,616,3246.9,570.89,33.57,3.78,38.47,2.34
Utah,49,2019,"Doctorate (PhD, EdD) or Professional Degree (MD, DDS, DVM, LLB, JD)",8,West,630,3247.05,532.82,33.89,4.13,38.54,2.21
Utah,49,2020,"Doctorate (PhD, EdD) or Professional Degree (MD, DDS, DVM, LLB, JD)",8,West,697,3278.5,521.55,33.72,3.95,38.67,1.95
Utah,49,2021,"Doctorate (PhD, EdD) or Professional Degree (MD, DDS, DVM, LLB, JD)",8,West,737,3249.6,544.37,33.76,3.99,38.56,1.89
Utah,49,2022,"Doctorate (PhD, EdD) or Professional Degree (MD, DDS, DVM, LLB, JD)",8,West,706,3252.42,513.25,33.89,4.14,38.46,1.98
Utah,49,2023,"Doctorate (PhD, EdD) or Professional Degree (MD, DDS, DVM, LLB, JD)",8,West,743,3282.14,521.16,34.0,4.04,38.76,1.95
Utah,49,2024,"Doctorate (PhD, EdD) or Professional Degree (MD, DDS, DVM, LLB, JD)",8,West,752,3247.36,535.82,33.98,4.05,38.57,2.05
Washington,53,2016,8th grade or less,1,West,2369,3324.98,562.21,30.73,6.47,38.67,2.45
Washington,53,2017,8th grade or less,1,West,2142,3330.44,549.46,30.96,6.32,38.68,2.44
Washington,53,2018,8th grade or less,1,West,2010,3297.85,595.29,31.17,6.34,38.54,2.67
Washington,53,2019,8th grade or less,1,West,1810,3281.18,545.39,30.82,6.46,38.49,2.55
Washington,53,2020,8th grade or less,1,West,1671,3290.39,576.25,30.89,6.68,38.45,2.68
Washington,53,2021,8th grade or less,1,West,1588,3290.66,552.73,31.13,6.71,38.38,2.42
Washington,53,2022,8th grade or less,1,West,1707,3284.71,571.47,30.63,6.86,38.44,2.63
Washington,53,2023,8th grade or less,1,West,1678,3253.99,562.36,30.1,7.01,38.37,2.67
Washington,53,2024,8th grade or less,1,West,1740,3267.63,549.2,30.11,6.76,38.27,2.72
Washington,53,2016,9th through 12th grade with no diploma,2,West,8166,3270.23,586.39,25.31,6.31,38.71,2.66
Washington,53,2017,9th through 12th grade with no diploma,2,West,7532,3261.37,585.79,25.63,6.47,38.67,2.65
Washington,53,2018,9th through 12th grade with no diploma,2,West,7075,3267.46,583.67,25.78,6.37,38.71,2.63
Washington,53,2019,9th through 12th grade with no diploma,2,West,6641,3258.15,577.54,25.91,6.54,38.58,2.59
Washington,53,2020,9th through 12th grade with no diploma,2,West,6308,3247.09,577.83,26.0,6.48,38.52,2.63
Washington,53,2021,9th through 12th grade with no diploma,2,West,5705,3251.73,589.89,25.96,6.41,38.44,2.69
Washington,53,2022,9th through 12th grade with no diploma,2,West,5631,3244.97,592.1,26.52,6.54,38.47,2.7
Washington,53,2023,9th through 12th grade with no diploma,2,West,5607,3249.14,578.28,26.35,6.61,38.42,2.62
Washington,53,2024,9th through 12th grade with no diploma,2,West,5656,3229.45,593.37,26.37,6.52,38.35,2.86
Washington,53,2016,High school graduate or GED completed,3,West,19303,3328.86,584.34,26.97,5.52,38.88,2.47
Washington,53,2017,High school graduate or GED completed,3,West,18739,3322.12,586.35,27.03,5.58,38.87,2.49
Washington,53,2018,High school graduate or GED completed,3,West,18640,3316.82,588.64,27.16,5.57,38.84,2.49
Washington,53,2019,High school graduate or GED completed,3,West,18217,3312.32,577.27,27.15,5.57,38.78,2.48
Washington,53,2020,High school graduate or GED completed,3,West,17930,3312.14,589.91,27.47,5.64,38.69,2.53
Washington,53,2021,High school graduate or GED completed,3,West,17267,3309.65,583.23,27.39,5.55,38.66,2.5
Washington,53,2022,High school graduate or GED completed,3,West,17115,3301.52,574.23,27.49,5.62,38.71,2.48
Washington,53,2023,High school graduate or GED completed,3,West,17179,3297.28,578.11,27.57,5.66,38.65,2.54
Washington,53,2024,High school graduate or GED completed,3,West,17785,3294.73,578.85,27.57,5.63,38.58,2.63
Washington,53,2016,"Some college credit, but not a degree",4,West,20437,3361.8,582.61,28.35,5.19,38.95,2.37
Washington,53,2017,"Some college credit, but not a degree",4,West,19479,3351.41,590.2,28.49,5.23,38.87,2.38
Washington,53,2018,"Some college credit, but not a degree",4,West,18566,3341.66,587.0,28.7,5.28,38.87,2.42
Washington,53,2019,"Some college credit, but not a degree",4,West,18294,3342.44,579.28,28.77,5.34,38.83,2.36
Washington,53,2020,"Some college credit, but not a degree",4,West,17369,3340.21,588.95,29.02,5.25,38.74,2.5
Washington,53,2021,"Some college credit, but not a degree",4,West,16960,3327.23,592.16,29.09,5.24,38.64,2.46
Washington,53,2022,"Some college credit, but not a degree",4,West,16164,3318.81,586.26,29.22,5.3,38.72,2.4
Washington,53,2023,"Some college credit, but not a degree",4,West,15033,3328.86,597.12,29.36,5.34,38.66,2.49
Washington,53,2024,"Some college credit, but not a degree",4,West,14660,3327.65,580.64,29.42,5.38,38.68,2.52
Washington,53,2016,"Associate degree (AA, AS)",5,West,9100,3368.57,585.3,29.91,4.88,38.92,2.34
Washington,53,2017,"Associate degree (AA, AS)",5,West,8512,3379.85,575.97,30.06,4.96,38.95,2.29
Washington,53,2018,"Associate degree (AA, AS)",5,West,8481,3376.03,562.82,30.19,4.91,38.95,2.18
Washington,53,2019,"Associate degree (AA, AS)",5,West,8234,3362.98,583.57,30.25,4.96,38.82,2.3
Washington,53,2020,"Associate degree (AA, AS)",5,West,7938,3368.59,583.99,30.25,4.96,38.81,2.38
Washington,53,2021,"Associate degree (AA, AS)",5,West,8012,3362.66,589.9,30.34,4.96,38.76,2.28
Washington,53,2022,"Associate degree (AA, AS)",5,West,8128,3342.05,584.13,30.39,5.11,38.74,2.39
Washington,53,2023,"Associate degree (AA, AS)",5,West,7460,3338.75,592.54,30.38,5.07,38.71,2.5
Washington,53,2024,"Associate degree (AA, AS)",5,West,7631,3352.73,581.99,30.49,5.14,38.74,2.4
Washington,53,2016,"Bachelor's degree (BA, AB, BS)",6,West,19374,3387.05,559.33,31.63,4.29,39.06,2.11
Washington,53,2017,"Bachelor's degree (BA, AB, BS)",6,West,18820,3380.65,558.81,31.76,4.35,39.02,2.1
Washington,53,2018,"Bachelor's degree (BA, AB, BS)",6,West,18824,3380.72,561.42,31.89,4.29,39.01,2.17
Washington,53,2019,"Bachelor's degree (BA, AB, BS)",6,West,18544,3378.2,549.2,31.96,4.31,38.98,2.07
Washington,53,2020,"Bachelor's degree (BA, AB, BS)",6,West,18233,3368.02,555.01,31.98,4.34,38.91,2.16
Washington,53,2021,"Bachelor's degree (BA, AB, BS)",6,West,19063,3368.07,558.16,32.09,4.33,38.86,2.13
Washington,53,2022,"Bachelor's degree (BA, AB, BS)",6,West,18923,3359.92,559.43,32.18,4.43,38.87,2.17
Washington,53,2023,"Bachelor's degree (BA, AB, BS)",6,West,18570,3349.21,560.41,32.17,4.45,38.86,2.16
Washington,53,2024,"Bachelor's degree (BA, AB, BS)",6,West,19272,3350.71,568.1,32.24,4.4,38.83,2.24
Washington,53,2016,"Master's degree (MA, MS, MEng, MEd, MSW, MBA)",7,West,8204,3365.46,563.35,33.06,3.95,39.03,2.12
Washington,53,2017,"Master's degree (MA, MS, MEng, MEd, MSW, MBA)",7,West,8392,3355.2,569.07,33.12,3.84,38.98,2.08
Washington,53,2018,"Master's degree (MA, MS, MEng, MEd, MSW, MBA)",7,West,8434,3349.55,562.44,33.24,3.9,38.98,2.05
Washington,53,2019,"Master's degree (MA, MS, MEng, MEd, MSW, MBA)",7,West,8745,3340.07,553.3,33.33,3.93,38.87,2.12
Washington,53,2020,"Master's degree (MA, MS, MEng, MEd, MSW, MBA)",7,West,9090,3340.03,547.41,33.36,3.88,38.91,2.09
Washington,53,2021,"Master's degree (MA, MS, MEng, MEd, MSW, MBA)",7,West,9692,3321.82,555.42,33.43,3.94,38.79,2.12
Washington,53,2022,"Master's degree (MA, MS, MEng, MEd, MSW, MBA)",7,West,10057,3328.09,555.76,33.49,3.98,38.81,2.09
Washington,53,2023,"Master's degree (MA, MS, MEng, MEd, MSW, MBA)",7,West,10099,3318.59,554.34,33.45,3.94,38.8,2.13
Washington,53,2024,"Master's degree (MA, MS, MEng, MEd, MSW, MBA)",7,West,10483,3303.32,554.51,33.52,3.95,38.8,2.14
Washington,53,2016,"Doctorate (PhD, EdD) or Professional Degree (MD, DDS, DVM, LLB, JD)",8,West,2467,3361.03,551.3,34.22,3.65,39.04,2.01
Washington,53,2017,"Doctorate (PhD, EdD) or Professional Degree (MD, DDS, DVM, LLB, JD)",8,West,2627,3341.06,549.52,34.33,3.63,38.94,2.14
Washington,53,2018,"Doctorate (PhD, EdD) or Professional Degree (MD, DDS, DVM, LLB, JD)",8,West,2540,3321.12,560.63,34.58,3.63,38.89,2.21
Washington,53,2019,"Doctorate (PhD, EdD) or Professional Degree (MD, DDS, DVM, LLB, JD)",8,West,2516,3329.13,554.39,34.57,3.7,38.81,2.14
Washington,53,2020,"Doctorate (PhD, EdD) or Professional Degree (MD, DDS, DVM, LLB, JD)",8,West,2591,3315.47,548.69,34.62,3.72,38.9,2.12
Washington,53,2021,"Doctorate (PhD, EdD) or Professional Degree (MD, DDS, DVM, LLB, JD)",8,West,2721,3304.21,547.7,34.83,3.66,38.76,2.11
Washington,53,2022,"Doctorate (PhD, EdD) or Professional Degree (MD, DDS, DVM, LLB, JD)",8,West,2800,3290.37,563.15,34.76,3.78,38.72,2.12
Washington,53,2023,"Doctorate (PhD, EdD) or Professional Degree (MD, DDS, DVM, LLB, JD)",8,West,2692,3303.61,534.51,34.93,3.79,38.7,2.08
Washington,53,2024,"Doctorate (PhD, EdD) or Professional Degree (MD, DDS, DVM, LLB, JD)",8,West,2797,3294.23,551.21,35.0,3.8,38.66,2.12
Wyoming,56,2016,8th grade or less,1,West,90,3175.72,550.25,28.32,6.91,38.41,2.57
Wyoming,56,2017,8th grade or less,1,West,80,3158.16,525.03,28.31,6.68,38.69,2.7
Wyoming,56,2018,8th grade or less,1,West,80,3136.8,517.97,29.76,7.16,38.61,2.54
Wyoming,56,2019,8th grade or less,1,West,59,3159.98,507.41,29.71,7.48,38.25,1.87
Wyoming,56,2020,8th grade or less,1,West,63,3122.44,585.73,27.98,6.62,38.29,2.69
Wyoming,56,2021,8th grade or less,1,West,69,3094.57,619.37,28.49,6.04,38.54,2.61
Wyoming,56,2022,8th grade or less,1,West,62,3216.11,554.0,28.84,6.52,38.13,2.32
Wyoming,56,2023,8th grade or less,1,West,62,3295.45,511.06,28.52,7.02,39.19,1.65
Wyoming,56,2024,8th grade or less,1,West,99,3185.53,495.59,27.86,6.13,38.9,2.3
Wyoming,56,2016,9th through 12th grade with no diploma,2,West,698,3099.8,577.32,23.56,5.49,38.43,2.97
Wyoming,56,2017,9th through 12th grade with no diploma,2,West,606,3117.35,561.7,24.04,6.06,38.49,2.5
Wyoming,56,2018,9th through 12th grade with no diploma,2,West,555,3109.63,532.35,24.21,5.87,38.42,2.33
Wyoming,56,2019,9th through 12th grade with no diploma,2,West,556,3078.8,581.82,24.19,5.92,38.47,2.76
Wyoming,56,2020,9th through 12th grade with no diploma,2,West,498,3117.76,561.81,23.83,5.57,38.49,2.8
Wyoming,56,2021,9th through 12th grade with no diploma,2,West,487,3091.4,514.28,23.68,5.44,38.42,2.74
Wyoming,56,2022,9th through 12th grade with no diploma,2,West,478,3084.53,562.08,23.96,6.29,38.21,3.01
Wyoming,56,2023,9th through 12th grade with no diploma,2,West,448,3070.77,539.77,24.45,5.92,38.37,2.42
Wyoming,56,2024,9th through 12th grade with no diploma,2,West,453,3082.96,569.13,24.24,5.88,38.35,2.8
Wyoming,56,2016,High school graduate or GED completed,3,West,1767,3153.33,543.75,25.54,5.26,38.59,2.31
Wyoming,56,2017,High school graduate or GED completed,3,West,1673,3140.94,516.65,25.48,5.21,38.57,2.16
Wyoming,56,2018,High school graduate or GED completed,3,West,1592,3123.08,548.97,25.67,5.25,38.5,2.38
Wyoming,56,2019,High school graduate or GED completed,3,West,1637,3107.86,571.68,25.55,5.03,38.36,2.56
Wyoming,56,2020,High school graduate or GED completed,3,West,1542,3114.98,561.17,25.75,5.23,38.37,2.66
Wyoming,56,2021,High school graduate or GED completed,3,West,1483,3124.75,568.83,25.92,5.19,38.27,2.51
Wyoming,56,2022,High school graduate or GED completed,3,West,1492,3087.02,553.25,26.38,5.41,38.34,2.61
Wyoming,56,2023,High school graduate or GED completed,3,West,1489,3128.67,545.06,26.3,5.38,38.46,2.49
Wyoming,56,2024,High school graduate or GED completed,3,West,1566,3152.21,565.39,25.85,5.18,38.52,2.52
Wyoming,56,2016,"Some college credit, but not a degree",4,West,1902,3204.55,564.17,27.13,5.08,38.6,2.28
Wyoming,56,2017,"Some college credit, but not a degree",4,West,1749,3194.83,557.81,27.35,5.04,38.51,2.29
Wyoming,56,2018,"Some college credit, but not a degree",4,West,1706,3175.96,564.21,27.41,5.21,38.54,2.36
Wyoming,56,2019,"Some college credit, but not a degree",4,West,1580,3189.29,549.36,27.22,5.18,38.6,2.24
Wyoming,56,2020,"Some college credit, but not a degree",4,West,1514,3191.7,550.22,27.48,5.25,38.5,2.26
Wyoming,56,2021,"Some college credit, but not a degree",4,West,1491,3177.46,529.7,27.45,5.26,38.43,2.31
Wyoming,56,2022,"Some college credit, but not a degree",4,West,1401,3175.7,552.25,27.47,5.14,38.52,2.35
Wyoming,56,2023,"Some college credit, but not a degree",4,West,1340,3193.47,545.91,27.99,5.24,38.48,2.22
Wyoming,56,2024,"Some college credit, but not a degree",4,West,1336,3155.0,551.46,27.87,5.17,38.41,2.41
Wyoming,56,2016,"Associate degree (AA, AS)",5,West,831,3264.7,544.99,28.81,4.69,38.72,2.12
Wyoming,56,2017,"Associate degree (AA, AS)",5,West,848,3202.17,527.95,29.0,4.62,38.54,2.08
Wyoming,56,2018,"Associate degree (AA, AS)",5,West,766,3203.26,537.06,29.06,4.61,38.52,2.16
Wyoming,56,2019,"Associate degree (AA, AS)",5,West,814,3177.47,549.28,29.32,4.7,38.41,2.23
Wyoming,56,2020,"Associate degree (AA, AS)",5,West,710,3173.06,522.44,29.34,5.11,38.53,2.22
Wyoming,56,2021,"Associate degree (AA, AS)",5,West,760,3199.51,540.42,29.15,4.67,38.4,2.15
Wyoming,56,2022,"Associate degree (AA, AS)",5,West,698,3202.09,530.85,29.23,4.84,38.52,2.14
Wyoming,56,2023,"Associate degree (AA, AS)",5,West,785,3172.23,550.05,29.22,4.74,38.59,2.27
Wyoming,56,2024,"Associate degree (AA, AS)",5,West,693,3175.06,578.4,29.23,5.03,38.34,2.54
Wyoming,56,2016,"Bachelor's degree (BA, AB, BS)",6,West,1380,3265.87,541.31,30.53,4.17,38.72,2.06
Wyoming,56,2017,"Bachelor's degree (BA, AB, BS)",6,West,1296,3262.58,544.52,30.54,4.16,38.77,1.96
Wyoming,56,2018,"Bachelor's degree (BA, AB, BS)",6,West,1175,3246.63,510.02,30.69,4.26,38.76,1.88
Wyoming,56,2019,"Bachelor's degree (BA, AB, BS)",6,West,1211,3209.35,555.46,30.91,4.45,38.6,2.13
Wyoming,56,2020,"Bachelor's degree (BA, AB, BS)",6,West,1189,3238.98,552.08,30.78,4.28,38.7,2.23
Wyoming,56,2021,"Bachelor's degree (BA, AB, BS)",6,West,1258,3239.29,533.35,31.01,4.43,38.54,2.09
Wyoming,56,2022,"Bachelor's degree (BA, AB, BS)",6,West,1209,3241.48,556.67,30.74,4.38,38.62,2.17
Wyoming,56,2023,"Bachelor's degree (BA, AB, BS)",6,West,1167,3246.54,533.3,30.82,4.65,38.67,1.96
Wyoming,56,2024,"Bachelor's degree (BA, AB, BS)",6,West,1211,3212.3,530.97,30.9,4.61,38.47,2.13
Wyoming,56,2016,"Master's degree (MA, MS, MEng, MEd, MSW, MBA)",7,West,499,3257.96,545.11,32.37,3.96,38.66,2.01
Wyoming,56,2017,"Master's degree (MA, MS, MEng, MEd, MSW, MBA)",7,West,490,3243.07,509.09,32.3,3.89,38.78,1.94
Wyoming,56,2018,"Master's degree (MA, MS, MEng, MEd, MSW, MBA)",7,West,467,3194.63,555.94,32.78,3.98,38.46,2.11
Wyoming,56,2019,"Master's degree (MA, MS, MEng, MEd, MSW, MBA)",7,West,503,3201.52,544.87,32.91,3.78,38.63,2.01
Wyoming,56,2020,"Master's degree (MA, MS, MEng, MEd, MSW, MBA)",7,West,445,3144.79,586.6,32.53,3.96,38.44,2.3
Wyoming,56,2021,"Master's degree (MA, MS, MEng, MEd, MSW, MBA)",7,West,471,3206.94,510.32,32.76,4.02,38.43,2.0
Wyoming,56,2022,"Master's degree (MA, MS, MEng, MEd, MSW, MBA)",7,West,472,3214.74,536.07,32.68,4.05,38.36,2.22
Wyoming,56,2023,"Master's degree (MA, MS, MEng, MEd, MSW, MBA)",7,West,409,3214.66,498.18,32.84,4.09,38.57,1.74
Wyoming,56,2024,"Master's degree (MA, MS, MEng, MEd, MSW, MBA)",7,West,473,3238.18,552.62,32.71,4.11,38.56,1.97
Wyoming,56,2016,"Doctorate (PhD, EdD) or Professional Degree (MD, DDS, DVM, LLB, JD)",8,West,139,3282.24,530.8,33.14,4.11,38.73,1.83
Wyoming,56,2017,"Doctorate (PhD, EdD) or Professional Degree (MD, DDS, DVM, LLB, JD)",8,West,111,3286.1,498.26,33.08,3.7,38.66,1.7
Wyoming,56,2018,"Doctorate (PhD, EdD) or Professional Degree (MD, DDS, DVM, LLB, JD)",8,West,133,3142.4,503.32,33.65,4.5,38.27,1.92
Wyoming,56,2019,"Doctorate (PhD, EdD) or Professional Degree (MD, DDS, DVM, LLB, JD)",8,West,146,3154.98,549.03,33.21,3.71,38.19,2.12
Wyoming,56,2020,"Doctorate (PhD, EdD) or Professional Degree (MD, DDS, DVM, LLB, JD)",8,West,109,3173.68,533.54,33.46,3.74,38.66,1.9
Wyoming,56,2021,"Doctorate (PhD, EdD) or Professional Degree (MD, DDS, DVM, LLB, JD)",8,West,137,3168.65,544.62,33.46,3.81,38.34,1.96
Wyoming,56,2022,"Doctorate (PhD, EdD) or Professional Degree (MD, DDS, DVM, LLB, JD)",8,West,145,3188.1,495.07,33.3,3.56,38.48,1.55
Wyoming,56,2023,"Doctorate (PhD, EdD) or Professional Degree (MD, DDS, DVM, LLB, JD)",8,West,160,3134.72,551.72,33.52,4.3,38.39,2.49
Wyoming,56,2024,"Doctorate (PhD, EdD) or Professional Degree (MD, DDS, DVM, LLB, JD)",8,West,140,3263.73,487.95,33.69,3.95,38.51,1.6
