region,state,state_code,mother_race,year,births,avg_birth_weight_grams,sd_birth_weight_grams,avg_mother_age,sd_mother_age,avg_gestational_age_weeks,sd_gestational_age_weeks
Northeast,Connecticut,09,American Indian or Alaska Native,2016,142,3222.97,556.94,28.04,6.45,38.45,2.62
Northeast,Connecticut,09,American Indian or Alaska Native,2017,165,3307.58,566.73,28.44,6.18,38.87,2.05
Northeast,Connecticut,09,American Indian or Alaska Native,2018,210,3358.84,498.53,28.67,6.33,38.83,2.18
Northeast,Connecticut,09,American Indian or Alaska Native,2019,264,3279.11,559.10,28.98,6.18,38.68,2.54
Northeast,Connecticut,09,American Indian or Alaska Native,2020,269,3241.62,511.47,28.86,6.37,38.60,2.32
Northeast,Connecticut,09,American Indian or Alaska Native,2021,283,3314.06,625.61,28.69,6.45,38.61,2.55
Northeast,Connecticut,09,American Indian or Alaska Native,2022,310,3294.00,559.85,29.32,6.13,38.87,2.39
Northeast,Connecticut,09,American Indian or Alaska Native,2023,296,3254.55,546.73,28.97,6.37,38.41,2.63
Northeast,Connecticut,09,American Indian or Alaska Native,2024,249,3304.08,550.69,28.88,6.10,38.55,2.40
Northeast,Connecticut,09,Asian,2016,2758,3171.81,564.75,31.37,4.73,38.71,2.52
Northeast,Connecticut,09,Asian,2017,2648,3174.11,540.32,31.55,4.89,38.77,2.33
Northeast,Connecticut,09,Asian,2018,2280,3176.78,549.36,31.86,4.73,38.69,2.26
Northeast,Connecticut,09,Asian,2019,2248,3172.82,528.13,31.88,4.61,38.78,2.18
Northeast,Connecticut,09,Asian,2020,2030,3180.57,547.63,32.10,4.63,38.82,2.27
Northeast,Connecticut,09,Asian,2021,1981,3155.16,534.92,32.69,4.47,38.65,2.22
Northeast,Connecticut,09,Asian,2022,1925,3160.51,535.27,32.69,4.61,38.68,2.29
Northeast,Connecticut,09,Asian,2023,1915,3176.39,536.49,32.80,4.70,38.72,2.15
Northeast,Connecticut,09,Asian,2024,1980,3159.00,569.81,32.92,4.55,38.59,2.44
Northeast,Connecticut,09,Black or African American,2016,5355,3144.87,651.00,28.87,6.07,38.33,2.97
Northeast,Connecticut,09,Black or African American,2017,5236,3133.87,659.15,29.00,6.08,38.33,2.98
Northeast,Connecticut,09,Black or African American,2018,5291,3131.10,649.44,29.24,5.95,38.29,2.97
Northeast,Connecticut,09,Black or African American,2019,5209,3140.35,635.58,29.33,6.03,38.35,2.88
Northeast,Connecticut,09,Black or African American,2020,5065,3147.48,647.98,29.37,6.06,38.34,2.92
Northeast,Connecticut,09,Black or African American,2021,5581,3118.27,645.41,29.68,5.97,38.31,2.84
Northeast,Connecticut,09,Black or African American,2022,5619,3124.11,643.12,30.01,5.93,38.30,2.85
Northeast,Connecticut,09,Black or African American,2023,5344,3116.56,645.58,30.18,6.04,38.18,2.90
Northeast,Connecticut,09,Black or African American,2024,5221,3119.03,638.25,30.42,6.14,38.17,2.78
Northeast,Connecticut,09,Native Hawaiian or Other Pacific Islander,2016,22,3392.77,424.78,28.41,5.45,39.00,1.57
Northeast,Connecticut,09,Native Hawaiian or Other Pacific Islander,2017,19,3211.00,778.93,26.53,5.04,38.37,3.63
Northeast,Connecticut,09,Native Hawaiian or Other Pacific Islander,2018,16,3192.75,559.12,29.81,7.63,39.27,1.06
Northeast,Connecticut,09,Native Hawaiian or Other Pacific Islander,2019,18,3296.06,648.75,30.39,6.29,37.83,2.09
Northeast,Connecticut,09,Native Hawaiian or Other Pacific Islander,2020,14,3143.00,409.44,28.79,7.14,39.43,1.92
Northeast,Connecticut,09,Native Hawaiian or Other Pacific Islander,2021,24,3099.04,766.75,28.96,6.91,38.67,3.65
Northeast,Connecticut,09,Native Hawaiian or Other Pacific Islander,2022,29,3233.03,534.97,28.31,6.12,38.66,2.83
Northeast,Connecticut,09,Native Hawaiian or Other Pacific Islander,2023,31,3260.06,420.91,28.87,6.94,38.97,1.84
Northeast,Connecticut,09,Native Hawaiian or Other Pacific Islander,2024,19,3130.26,504.02,29.21,6.23,38.21,2.50
Northeast,Connecticut,09,White,2016,26897,3329.08,581.17,30.49,5.52,38.81,2.37
Northeast,Connecticut,09,White,2017,26292,3321.40,582.45,30.61,5.46,38.84,2.35
Northeast,Connecticut,09,White,2018,26017,3337.11,571.67,30.71,5.45,38.84,2.33
Northeast,Connecticut,09,White,2019,25639,3322.43,574.84,30.87,5.42,38.80,2.34
Northeast,Connecticut,09,White,2020,25210,3324.04,573.62,30.96,5.46,38.80,2.31
Northeast,Connecticut,09,White,2021,26879,3316.27,577.20,31.18,5.30,38.72,2.33
Northeast,Connecticut,09,White,2022,26398,3315.95,571.19,31.34,5.32,38.74,2.30
Northeast,Connecticut,09,White,2023,25784,3314.47,561.71,31.36,5.35,38.75,2.29
Northeast,Connecticut,09,White,2024,26087,3313.94,568.50,31.46,5.36,38.70,2.31
Northeast,Connecticut,09,More than one race,2016,841,3263.24,575.77,28.31,6.23,38.71,2.34
Northeast,Connecticut,09,More than one race,2017,861,3229.02,606.34,28.13,5.93,38.61,2.71
Northeast,Connecticut,09,More than one race,2018,911,3253.37,585.37,28.70,6.05,38.69,2.50
Northeast,Connecticut,09,More than one race,2019,880,3219.60,594.68,28.27,6.03,38.69,2.42
Northeast,Connecticut,09,More than one race,2020,872,3235.88,628.95,28.35,6.00,38.65,2.68
Northeast,Connecticut,09,More than one race,2021,922,3269.51,591.07,29.17,5.76,38.72,2.23
Northeast,Connecticut,09,More than one race,2022,1051,3241.50,580.20,29.56,5.76,38.67,2.49
Northeast,Connecticut,09,More than one race,2023,1189,3228.12,589.43,29.29,5.82,38.57,2.48
Northeast,Connecticut,09,More than one race,2024,1043,3206.51,573.55,29.49,5.94,38.65,2.30
Northeast,Maine,23,American Indian or Alaska Native,2016,97,3339.68,664.75,26.78,5.58,38.64,2.39
Northeast,Maine,23,American Indian or Alaska Native,2017,88,3448.70,563.46,26.72,5.89,39.12,1.88
Northeast,Maine,23,American Indian or Alaska Native,2018,96,3329.58,662.31,27.00,5.54,38.71,2.98
Northeast,Maine,23,American Indian or Alaska Native,2019,96,3317.97,538.01,27.53,5.49,38.70,2.28
Northeast,Maine,23,American Indian or Alaska Native,2020,86,3410.73,621.28,28.64,6.01,38.90,1.92
Northeast,Maine,23,American Indian or Alaska Native,2021,79,3220.19,708.11,28.72,6.15,38.13,3.52
Northeast,Maine,23,American Indian or Alaska Native,2022,83,3232.55,666.82,30.04,6.37,38.23,2.69
Northeast,Maine,23,American Indian or Alaska Native,2023,72,3404.29,538.31,28.96,6.05,38.76,1.83
Northeast,Maine,23,American Indian or Alaska Native,2024,85,3247.80,583.67,28.15,5.66,38.16,2.11
Northeast,Maine,23,Asian,2016,195,3226.34,509.13,30.68,5.16,38.69,2.10
Northeast,Maine,23,Asian,2017,221,3256.11,598.25,31.73,4.68,38.51,2.51
Northeast,Maine,23,Asian,2018,202,3210.50,539.20,31.82,5.06,38.61,2.33
Northeast,Maine,23,Asian,2019,218,3206.17,522.32,32.12,4.79,38.50,2.08
Northeast,Maine,23,Asian,2020,197,3251.31,500.53,31.77,4.60,38.82,1.69
Northeast,Maine,23,Asian,2021,211,3174.19,531.19,31.91,5.60,38.52,2.27
Northeast,Maine,23,Asian,2022,167,3212.86,510.55,32.21,5.46,38.47,2.32
Northeast,Maine,23,Asian,2023,204,3200.74,556.08,32.11,4.80,38.64,2.41
Northeast,Maine,23,Asian,2024,202,3156.79,592.65,32.46,4.30,38.27,2.32
Northeast,Maine,23,Black or African American,2016,419,3227.97,611.08,30.17,5.89,38.77,2.75
Northeast,Maine,23,Black or African American,2017,547,3235.62,590.52,30.32,5.77,38.77,2.41
Northeast,Maine,23,Black or African American,2018,553,3241.06,605.33,30.34,5.74,38.49,2.52
Northeast,Maine,23,Black or African American,2019,552,3272.07,597.13,30.41,5.98,38.63,2.86
Northeast,Maine,23,Black or African American,2020,525,3292.59,631.61,30.70,5.76,38.43,2.67
Northeast,Maine,23,Black or African American,2021,564,3255.54,603.78,30.96,5.85,38.55,2.46
Northeast,Maine,23,Black or African American,2022,705,3191.42,697.80,31.15,5.70,38.19,3.06
Northeast,Maine,23,Black or African American,2023,811,3249.85,629.67,30.88,5.80,38.33,2.71
Northeast,Maine,23,Black or African American,2024,831,3194.44,683.39,31.14,5.68,38.23,2.97
Northeast,Maine,23,Native Hawaiian or Other Pacific Islander,2016,,,,,,,
Northeast,Maine,23,Native Hawaiian or Other Pacific Islander,2017,,,,,,,
Northeast,Maine,23,Native Hawaiian or Other Pacific Islander,2018,,,,,,,
Northeast,Maine,23,Native Hawaiian or Other Pacific Islander,2019,,,,,,,
Northeast,Maine,23,Native Hawaiian or Other Pacific Islander,2020,,,,,,,
Northeast,Maine,23,Native Hawaiian or Other Pacific Islander,2021,,,,,,,
Northeast,Maine,23,Native Hawaiian or Other Pacific Islander,2022,,,,,,,
Northeast,Maine,23,Native Hawaiian or Other Pacific Islander,2023,,,,,,,
Northeast,Maine,23,Native Hawaiian or Other Pacific Islander,2024,,,,,,,
Northeast,Maine,23,White,2016,11705,3370.29,594.53,28.66,5.51,38.95,2.33
Northeast,Maine,23,White,2017,11177,3347.33,594.62,28.83,5.49,38.87,2.32
Northeast,Maine,23,White,2018,11237,3347.05,587.57,29.05,5.44,38.85,2.32
Northeast,Maine,23,White,2019,10643,3343.99,586.22,29.35,5.44,38.77,2.35
Northeast,Maine,23,White,2020,10467,3336.79,589.30,29.47,5.50,38.72,2.32
Northeast,Maine,23,White,2021,10877,3332.86,583.96,29.71,5.37,38.69,2.31
Northeast,Maine,23,White,2022,10936,3318.71,592.29,29.81,5.45,38.67,2.29
Northeast,Maine,23,White,2023,10310,3309.76,582.26,29.95,5.44,38.66,2.26
Northeast,Maine,23,White,2024,10255,3321.83,571.07,30.02,5.50,38.67,2.20
Northeast,Maine,23,More than one race,2016,286,3330.67,623.56,26.84,5.66,38.75,2.52
Northeast,Maine,23,More than one race,2017,261,3327.41,542.33,27.02,6.22,38.74,2.11
Northeast,Maine,23,More than one race,2018,220,3262.50,610.00,27.11,5.42,38.49,3.06
Northeast,Maine,23,More than one race,2019,263,3185.24,653.64,27.56,5.59,38.32,2.77
Northeast,Maine,23,More than one race,2020,259,3258.31,557.11,27.37,5.80,38.69,2.21
Northeast,Maine,23,More than one race,2021,267,3284.38,618.84,28.00,5.88,38.58,2.52
Northeast,Maine,23,More than one race,2022,196,3315.72,550.71,29.25,5.82,38.86,2.04
Northeast,Maine,23,More than one race,2023,223,3249.58,600.57,28.56,5.93,38.56,2.27
Northeast,Maine,23,More than one race,2024,220,3311.45,605.66,28.80,6.14,38.60,1.98
Northeast,Massachusetts,25,American Indian or Alaska Native,2016,93,3375.32,568.13,28.81,6.68,38.86,2.16
Northeast,Massachusetts,25,American Indian or Alaska Native,2017,77,3340.23,482.17,28.26,6.34,38.88,1.86
Northeast,Massachusetts,25,American Indian or Alaska Native,2018,68,3165.32,563.66,29.32,5.64,38.76,2.35
Northeast,Massachusetts,25,American Indian or Alaska Native,2019,106,3199.15,618.03,30.62,6.01,38.19,2.34
Northeast,Massachusetts,25,American Indian or Alaska Native,2020,84,3087.88,713.59,30.79,5.78,38.43,3.33
Northeast,Massachusetts,25,American Indian or Alaska Native,2021,84,3356.04,702.81,29.46,5.36,38.71,2.77
Northeast,Massachusetts,25,American Indian or Alaska Native,2022,79,3197.88,605.24,29.44,6.34,38.81,2.38
Northeast,Massachusetts,25,American Indian or Alaska Native,2023,90,3203.94,707.07,30.14,5.87,38.28,2.96
Northeast,Massachusetts,25,American Indian or Alaska Native,2024,78,3236.45,613.48,30.94,6.09,38.75,1.97
Northeast,Massachusetts,25,Asian,2016,6685,3200.09,529.07,31.69,4.77,38.85,2.16
Northeast,Massachusetts,25,Asian,2017,6398,3185.77,531.44,31.80,4.69,38.80,2.16
Northeast,Massachusetts,25,Asian,2018,6324,3177.10,510.54,32.03,4.55,38.78,2.10
Northeast,Massachusetts,25,Asian,2019,6398,3163.96,526.73,32.18,4.52,38.81,2.25
Northeast,Massachusetts,25,Asian,2020,5969,3167.11,536.49,32.54,4.55,38.74,2.20
Northeast,Massachusetts,25,Asian,2021,5592,3174.16,523.07,32.69,4.42,38.80,2.18
Northeast,Massachusetts,25,Asian,2022,5805,3163.78,528.06,33.04,4.57,38.77,2.21
Northeast,Massachusetts,25,Asian,2023,5446,3164.92,526.92,33.08,4.48,38.71,2.15
Northeast,Massachusetts,25,Asian,2024,5797,3160.58,523.72,33.21,4.45,38.69,2.17
Northeast,Massachusetts,25,Black or African American,2016,9078,3199.95,640.10,29.74,6.08,38.54,2.80
Northeast,Massachusetts,25,Black or African American,2017,9479,3194.10,627.31,29.93,5.97,38.54,2.70
Northeast,Massachusetts,25,Black or African American,2018,9457,3189.33,635.08,30.08,6.02,38.47,2.78
Northeast,Massachusetts,25,Black or African American,2019,9473,3180.57,627.85,30.23,6.03,38.45,2.73
Northeast,Massachusetts,25,Black or African American,2020,9596,3201.41,609.51,30.23,6.02,38.48,2.72
Northeast,Massachusetts,25,Black or African American,2021,9734,3178.53,621.17,30.28,6.02,38.37,2.63
Northeast,Massachusetts,25,Black or African American,2022,10222,3176.92,619.46,30.50,5.93,38.49,2.67
Northeast,Massachusetts,25,Black or African American,2023,10509,3183.59,607.59,30.76,5.93,38.34,2.65
Northeast,Massachusetts,25,Black or African American,2024,11375,3182.88,609.96,30.86,5.95,38.38,2.68
Northeast,Massachusetts,25,Native Hawaiian or Other Pacific Islander,2016,43,3328.16,597.43,28.95,6.45,39.21,2.77
Northeast,Massachusetts,25,Native Hawaiian or Other Pacific Islander,2017,37,3371.76,614.17,31.22,5.41,38.92,2.20
Northeast,Massachusetts,25,Native Hawaiian or Other Pacific Islander,2018,30,3204.37,478.52,30.47,5.25,39.37,1.89
Northeast,Massachusetts,25,Native Hawaiian or Other Pacific Islander,2019,30,3390.33,444.19,29.53,5.52,39.00,2.03
Northeast,Massachusetts,25,Native Hawaiian or Other Pacific Islander,2020,34,3367.47,637.23,29.56,6.45,39.00,2.53
Northeast,Massachusetts,25,Native Hawaiian or Other Pacific Islander,2021,26,2987.19,626.76,30.15,5.76,38.42,3.21
Northeast,Massachusetts,25,Native Hawaiian or Other Pacific Islander,2022,40,3054.43,607.11,27.38,5.92,37.64,3.29
Northeast,Massachusetts,25,Native Hawaiian or Other Pacific Islander,2023,44,3285.48,494.89,31.09,5.09,38.73,1.83
Northeast,Massachusetts,25,Native Hawaiian or Other Pacific Islander,2024,36,3039.78,479.70,30.44,6.74,38.31,2.17
Northeast,Massachusetts,25,White,2016,53762,3340.91,584.02,30.71,5.47,38.94,2.33
Northeast,Massachusetts,25,White,2017,52941,3337.14,576.45,30.83,5.40,38.92,2.31
Northeast,Massachusetts,25,White,2018,51390,3332.95,578.30,31.03,5.38,38.88,2.32
Northeast,Massachusetts,25,White,2019,51221,3324.42,572.18,31.17,5.35,38.86,2.29
Northeast,Massachusetts,25,White,2020,48986,3329.28,563.38,31.32,5.33,38.85,2.23
Northeast,Massachusetts,25,White,2021,51797,3322.68,569.59,31.52,5.22,38.76,2.24
Northeast,Massachusetts,25,White,2022,50459,3313.07,564.31,31.59,5.30,38.80,2.26
Northeast,Massachusetts,25,White,2023,49247,3309.58,563.17,31.56,5.29,38.74,2.26
Northeast,Massachusetts,25,White,2024,48981,3310.60,557.45,31.70,5.29,38.77,2.21
Northeast,Massachusetts,25,More than one race,2016,1656,3293.69,578.36,29.33,6.09,38.93,2.13
Northeast,Massachusetts,25,More than one race,2017,1770,3274.56,571.18,29.59,5.97,38.85,2.30
Northeast,Massachusetts,25,More than one race,2018,1840,3287.73,565.96,29.80,5.79,38.89,2.28
Northeast,Massachusetts,25,More than one race,2019,1889,3272.84,572.27,30.04,6.00,38.85,2.32
Northeast,Massachusetts,25,More than one race,2020,1759,3254.59,557.82,30.28,5.65,38.79,2.35
Northeast,Massachusetts,25,More than one race,2021,1904,3274.34,559.79,30.41,5.68,38.82,2.09
Northeast,Massachusetts,25,More than one race,2022,1979,3256.57,565.27,30.52,5.85,38.79,2.44
Northeast,Massachusetts,25,More than one race,2023,1757,3261.40,566.54,30.64,5.99,38.77,2.37
Northeast,Massachusetts,25,More than one race,2024,1917,3260.86,542.01,30.57,5.83,38.75,2.28
Northeast,New Hampshire,33,American Indian or Alaska Native,2016,11,3565.55,649.69,26.27,4.16,39.82,1.47
Northeast,New Hampshire,33,American Indian or Alaska Native,2017,21,3227.38,584.78,27.95,4.99,38.14,2.64
Northeast,New Hampshire,33,American Indian or Alaska Native,2018,13,3277.85,645.52,22.69,4.87,38.46,2.95
Northeast,New Hampshire,33,American Indian or Alaska Native,2019,15,3476.40,361.04,27.13,5.76,40.00,1.79
Northeast,New Hampshire,33,American Indian or Alaska Native,2020,15,3193.27,538.25,28.00,6.25,39.27,2.26
Northeast,New Hampshire,33,American Indian or Alaska Native,2021,13,3537.92,606.73,30.77,5.77,39.23,2.42
Northeast,New Hampshire,33,American Indian or Alaska Native,2022,10,3021.10,387.35,29.70,6.00,37.70,2.72
Northeast,New Hampshire,33,American Indian or Alaska Native,2023,18,3221.94,413.70,29.28,6.92,38.44,1.83
Northeast,New Hampshire,33,American Indian or Alaska Native,2024,16,3609.62,496.12,31.25,6.08,39.25,1.03
Northeast,New Hampshire,33,Asian,2016,513,3183.96,579.48,31.10,4.47,38.72,2.31
Northeast,New Hampshire,33,Asian,2017,496,3205.57,518.51,30.98,4.86,39.02,2.17
Northeast,New Hampshire,33,Asian,2018,482,3203.89,559.65,31.37,4.98,38.83,2.23
Northeast,New Hampshire,33,Asian,2019,526,3198.85,542.59,31.78,4.56,38.66,2.28
Northeast,New Hampshire,33,Asian,2020,441,3181.89,510.88,31.48,4.77,38.94,2.13
Northeast,New Hampshire,33,Asian,2021,441,3208.39,550.02,32.12,4.78,38.85,2.21
Northeast,New Hampshire,33,Asian,2022,450,3129.26,593.46,32.70,4.35,38.55,2.57
Northeast,New Hampshire,33,Asian,2023,420,3185.13,553.89,32.70,4.45,38.70,2.06
Northeast,New Hampshire,33,Asian,2024,461,3246.89,539.52,32.93,4.82,38.88,1.89
Northeast,New Hampshire,33,Black or African American,2016,307,3246.18,641.09,29.50,5.59,38.64,3.01
Northeast,New Hampshire,33,Black or African American,2017,296,3246.47,615.57,29.09,6.15,38.56,2.73
Northeast,New Hampshire,33,Black or African American,2018,328,3234.64,689.43,30.04,6.17,38.48,2.92
Northeast,New Hampshire,33,Black or African American,2019,326,3199.76,592.66,29.60,5.68,38.55,2.50
Northeast,New Hampshire,33,Black or African American,2020,309,3220.25,694.96,29.65,5.85,38.17,3.44
Northeast,New Hampshire,33,Black or African American,2021,372,3191.85,684.52,29.90,5.85,38.36,3.02
Northeast,New Hampshire,33,Black or African American,2022,353,3234.98,624.41,29.93,5.93,38.56,2.58
Northeast,New Hampshire,33,Black or African American,2023,382,3175.45,607.65,30.34,5.99,38.60,2.63
Northeast,New Hampshire,33,Black or African American,2024,339,3234.90,620.72,30.87,5.97,38.44,2.80
Northeast,New Hampshire,33,Native Hawaiian or Other Pacific Islander,2016,,,,,,,
Northeast,New Hampshire,33,Native Hawaiian or Other Pacific Islander,2017,,,,,,,
Northeast,New Hampshire,33,Native Hawaiian or Other Pacific Islander,2018,10,3316.40,463.13,30.30,5.92,38.90,1.81
Northeast,New Hampshire,33,Native Hawaiian or Other Pacific Islander,2019,10,3461.50,426.01,27.40,6.51,38.60,2.11
Northeast,New Hampshire,33,Native Hawaiian or Other Pacific Islander,2020,22,3054.73,556.97,27.50,4.76,37.59,1.92
Northeast,New Hampshire,33,Native Hawaiian or Other Pacific Islander,2021,11,3312.45,375.27,29.09,5.40,39.55,1.23
Northeast,New Hampshire,33,Native Hawaiian or Other Pacific Islander,2022,11,3197.45,499.66,29.82,6.83,39.36,2.27
Northeast,New Hampshire,33,Native Hawaiian or Other Pacific Islander,2023,13,3311.00,440.37,27.77,3.07,38.38,2.73
Northeast,New Hampshire,33,Native Hawaiian or Other Pacific Islander,2024,,,,,,,
Northeast,New Hampshire,33,White,2016,11288,3373.26,579.91,29.50,5.38,39.05,2.30
Northeast,New Hampshire,33,White,2017,11154,3350.66,587.01,29.59,5.29,38.99,2.27
Northeast,New Hampshire,33,White,2018,10997,3362.93,585.03,29.82,5.31,38.95,2.31
Northeast,New Hampshire,33,White,2019,10805,3366.15,557.94,29.97,5.24,38.97,2.20
Northeast,New Hampshire,33,White,2020,10846,3355.00,576.90,30.13,5.19,38.93,2.30
Northeast,New Hampshire,33,White,2021,11652,3354.90,576.09,30.47,5.12,38.90,2.23
Northeast,New Hampshire,33,White,2022,11082,3355.73,569.08,30.70,5.09,38.89,2.21
Northeast,New Hampshire,33,White,2023,10949,3351.18,567.99,30.79,5.06,38.84,2.24
Northeast,New Hampshire,33,White,2024,10784,3360.34,570.61,30.93,5.05,38.82,2.20
Northeast,New Hampshire,33,More than one race,2016,143,3433.54,585.28,28.14,5.85,39.20,2.19
Northeast,New Hampshire,33,More than one race,2017,143,3328.99,536.65,28.41,5.82,38.85,1.77
Northeast,New Hampshire,33,More than one race,2018,165,3181.15,629.13,28.59,6.10,38.55,2.55
Northeast,New Hampshire,33,More than one race,2019,157,3274.69,570.59,28.56,6.05,38.82,2.27
Northeast,New Hampshire,33,More than one race,2020,158,3300.77,589.06,29.55,6.11,38.92,2.47
Northeast,New Hampshire,33,More than one race,2021,136,3323.20,605.27,28.64,5.90,38.85,2.34
Northeast,New Hampshire,33,More than one race,2022,171,3294.33,493.73,29.38,5.58,39.07,2.02
Northeast,New Hampshire,33,More than one race,2023,154,3341.16,556.63,29.81,5.89,38.53,2.21
Northeast,New Hampshire,33,More than one race,2024,161,3247.52,507.52,29.75,5.32,38.67,2.36
Northeast,New Jersey,34,American Indian or Alaska Native,2016,155,3339.55,564.16,29.62,5.84,39.08,2.57
Northeast,New Jersey,34,American Indian or Alaska Native,2017,152,3182.54,709.71,30.52,6.16,38.12,2.90
Northeast,New Jersey,34,American Indian or Alaska Native,2018,200,3280.05,573.49,29.67,6.17,38.62,2.32
Northeast,New Jersey,34,American Indian or Alaska Native,2019,241,3160.01,583.97,29.62,6.15,38.56,2.77
Northeast,New Jersey,34,American Indian or Alaska Native,2020,265,3208.32,566.57,29.03,5.96,38.44,2.32
Northeast,New Jersey,34,American Indian or Alaska Native,2021,298,3269.34,515.59,28.97,6.33,38.51,2.51
Northeast,New Jersey,34,American Indian or Alaska Native,2022,207,3213.68,684.79,29.42,6.39,38.34,2.87
Northeast,New Jersey,34,American Indian or Alaska Native,2023,259,3196.80,613.71,28.91,6.17,38.42,2.85
Northeast,New Jersey,34,American Indian or Alaska Native,2024,300,3211.28,611.47,28.93,6.03,38.59,2.45
Northeast,New Jersey,34,Asian,2016,13342,3151.15,540.48,31.67,4.67,38.65,2.26
Northeast,New Jersey,34,Asian,2017,13144,3151.02,539.85,31.81,4.76,38.64,2.31
Northeast,New Jersey,34,Asian,2018,11887,3140.33,537.27,32.33,4.41,38.60,2.22
Northeast,New Jersey,34,Asian,2019,11507,3150.66,522.49,32.37,4.39,38.65,2.17
Northeast,New Jersey,34,Asian,2020,10962,3143.61,517.66,32.69,4.47,38.67,2.15
Northeast,New Jersey,34,Asian,2021,10764,3145.03,528.53,32.97,4.35,38.59,2.15
Northeast,New Jersey,34,Asian,2022,10991,3127.01,523.49,33.10,4.44,38.55,2.18
Northeast,New Jersey,34,Asian,2023,10411,3117.44,534.54,33.32,4.40,38.55,2.22
Northeast,New Jersey,34,Asian,2024,10979,3120.05,524.58,33.29,4.33,38.57,2.22
Northeast,New Jersey,34,Black or African American,2016,17255,3126.59,645.52,28.63,6.18,38.25,2.99
Northeast,New Jersey,34,Black or African American,2017,17153,3132.44,638.64,28.88,6.19,38.27,3.00
Northeast,New Jersey,34,Black or African American,2018,16951,3125.95,641.12,29.05,6.21,38.23,2.92
Northeast,New Jersey,34,Black or African American,2019,16634,3124.99,646.68,29.18,6.15,38.18,2.93
Northeast,New Jersey,34,Black or African American,2020,16603,3128.84,633.60,29.43,6.18,38.23,2.86
Northeast,New Jersey,34,Black or African American,2021,16975,3139.75,627.84,29.66,6.13,38.26,2.78
Northeast,New Jersey,34,Black or African American,2022,17333,3127.94,630.49,29.93,6.09,38.23,2.84
Northeast,New Jersey,34,Black or African American,2023,16665,3126.28,626.43,30.19,6.16,38.25,2.82
Northeast,New Jersey,34,Black or African American,2024,16131,3125.33,623.55,30.19,6.19,38.27,2.78
Northeast,New Jersey,34,Native Hawaiian or Other Pacific Islander,2016,159,3311.58,560.45,29.42,6.30,38.62,2.68
Northeast,New Jersey,34,Native Hawaiian or Other Pacific Islander,2017,102,3352.43,507.67,28.01,6.53,38.86,2.00
Northeast,New Jersey,34,Native Hawaiian or Other Pacific Islander,2018,183,3244.96,569.51,28.52,6.14,38.52,2.46
Northeast,New Jersey,34,Native Hawaiian or Other Pacific Islander,2019,182,3243.49,504.13,29.08,6.28,38.34,2.75
Northeast,New Jersey,34,Native Hawaiian or Other Pacific Islander,2020,166,3304.33,536.25,29.14,6.19,38.57,2.14
Northeast,New Jersey,34,Native Hawaiian or Other Pacific Islander,2021,358,3279.97,567.58,29.51,6.27,38.46,2.16
Northeast,New Jersey,34,Native Hawaiian or Other Pacific Islander,2022,328,3251.03,601.25,28.64,6.18,38.57,2.35
Northeast,New Jersey,34,Native Hawaiian or Other Pacific Islander,2023,281,3223.73,561.40,29.00,6.36,38.57,2.45
Northeast,New Jersey,34,Native Hawaiian or Other Pacific Islander,2024,356,3248.37,573.30,29.11,6.52,38.54,2.55
Northeast,New Jersey,34,White,2016,70504,3312.76,568.70,30.54,5.58,38.78,2.39
Northeast,New Jersey,34,White,2017,69260,3311.66,563.27,30.66,5.55,38.77,2.38
Northeast,New Jersey,34,White,2018,70632,3311.54,561.73,30.75,5.58,38.77,2.34
Northeast,New Jersey,34,White,2019,69638,3308.12,556.99,30.83,5.55,38.73,2.33
Northeast,New Jersey,34,White,2020,68471,3312.95,553.06,30.97,5.54,38.77,2.31
Northeast,New Jersey,34,White,2021,71616,3314.05,555.74,31.14,5.45,38.71,2.30
Northeast,New Jersey,34,White,2022,72506,3301.13,551.35,31.17,5.51,38.72,2.29
Northeast,New Jersey,34,White,2023,71811,3305.26,548.47,31.18,5.50,38.71,2.27
Northeast,New Jersey,34,White,2024,71956,3302.96,551.59,31.22,5.53,38.72,2.33
Northeast,New Jersey,34,More than one race,2016,1232,3240.95,615.52,28.09,6.30,38.66,2.71
Northeast,New Jersey,34,More than one race,2017,1439,3214.44,577.08,28.42,6.06,38.59,2.50
Northeast,New Jersey,34,More than one race,2018,1370,3226.78,622.78,28.80,6.20,38.45,2.70
Northeast,New Jersey,34,More than one race,2019,1383,3199.45,600.17,28.73,6.03,38.54,2.69
Northeast,New Jersey,34,More than one race,2020,1487,3220.27,579.14,29.10,5.98,38.54,2.51
Northeast,New Jersey,34,More than one race,2021,1486,3229.35,582.18,29.30,6.00,38.69,2.30
Northeast,New Jersey,34,More than one race,2022,1528,3227.31,580.99,29.44,5.86,38.59,2.64
Northeast,New Jersey,34,More than one race,2023,1574,3202.69,600.59,29.87,5.77,38.42,2.67
Northeast,New Jersey,34,More than one race,2024,1650,3211.74,586.62,30.15,5.95,38.56,2.48
Northeast,New York,36,American Indian or Alaska Native,2016,588,3335.29,658.93,27.71,6.06,38.85,2.79
Northeast,New York,36,American Indian or Alaska Native,2017,550,3286.85,696.62,28.23,6.27,38.49,3.09
Northeast,New York,36,American Indian or Alaska Native,2018,718,3317.15,639.62,28.37,6.19,38.68,2.68
Northeast,New York,36,American Indian or Alaska Native,2019,756,3275.47,630.29,28.74,5.90,38.57,2.54
Northeast,New York,36,American Indian or Alaska Native,2020,766,3324.41,612.46,28.81,6.00,38.75,2.47
Northeast,New York,36,American Indian or Alaska Native,2021,769,3259.30,615.57,28.96,6.15,38.46,2.61
Northeast,New York,36,American Indian or Alaska Native,2022,802,3260.37,609.52,29.12,6.18,38.57,2.57
Northeast,New York,36,American Indian or Alaska Native,2023,750,3240.40,582.54,29.03,6.24,38.54,2.42
Northeast,New York,36,American Indian or Alaska Native,2024,841,3244.29,595.76,28.90,6.04,38.40,2.56
Northeast,New York,36,Asian,2016,29651,3175.49,533.42,30.84,5.27,38.75,2.14
Northeast,New York,36,Asian,2017,28284,3170.26,535.22,31.05,5.31,38.69,2.16
Northeast,New York,36,Asian,2018,24993,3156.95,523.59,31.49,5.11,38.71,2.11
Northeast,New York,36,Asian,2019,24883,3148.83,528.85,31.55,5.09,38.60,2.20
Northeast,New York,36,Asian,2020,21731,3148.15,526.22,31.81,5.10,38.61,2.17
Northeast,New York,36,Asian,2021,21260,3135.10,535.60,32.11,5.06,38.48,2.19
Northeast,New York,36,Asian,2022,21451,3118.08,535.24,32.32,5.12,38.49,2.20
Northeast,New York,36,Asian,2023,20777,3120.64,531.57,32.35,5.09,38.48,2.15
Northeast,New York,36,Asian,2024,21599,3115.49,534.37,32.47,5.05,38.48,2.22
Northeast,New York,36,Black or African American,2016,43757,3141.72,630.16,29.07,6.22,38.41,2.73
Northeast,New York,36,Black or African American,2017,42812,3129.59,641.91,29.29,6.22,38.34,2.81
Northeast,New York,36,Black or African American,2018,41495,3125.62,640.06,29.43,6.20,38.31,2.84
Northeast,New York,36,Black or African American,2019,41197,3121.46,640.25,29.45,6.23,38.24,2.86
Northeast,New York,36,Black or African American,2020,40168,3115.15,636.07,29.57,6.21,38.23,2.83
Northeast,New York,36,Black or African American,2021,40813,3109.17,638.48,29.80,6.17,38.16,2.83
Northeast,New York,36,Black or African American,2022,40479,3106.81,625.15,30.03,6.21,38.22,2.77
Northeast,New York,36,Black or African American,2023,38217,3103.36,623.25,30.10,6.23,38.20,2.78
Northeast,New York,36,Black or African American,2024,37709,3101.51,621.47,30.24,6.22,38.21,2.72
Northeast,New York,36,Native Hawaiian or Other Pacific Islander,2016,109,3272.73,561.64,28.42,6.11,38.83,1.74
Northeast,New York,36,Native Hawaiian or Other Pacific Islander,2017,115,3155.75,650.76,27.48,6.21,38.25,3.20
Northeast,New York,36,Native Hawaiian or Other Pacific Islander,2018,138,3237.72,622.42,29.11,5.95,38.72,2.48
Northeast,New York,36,Native Hawaiian or Other Pacific Islander,2019,153,3153.92,570.83,27.66,6.23,38.25,2.51
Northeast,New York,36,Native Hawaiian or Other Pacific Islander,2020,125,3116.47,606.43,29.22,6.30,38.30,2.47
Northeast,New York,36,Native Hawaiian or Other Pacific Islander,2021,160,3144.79,604.50,29.48,5.72,38.29,2.96
Northeast,New York,36,Native Hawaiian or Other Pacific Islander,2022,192,3174.59,560.39,29.46,6.27,38.50,2.17
Northeast,New York,36,Native Hawaiian or Other Pacific Islander,2023,154,3252.26,482.75,28.23,5.79,38.72,1.93
Northeast,New York,36,Native Hawaiian or Other Pacific Islander,2024,178,3201.25,513.05,28.54,5.77,38.69,2.42
Northeast,New York,36,White,2016,155451,3319.28,569.55,30.05,5.80,38.91,2.28
Northeast,New York,36,White,2017,153329,3314.47,568.43,30.21,5.80,38.87,2.28
Northeast,New York,36,White,2018,154234,3315.38,565.94,30.34,5.79,38.86,2.27
Northeast,New York,36,White,2019,149440,3310.41,561.74,30.46,5.78,38.82,2.28
Northeast,New York,36,White,2020,141567,3309.18,562.64,30.55,5.74,38.80,2.26
Northeast,New York,36,White,2021,143279,3301.55,562.20,30.73,5.70,38.73,2.27
Northeast,New York,36,White,2022,140628,3291.26,558.63,30.77,5.78,38.76,2.28
Northeast,New York,36,White,2023,139558,3287.70,556.90,30.75,5.79,38.73,2.28
Northeast,New York,36,White,2024,140846,3290.48,557.07,30.78,5.80,38.74,2.27
Northeast,New York,36,More than one race,2016,4727,3224.33,607.67,28.59,6.19,38.65,2.64
Northeast,New York,36,More than one race,2017,4647,3230.00,601.32,28.83,6.28,38.66,2.53
Northeast,New York,36,More than one race,2018,4660,3223.17,615.97,29.12,6.27,38.64,2.60
Northeast,New York,36,More than one race,2019,5110,3216.86,597.97,29.07,6.35,38.58,2.59
Northeast,New York,36,More than one race,2020,4981,3219.28,597.96,29.16,6.28,38.55,2.57
Northeast,New York,36,More than one race,2021,4461,3213.65,596.08,29.38,6.24,38.57,2.50
Northeast,New York,36,More than one race,2022,4222,3204.69,597.26,29.50,6.28,38.55,2.47
Northeast,New York,36,More than one race,2023,4156,3206.33,607.76,29.56,6.27,38.45,2.59
Northeast,New York,36,More than one race,2024,4316,3211.21,579.40,29.90,6.18,38.56,2.43
Northeast,Pennsylvania,42,American Indian or Alaska Native,2016,208,3221.34,620.82,27.48,6.38,38.54,2.57
Northeast,Pennsylvania,42,American Indian or Alaska Native,2017,212,3195.26,627.16,28.01,6.39,38.36,3.03
Northeast,Pennsylvania,42,American Indian or Alaska Native,2018,322,3237.89,557.33,27.73,6.04,38.55,2.20
Northeast,Pennsylvania,42,American Indian or Alaska Native,2019,326,3211.21,605.46,27.22,5.73,38.64,2.71
Northeast,Pennsylvania,42,American Indian or Alaska Native,2020,358,3202.35,550.69,27.81,6.17,38.54,2.32
Northeast,Pennsylvania,42,American Indian or Alaska Native,2021,376,3203.13,645.32,27.97,6.15,38.53,2.99
Northeast,Pennsylvania,42,American Indian or Alaska Native,2022,501,3184.45,579.05,28.25,6.01,38.70,2.54
Northeast,Pennsylvania,42,American Indian or Alaska Native,2023,543,3190.03,606.29,28.06,6.03,38.42,2.93
Northeast,Pennsylvania,42,American Indian or Alaska Native,2024,567,3220.83,642.74,27.75,6.26,38.57,2.62
Northeast,Pennsylvania,42,Asian,2016,7151,3177.02,546.27,30.67,4.98,38.73,2.34
Northeast,Pennsylvania,42,Asian,2017,7092,3171.78,557.03,30.96,4.98,38.67,2.34
Northeast,Pennsylvania,42,Asian,2018,6644,3174.34,549.92,31.25,4.90,38.72,2.29
Northeast,Pennsylvania,42,Asian,2019,6619,3165.11,547.54,31.36,4.75,38.70,2.34
Northeast,Pennsylvania,42,Asian,2020,6462,3160.50,545.19,31.70,4.75,38.64,2.32
Northeast,Pennsylvania,42,Asian,2021,6393,3159.89,554.09,31.90,4.70,38.63,2.34
Northeast,Pennsylvania,42,Asian,2022,6623,3161.63,561.54,32.08,4.87,38.63,2.42
Northeast,Pennsylvania,42,Asian,2023,6502,3157.54,544.14,32.04,4.89,38.63,2.26
Northeast,Pennsylvania,42,Asian,2024,6791,3153.52,548.41,32.21,4.89,38.60,2.27
Northeast,Pennsylvania,42,Black or African American,2016,21571,3091.73,651.66,27.14,5.84,38.24,3.03
Northeast,Pennsylvania,42,Black or African American,2017,21805,3087.10,661.69,27.44,5.88,38.20,3.10
Northeast,Pennsylvania,42,Black or African American,2018,21865,3098.44,649.88,27.60,5.93,38.22,3.04
Northeast,Pennsylvania,42,Black or African American,2019,22040,3084.44,647.73,27.84,5.90,38.16,3.04
Northeast,Pennsylvania,42,Black or African American,2020,21463,3075.95,640.04,28.05,6.00,38.13,2.95
Northeast,Pennsylvania,42,Black or African American,2021,21159,3078.54,634.25,28.27,6.03,38.18,2.91
Northeast,Pennsylvania,42,Black or African American,2022,21603,3078.64,642.89,28.49,6.05,38.19,2.96
Northeast,Pennsylvania,42,Black or African American,2023,20581,3078.74,625.93,28.70,6.17,38.22,2.91
Northeast,Pennsylvania,42,Black or African American,2024,20259,3070.95,640.66,28.88,6.22,38.15,2.99
Northeast,Pennsylvania,42,Native Hawaiian or Other Pacific Islander,2016,158,3224.13,569.94,26.91,5.34,38.61,2.50
Northeast,Pennsylvania,42,Native Hawaiian or Other Pacific Islander,2017,176,3201.27,548.22,27.07,6.18,38.50,2.55
Northeast,Pennsylvania,42,Native Hawaiian or Other Pacific Islander,2018,296,3229.13,511.11,27.01,6.20,38.72,2.39
Northeast,Pennsylvania,42,Native Hawaiian or Other Pacific Islander,2019,261,3148.70,654.57,26.72,6.31,38.29,3.05
Northeast,Pennsylvania,42,Native Hawaiian or Other Pacific Islander,2020,268,3242.57,495.61,26.41,6.09,38.87,2.48
Northeast,Pennsylvania,42,Native Hawaiian or Other Pacific Islander,2021,318,3173.12,610.91,27.13,5.86,38.39,2.49
Northeast,Pennsylvania,42,Native Hawaiian or Other Pacific Islander,2022,296,3189.44,593.95,27.80,6.22,38.40,2.66
Northeast,Pennsylvania,42,Native Hawaiian or Other Pacific Islander,2023,291,3156.32,602.96,28.27,6.03,38.52,2.77
Northeast,Pennsylvania,42,Native Hawaiian or Other Pacific Islander,2024,222,3260.59,541.54,27.72,6.08,38.83,2.12
Northeast,Pennsylvania,42,White,2016,106685,3331.04,584.46,29.19,5.48,38.86,2.37
Northeast,Pennsylvania,42,White,2017,104695,3327.12,587.40,29.33,5.48,38.84,2.39
Northeast,Pennsylvania,42,White,2018,102857,3329.11,584.37,29.48,5.45,38.82,2.38
Northeast,Pennsylvania,42,White,2019,101211,3317.51,580.38,29.60,5.46,38.76,2.36
Northeast,Pennsylvania,42,White,2020,98269,3321.86,575.12,29.77,5.45,38.77,2.35
Northeast,Pennsylvania,42,White,2021,100851,3316.63,576.68,29.97,5.42,38.72,2.31
Northeast,Pennsylvania,42,White,2022,98243,3307.41,573.80,30.05,5.42,38.72,2.32
Northeast,Pennsylvania,42,White,2023,95851,3309.25,573.00,30.13,5.45,38.71,2.32
Northeast,Pennsylvania,42,White,2024,96225,3315.29,569.37,30.19,5.45,38.73,2.30
Northeast,Pennsylvania,42,More than one race,2016,3636,3195.76,621.22,26.52,5.89,38.55,2.77
Northeast,Pennsylvania,42,More than one race,2017,3765,3198.97,627.24,26.37,5.82,38.61,2.80
Northeast,Pennsylvania,42,More than one race,2018,3689,3198.26,609.38,26.84,5.95,38.59,2.65
Northeast,Pennsylvania,42,More than one race,2019,3773,3187.46,613.54,26.93,6.02,38.52,2.70
Northeast,Pennsylvania,42,More than one race,2020,3873,3189.76,589.17,27.10,5.97,38.54,2.67
Northeast,Pennsylvania,42,More than one race,2021,3525,3180.51,611.52,27.27,6.00,38.48,2.67
Northeast,Pennsylvania,42,More than one race,2022,2986,3181.66,621.51,27.69,5.99,38.47,2.63
Northeast,Pennsylvania,42,More than one race,2023,3183,3178.36,614.67,27.62,6.04,38.50,2.66
Northeast,Pennsylvania,42,More than one race,2024,3235,3164.35,602.32,27.78,5.90,38.50,2.60
Northeast,Rhode Island,44,American Indian or Alaska Native,2016,96,3193.86,682.02,26.95,6.04,38.44,2.92
Northeast,Rhode Island,44,American Indian or Alaska Native,2017,94,3070.56,637.19,26.99,5.80,38.01,3.77
Northeast,Rhode Island,44,American Indian or Alaska Native,2018,95,3199.02,652.61,27.13,5.90,38.37,3.82
Northeast,Rhode Island,44,American Indian or Alaska Native,2019,113,3264.12,566.84,27.93,5.44,38.98,2.67
Northeast,Rhode Island,44,American Indian or Alaska Native,2020,109,3290.28,528.60,27.89,6.17,38.83,2.13
Northeast,Rhode Island,44,American Indian or Alaska Native,2021,100,3095.64,645.33,29.13,6.58,38.39,2.98
Northeast,Rhode Island,44,American Indian or Alaska Native,2022,108,3152.35,622.57,27.90,6.49,38.26,2.90
Northeast,Rhode Island,44,American Indian or Alaska Native,2023,141,3202.48,550.63,27.69,5.95,38.67,2.40
Northeast,Rhode Island,44,American Indian or Alaska Native,2024,106,3127.22,590.11,27.95,5.72,38.58,2.00
Northeast,Rhode Island,44,Asian,2016,688,3178.44,568.48,30.11,5.31,38.79,2.36
Northeast,Rhode Island,44,Asian,2017,660,3210.48,526.82,30.39,5.32,38.88,2.31
Northeast,Rhode Island,44,Asian,2018,572,3174.32,571.42,31.07,4.94,38.70,2.69
Northeast,Rhode Island,44,Asian,2019,565,3185.30,523.90,31.00,5.16,38.75,2.16
Northeast,Rhode Island,44,Asian,2020,517,3188.12,555.04,31.50,5.06,38.60,2.54
Northeast,Rhode Island,44,Asian,2021,501,3160.65,557.85,31.68,5.36,38.53,2.38
Northeast,Rhode Island,44,Asian,2022,479,3154.54,539.51,31.69,5.09,38.71,2.56
Northeast,Rhode Island,44,Asian,2023,431,3191.22,542.63,32.00,5.41,38.55,2.34
Northeast,Rhode Island,44,Asian,2024,474,3171.19,585.49,31.76,5.15,38.61,2.60
Northeast,Rhode Island,44,Black or African American,2016,1195,3167.96,629.33,28.36,6.00,38.48,3.01
Northeast,Rhode Island,44,Black or African American,2017,1165,3166.58,676.01,28.56,5.93,38.35,3.29
Northeast,Rhode Island,44,Black or African American,2018,1356,3187.37,629.44,28.70,6.09,38.50,2.81
Northeast,Rhode Island,44,Black or African American,2019,1386,3154.85,638.84,28.89,5.96,38.30,2.97
Northeast,Rhode Island,44,Black or African American,2020,1412,3199.93,581.45,28.80,6.06,38.57,2.51
Northeast,Rhode Island,44,Black or African American,2021,1568,3207.89,598.62,29.06,6.07,38.49,2.79
Northeast,Rhode Island,44,Black or African American,2022,1550,3197.10,610.13,29.36,6.08,38.48,2.72
Northeast,Rhode Island,44,Black or African American,2023,1481,3179.31,640.05,29.75,6.03,38.40,2.71
Northeast,Rhode Island,44,Black or African American,2024,1335,3186.54,655.65,29.74,6.13,38.39,2.83
Northeast,Rhode Island,44,Native Hawaiian or Other Pacific Islander,2016,10,3205.90,196.12,31.00,5.57,38.60,2.73
Northeast,Rhode Island,44,Native Hawaiian or Other Pacific Islander,2017,18,3238.94,590.22,27.00,5.78,39.39,2.36
Northeast,Rhode Island,44,Native Hawaiian or Other Pacific Islander,2018,40,3240.22,665.21,27.82,5.27,38.88,2.46
Northeast,Rhode Island,44,Native Hawaiian or Other Pacific Islander,2019,47,3253.94,423.98,28.53,5.85,38.57,2.24
Northeast,Rhode Island,44,Native Hawaiian or Other Pacific Islander,2020,11,3431.00,548.68,30.00,5.56,38.73,1.60
Northeast,Rhode Island,44,Native Hawaiian or Other Pacific Islander,2021,19,3030.32,949.26,28.79,5.93,37.11,5.28
Northeast,Rhode Island,44,Native Hawaiian or Other Pacific Islander,2022,44,3194.36,376.20,26.91,5.71,38.66,1.94
Northeast,Rhode Island,44,Native Hawaiian or Other Pacific Islander,2023,59,3200.24,685.48,28.80,5.21,38.76,3.26
Northeast,Rhode Island,44,Native Hawaiian or Other Pacific Islander,2024,34,3124.09,670.15,28.21,5.86,38.68,2.74
Northeast,Rhode Island,44,White,2016,8466,3310.91,589.22,29.52,5.65,38.83,2.41
Northeast,Rhode Island,44,White,2017,8364,3326.72,583.26,29.71,5.63,38.90,2.44
Northeast,Rhode Island,44,White,2018,8066,3327.71,577.32,29.95,5.58,38.90,2.41
Northeast,Rhode Island,44,White,2019,7727,3309.05,575.84,30.02,5.60,38.82,2.34
Northeast,Rhode Island,44,White,2020,7684,3315.45,578.94,30.24,5.49,38.82,2.30
Northeast,Rhode Island,44,White,2021,7918,3317.45,578.80,30.56,5.36,38.80,2.30
Northeast,Rhode Island,44,White,2022,7746,3312.44,588.99,30.71,5.42,38.84,2.42
Northeast,Rhode Island,44,White,2023,7348,3312.99,573.26,30.77,5.40,38.76,2.34
Northeast,Rhode Island,44,White,2024,7691,3310.35,576.64,30.98,5.41,38.80,2.30
Northeast,Rhode Island,44,More than one race,2016,343,3190.03,610.33,27.09,5.67,38.51,2.75
Northeast,Rhode Island,44,More than one race,2017,337,3236.65,631.45,27.26,5.90,38.63,2.67
Northeast,Rhode Island,44,More than one race,2018,377,3248.29,603.97,27.41,5.81,38.65,2.35
Northeast,Rhode Island,44,More than one race,2019,337,3188.41,631.50,27.88,6.11,38.38,2.75
Northeast,Rhode Island,44,More than one race,2020,368,3230.46,633.25,27.63,5.45,38.54,2.58
Northeast,Rhode Island,44,More than one race,2021,358,3249.50,559.51,27.94,5.38,38.84,2.62
Northeast,Rhode Island,44,More than one race,2022,342,3248.16,606.88,28.13,5.66,38.61,2.72
Northeast,Rhode Island,44,More than one race,2023,345,3237.50,580.03,28.38,5.67,38.63,2.25
Northeast,Rhode Island,44,More than one race,2024,369,3213.91,612.13,29.07,5.96,38.86,2.82
Northeast,Vermont,50,American Indian or Alaska Native,2016,13,3322.15,729.34,27.62,5.05,38.08,1.90
Northeast,Vermont,50,American Indian or Alaska Native,2017,17,3400.29,465.70,29.71,3.94,38.47,2.68
Northeast,Vermont,50,American Indian or Alaska Native,2018,14,3368.29,558.43,27.43,5.95,38.71,1.91
Northeast,Vermont,50,American Indian or Alaska Native,2019,11,3012.73,509.06,26.09,5.09,37.36,2.23
Northeast,Vermont,50,American Indian or Alaska Native,2020,17,3152.41,565.50,27.71,5.64,39.12,2.37
Northeast,Vermont,50,American Indian or Alaska Native,2021,14,3298.57,608.43,28.64,5.83,38.21,3.51
Northeast,Vermont,50,American Indian or Alaska Native,2022,14,3013.36,552.21,31.14,4.56,38.79,2.34
Northeast,Vermont,50,American Indian or Alaska Native,2023,17,3320.47,424.81,28.24,5.06,39.53,2.12
Northeast,Vermont,50,American Indian or Alaska Native,2024,20,3167.90,843.77,27.75,5.70,38.05,3.65
Northeast,Vermont,50,Asian,2016,171,3221.52,514.38,30.26,5.07,38.94,2.47
Northeast,Vermont,50,Asian,2017,169,3217.51,599.32,30.80,5.23,38.76,3.01
Northeast,Vermont,50,Asian,2018,156,3229.26,526.20,31.02,4.70,39.08,2.25
Northeast,Vermont,50,Asian,2019,126,3334.48,473.29,31.93,4.74,38.97,2.00
Northeast,Vermont,50,Asian,2020,141,3221.71,488.31,31.91,5.08,38.98,1.75
Northeast,Vermont,50,Asian,2021,124,3295.25,544.68,31.90,4.94,39.06,2.06
Northeast,Vermont,50,Asian,2022,149,3221.28,494.02,31.91,5.19,38.64,2.53
Northeast,Vermont,50,Asian,2023,147,3330.57,558.66,32.50,4.49,39.01,1.90
Northeast,Vermont,50,Asian,2024,111,3186.46,598.25,32.46,5.18,38.97,2.64
Northeast,Vermont,50,Black or African American,2016,93,3278.30,694.32,28.18,6.46,38.88,2.84
Northeast,Vermont,50,Black or African American,2017,127,3261.06,679.10,30.00,6.28,38.70,3.07
Northeast,Vermont,50,Black or African American,2018,126,3221.31,578.71,29.92,6.31,38.64,2.87
Northeast,Vermont,50,Black or African American,2019,143,3230.76,622.81,28.95,5.68,38.52,2.36
Northeast,Vermont,50,Black or African American,2020,127,3337.04,548.98,29.50,5.71,39.01,2.52
Northeast,Vermont,50,Black or African American,2021,152,3240.62,709.65,30.41,5.67,38.31,3.07
Northeast,Vermont,50,Black or African American,2022,126,3240.50,615.54,30.94,5.80,38.72,2.46
Northeast,Vermont,50,Black or African American,2023,133,3303.88,558.89,29.84,5.25,38.76,2.23
Northeast,Vermont,50,Black or African American,2024,155,3199.13,617.57,29.71,6.26,38.29,2.61
Northeast,Vermont,50,Native Hawaiian or Other Pacific Islander,2016,,,,,,,
Northeast,Vermont,50,Native Hawaiian or Other Pacific Islander,2017,,,,,,,
Northeast,Vermont,50,Native Hawaiian or Other Pacific Islander,2018,,,,,,,
Northeast,Vermont,50,Native Hawaiian or Other Pacific Islander,2019,,,,,,,
Northeast,Vermont,50,Native Hawaiian or Other Pacific Islander,2020,,,,,,,
Northeast,Vermont,50,Native Hawaiian or Other Pacific Islander,2021,,,,,,,
Northeast,Vermont,50,Native Hawaiian or Other Pacific Islander,2022,0,0.00,0.00,0.00,0.00,0.00,0.00
Northeast,Vermont,50,Native Hawaiian or Other Pacific Islander,2023,,,,,,,
Northeast,Vermont,50,Native Hawaiian or Other Pacific Islander,2024,,,,,,,
Northeast,Vermont,50,White,2016,5404,3362.69,601.01,29.37,5.62,39.07,2.40
Northeast,Vermont,50,White,2017,5274,3360.75,590.91,29.48,5.56,39.09,2.33
Northeast,Vermont,50,White,2018,5072,3352.78,591.14,29.66,5.52,39.01,2.37
Northeast,Vermont,50,White,2019,5000,3344.70,583.24,29.90,5.53,38.96,2.33
Northeast,Vermont,50,White,2020,4772,3337.39,575.08,30.14,5.65,38.89,2.23
Northeast,Vermont,50,White,2021,5016,3361.70,580.99,30.43,5.46,38.89,2.23
Northeast,Vermont,50,White,2022,4924,3335.02,593.87,30.60,5.57,38.80,2.34
Northeast,Vermont,50,White,2023,4665,3334.79,570.11,30.71,5.46,38.89,2.22
Northeast,Vermont,50,White,2024,4642,3349.79,576.81,30.62,5.57,38.92,2.27
Northeast,Vermont,50,More than one race,2016,73,3289.33,561.22,28.19,5.75,39.07,2.45
Northeast,Vermont,50,More than one race,2017,65,3283.55,532.55,28.80,4.98,39.14,1.92
Northeast,Vermont,50,More than one race,2018,63,3150.44,569.37,28.46,6.36,38.56,3.13
Northeast,Vermont,50,More than one race,2019,80,3401.94,526.37,29.80,6.28,38.95,1.76
Northeast,Vermont,50,More than one race,2020,75,3295.95,530.07,30.21,5.11,38.96,2.04
Northeast,Vermont,50,More than one race,2021,77,3326.17,501.00,30.34,6.13,39.08,2.09
Northeast,Vermont,50,More than one race,2022,103,3219.54,717.89,29.40,6.05,38.38,2.89
Northeast,Vermont,50,More than one race,2023,98,3332.85,586.77,29.89,5.96,38.73,2.27
Northeast,Vermont,50,More than one race,2024,92,3141.61,596.15,29.18,6.02,38.39,2.55
Midwest,Illinois,17,American Indian or Alaska Native,2016,150,3350.37,584.56,28.50,5.66,38.81,2.33
Midwest,Illinois,17,American Indian or Alaska Native,2017,145,3284.03,696.96,28.19,6.32,38.38,2.67
Midwest,Illinois,17,American Indian or Alaska Native,2018,150,3303.12,616.34,28.83,5.69,38.82,2.51
Midwest,Illinois,17,American Indian or Alaska Native,2019,121,3254.50,656.70,28.84,5.76,38.17,3.23
Midwest,Illinois,17,American Indian or Alaska Native,2020,157,3210.06,574.44,28.50,6.50,38.16,2.49
Midwest,Illinois,17,American Indian or Alaska Native,2021,158,3285.84,512.35,29.68,6.13,38.75,2.09
Midwest,Illinois,17,American Indian or Alaska Native,2022,179,3243.08,597.44,29.41,6.24,38.43,3.03
Midwest,Illinois,17,American Indian or Alaska Native,2023,193,3301.42,644.95,29.80,5.69,38.59,2.69
Midwest,Illinois,17,American Indian or Alaska Native,2024,197,3266.39,553.53,29.64,5.90,38.79,2.61
Midwest,Illinois,17,Asian,2016,10403,3162.24,538.05,31.40,4.74,38.61,2.27
Midwest,Illinois,17,Asian,2017,9980,3158.14,550.40,31.68,4.71,38.62,2.29
Midwest,Illinois,17,Asian,2018,9628,3154.40,553.72,31.80,4.64,38.55,2.25
Midwest,Illinois,17,Asian,2019,9333,3155.35,543.74,32.02,4.60,38.52,2.22
Midwest,Illinois,17,Asian,2020,8670,3153.72,529.14,32.14,4.58,38.58,2.18
Midwest,Illinois,17,Asian,2021,8510,3133.73,546.87,32.42,4.50,38.48,2.30
Midwest,Illinois,17,Asian,2022,8446,3137.51,537.30,32.56,4.64,38.49,2.29
Midwest,Illinois,17,Asian,2023,8624,3139.80,546.20,32.44,4.66,38.49,2.30
Midwest,Illinois,17,Asian,2024,9090,3140.93,550.18,32.46,4.71,38.54,2.26
Midwest,Illinois,17,Black or African American,2016,27008,3057.03,651.74,26.84,6.03,38.06,3.17
Midwest,Illinois,17,Black or African American,2017,26874,3058.44,645.32,27.06,5.97,38.09,3.12
Midwest,Illinois,17,Black or African American,2018,25202,3049.98,638.12,27.32,5.97,38.04,3.07
Midwest,Illinois,17,Black or African American,2019,23990,3042.46,635.09,27.51,6.04,38.01,3.05
Midwest,Illinois,17,Black or African American,2020,23084,3041.02,629.43,27.69,5.97,38.03,2.98
Midwest,Illinois,17,Black or African American,2021,21536,3035.84,630.81,28.06,5.98,38.01,2.93
Midwest,Illinois,17,Black or African American,2022,20020,3023.02,633.41,28.24,6.05,38.01,2.99
Midwest,Illinois,17,Black or African American,2023,18816,3017.45,643.77,28.53,6.13,37.95,3.05
Midwest,Illinois,17,Black or African American,2024,18052,3020.21,635.01,28.66,6.18,37.98,2.95
Midwest,Illinois,17,Native Hawaiian or Other Pacific Islander,2016,56,3346.32,425.43,30.32,6.31,38.68,2.05
Midwest,Illinois,17,Native Hawaiian or Other Pacific Islander,2017,64,3369.88,453.38,28.39,5.08,38.42,1.91
Midwest,Illinois,17,Native Hawaiian or Other Pacific Islander,2018,54,3415.41,579.61,29.74,5.72,38.67,2.60
Midwest,Illinois,17,Native Hawaiian or Other Pacific Islander,2019,57,3418.40,638.15,29.19,5.46,38.68,2.39
Midwest,Illinois,17,Native Hawaiian or Other Pacific Islander,2020,66,3350.20,478.83,29.27,5.46,38.88,2.43
Midwest,Illinois,17,Native Hawaiian or Other Pacific Islander,2021,59,3252.85,742.30,28.12,5.55,38.32,2.91
Midwest,Illinois,17,Native Hawaiian or Other Pacific Islander,2022,59,3143.54,554.74,28.10,5.48,38.51,2.17
Midwest,Illinois,17,Native Hawaiian or Other Pacific Islander,2023,59,3233.63,515.85,28.83,6.29,38.71,2.23
Midwest,Illinois,17,Native Hawaiian or Other Pacific Islander,2024,66,3210.79,690.14,28.15,5.48,38.42,3.09
Midwest,Illinois,17,White,2016,114710,3325.74,583.67,29.52,5.67,38.70,2.46
Midwest,Illinois,17,White,2017,110092,3325.28,578.88,29.64,5.68,38.69,2.42
Midwest,Illinois,17,White,2018,107541,3319.74,580.03,29.79,5.66,38.63,2.41
Midwest,Illinois,17,White,2019,104329,3314.79,568.99,29.89,5.65,38.61,2.37
Midwest,Illinois,17,White,2020,98973,3312.94,564.00,29.99,5.64,38.64,2.34
Midwest,Illinois,17,White,2021,99478,3307.82,569.36,30.18,5.57,38.58,2.33
Midwest,Illinois,17,White,2022,97312,3297.59,568.64,30.23,5.62,38.61,2.36
Midwest,Illinois,17,White,2023,94592,3288.79,568.53,30.20,5.64,38.57,2.39
Midwest,Illinois,17,White,2024,95794,3297.29,566.93,30.22,5.64,38.59,2.38
Midwest,Illinois,17,More than one race,2016,2118,3219.04,615.04,27.48,6.27,38.56,2.60
Midwest,Illinois,17,More than one race,2017,2235,3232.57,589.19,27.41,6.15,38.55,2.59
Midwest,Illinois,17,More than one race,2018,2240,3214.39,630.62,27.41,6.13,38.48,2.74
Midwest,Illinois,17,More than one race,2019,2298,3221.46,579.78,27.60,6.14,38.49,2.48
Midwest,Illinois,17,More than one race,2020,2348,3205.34,599.92,27.62,6.20,38.43,2.63
Midwest,Illinois,17,More than one race,2021,2448,3201.81,571.20,28.11,6.15,38.54,2.42
Midwest,Illinois,17,More than one race,2022,2334,3210.87,599.41,27.93,6.20,38.47,2.65
Midwest,Illinois,17,More than one race,2023,2536,3197.60,578.15,27.99,6.05,38.50,2.49
Midwest,Illinois,17,More than one race,2024,2532,3199.38,594.50,28.21,6.10,38.55,2.63
Midwest,Indiana,18,American Indian or Alaska Native,2016,106,3327.88,611.30,27.53,5.88,39.21,1.89
Midwest,Indiana,18,American Indian or Alaska Native,2017,93,3278.28,536.99,28.13,5.52,38.96,1.59
Midwest,Indiana,18,American Indian or Alaska Native,2018,101,3401.67,585.04,29.17,6.02,38.64,2.16
Midwest,Indiana,18,American Indian or Alaska Native,2019,88,3406.39,448.91,26.90,5.32,38.99,1.95
Midwest,Indiana,18,American Indian or Alaska Native,2020,82,3257.88,545.01,27.33,5.46,38.88,2.18
Midwest,Indiana,18,American Indian or Alaska Native,2021,107,3247.21,652.24,27.55,5.84,38.54,3.15
Midwest,Indiana,18,American Indian or Alaska Native,2022,77,3289.60,501.34,28.60,5.54,38.90,2.04
Midwest,Indiana,18,American Indian or Alaska Native,2023,103,3121.48,723.28,28.42,5.53,37.57,3.89
Midwest,Indiana,18,American Indian or Alaska Native,2024,110,3187.12,611.96,28.31,6.72,38.27,2.49
Midwest,Indiana,18,Asian,2016,2504,3214.55,539.41,30.43,5.14,38.66,2.18
Midwest,Indiana,18,Asian,2017,2591,3191.31,573.84,30.35,5.19,38.54,2.33
Midwest,Indiana,18,Asian,2018,2405,3188.16,560.01,30.71,5.17,38.50,2.29
Midwest,Indiana,18,Asian,2019,2333,3179.64,549.17,30.77,5.26,38.51,2.19
Midwest,Indiana,18,Asian,2020,2378,3191.37,533.73,30.88,4.96,38.50,2.13
Midwest,Indiana,18,Asian,2021,2333,3162.49,540.30,31.30,5.09,38.40,2.18
Midwest,Indiana,18,Asian,2022,2514,3147.65,554.16,31.40,5.24,38.41,2.30
Midwest,Indiana,18,Asian,2023,2516,3132.87,560.69,31.32,5.24,38.27,2.43
Midwest,Indiana,18,Asian,2024,2732,3140.68,560.14,31.48,5.14,38.34,2.16
Midwest,Indiana,18,Black or African American,2016,10202,3085.42,636.20,26.51,5.78,38.15,3.00
Midwest,Indiana,18,Black or African American,2017,10428,3077.51,637.97,26.75,5.77,38.11,2.88
Midwest,Indiana,18,Black or African American,2018,10619,3067.73,640.93,26.90,5.83,38.03,2.95
Midwest,Indiana,18,Black or African American,2019,10630,3071.89,626.24,27.08,5.83,38.05,2.81
Midwest,Indiana,18,Black or African American,2020,10257,3054.40,651.62,27.20,5.83,37.98,2.95
Midwest,Indiana,18,Black or African American,2021,10497,3074.08,628.71,27.52,5.95,38.00,2.74
Midwest,Indiana,18,Black or African American,2022,10614,3046.84,641.24,28.03,5.94,37.95,2.85
Midwest,Indiana,18,Black or African American,2023,10573,3060.68,632.45,28.30,6.06,37.92,2.87
Midwest,Indiana,18,Black or African American,2024,10703,3067.13,627.56,28.65,6.06,37.95,2.77
Midwest,Indiana,18,Native Hawaiian or Other Pacific Islander,2016,67,3313.30,530.92,27.40,5.93,38.51,2.22
Midwest,Indiana,18,Native Hawaiian or Other Pacific Islander,2017,68,3268.78,446.86,29.12,6.03,38.69,2.22
Midwest,Indiana,18,Native Hawaiian or Other Pacific Islander,2018,82,3238.41,563.90,27.99,5.60,38.93,2.58
Midwest,Indiana,18,Native Hawaiian or Other Pacific Islander,2019,87,3196.21,513.71,27.44,6.18,38.35,2.01
Midwest,Indiana,18,Native Hawaiian or Other Pacific Islander,2020,80,3207.34,535.53,28.79,5.90,38.42,2.24
Midwest,Indiana,18,Native Hawaiian or Other Pacific Islander,2021,134,3239.05,570.92,27.63,5.94,38.28,2.30
Midwest,Indiana,18,Native Hawaiian or Other Pacific Islander,2022,155,3261.68,512.28,28.14,6.03,38.35,2.59
Midwest,Indiana,18,Native Hawaiian or Other Pacific Islander,2023,148,3263.11,452.50,27.25,6.70,38.55,1.81
Midwest,Indiana,18,Native Hawaiian or Other Pacific Islander,2024,145,3263.79,516.81,27.36,5.62,38.32,1.85
Midwest,Indiana,18,White,2016,68888,3314.08,592.13,27.87,5.54,38.68,2.35
Midwest,Indiana,18,White,2017,67573,3317.52,588.48,27.93,5.52,38.64,2.31
Midwest,Indiana,18,White,2018,66870,3322.18,583.01,28.01,5.52,38.63,2.32
Midwest,Indiana,18,White,2019,66071,3306.76,578.22,28.07,5.53,38.57,2.31
Midwest,Indiana,18,White,2020,64196,3312.65,578.11,28.23,5.52,38.57,2.28
Midwest,Indiana,18,White,2021,65025,3303.82,580.16,28.37,5.47,38.48,2.25
Midwest,Indiana,18,White,2022,64434,3289.72,575.43,28.42,5.49,38.48,2.29
Midwest,Indiana,18,White,2023,63703,3295.50,576.73,28.50,5.51,38.46,2.26
Midwest,Indiana,18,White,2024,64631,3294.86,575.55,28.59,5.50,38.46,2.26
Midwest,Indiana,18,More than one race,2016,1324,3177.61,625.70,25.06,5.55,38.45,2.63
Midwest,Indiana,18,More than one race,2017,1417,3174.27,616.65,25.12,5.44,38.32,2.61
Midwest,Indiana,18,More than one race,2018,1569,3200.58,604.57,25.34,5.53,38.39,2.59
Midwest,Indiana,18,More than one race,2019,1650,3209.24,587.72,25.45,5.45,38.47,2.45
Midwest,Indiana,18,More than one race,2020,1623,3197.64,602.81,26.01,5.68,38.41,2.51
Midwest,Indiana,18,More than one race,2021,1850,3173.98,588.91,25.94,5.44,38.22,2.55
Midwest,Indiana,18,More than one race,2022,1855,3194.72,580.87,25.88,5.42,38.37,2.43
Midwest,Indiana,18,More than one race,2023,1957,3191.04,595.32,26.34,5.56,38.29,2.34
Midwest,Indiana,18,More than one race,2024,1936,3187.50,592.98,26.54,5.69,38.30,2.42
Midwest,Iowa,19,American Indian or Alaska Native,2016,204,3357.93,638.19,26.44,5.43,38.48,2.23
Midwest,Iowa,19,American Indian or Alaska Native,2017,250,3388.23,618.25,26.25,6.02,38.58,2.77
Midwest,Iowa,19,American Indian or Alaska Native,2018,243,3343.93,645.36,27.07,5.46,38.16,2.42
Midwest,Iowa,19,American Indian or Alaska Native,2019,231,3360.46,552.53,26.87,5.76,38.66,2.43
Midwest,Iowa,19,American Indian or Alaska Native,2020,241,3333.39,683.15,27.22,6.29,38.27,2.98
Midwest,Iowa,19,American Indian or Alaska Native,2021,201,3303.56,567.60,27.19,6.09,38.36,2.67
Midwest,Iowa,19,American Indian or Alaska Native,2022,229,3268.01,610.83,28.03,6.42,38.11,2.92
Midwest,Iowa,19,American Indian or Alaska Native,2023,220,3385.74,663.54,27.13,5.99,38.30,2.54
Midwest,Iowa,19,American Indian or Alaska Native,2024,222,3334.50,568.03,27.74,6.19,38.36,2.51
Midwest,Iowa,19,Asian,2016,1319,3228.59,561.27,29.85,5.15,38.75,2.51
Midwest,Iowa,19,Asian,2017,1383,3199.25,587.08,30.22,5.33,38.61,2.60
Midwest,Iowa,19,Asian,2018,1215,3177.55,548.17,30.27,5.31,38.66,2.51
Midwest,Iowa,19,Asian,2019,1154,3165.66,575.66,30.55,5.23,38.53,2.56
Midwest,Iowa,19,Asian,2020,1106,3169.72,524.79,30.94,5.11,38.53,2.23
Midwest,Iowa,19,Asian,2021,1085,3179.61,538.91,31.06,5.24,38.46,2.46
Midwest,Iowa,19,Asian,2022,1078,3174.62,554.91,31.05,5.24,38.53,2.24
Midwest,Iowa,19,Asian,2023,999,3171.12,571.46,31.12,5.23,38.48,2.47
Midwest,Iowa,19,Asian,2024,1005,3126.93,577.53,31.52,5.23,38.28,2.50
Midwest,Iowa,19,Black or African American,2016,2585,3134.46,638.85,26.98,5.72,38.48,3.13
Midwest,Iowa,19,Black or African American,2017,2797,3152.02,634.97,27.27,5.80,38.34,3.04
Midwest,Iowa,19,Black or African American,2018,2737,3152.85,620.37,27.62,5.93,38.31,3.04
Midwest,Iowa,19,Black or African American,2019,2957,3129.72,643.73,27.70,5.72,38.22,3.05
Midwest,Iowa,19,Black or African American,2020,2827,3151.41,635.00,27.91,5.95,38.26,2.94
Midwest,Iowa,19,Black or African American,2021,2661,3112.11,646.99,28.05,5.96,38.07,3.21
Midwest,Iowa,19,Black or African American,2022,2699,3139.39,622.02,28.28,6.07,38.21,2.91
Midwest,Iowa,19,Black or African American,2023,2741,3107.44,632.83,28.73,5.98,38.10,2.95
Midwest,Iowa,19,Black or African American,2024,2839,3143.13,632.09,28.97,6.14,38.19,2.97
Midwest,Iowa,19,Native Hawaiian or Other Pacific Islander,2016,124,3161.03,602.52,27.48,5.97,38.31,3.17
Midwest,Iowa,19,Native Hawaiian or Other Pacific Islander,2017,148,3134.40,635.70,27.98,5.68,37.34,3.99
Midwest,Iowa,19,Native Hawaiian or Other Pacific Islander,2018,175,3139.09,573.94,26.63,5.98,38.18,3.32
Midwest,Iowa,19,Native Hawaiian or Other Pacific Islander,2019,189,3197.96,535.86,27.05,6.12,38.02,3.26
Midwest,Iowa,19,Native Hawaiian or Other Pacific Islander,2020,263,3166.05,491.17,26.90,6.17,38.23,2.83
Midwest,Iowa,19,Native Hawaiian or Other Pacific Islander,2021,315,3161.85,593.61,26.88,5.96,37.88,3.16
Midwest,Iowa,19,Native Hawaiian or Other Pacific Islander,2022,349,3122.50,586.29,26.67,5.68,37.89,3.09
Midwest,Iowa,19,Native Hawaiian or Other Pacific Islander,2023,450,3136.72,590.64,27.24,6.04,37.77,3.14
Midwest,Iowa,19,Native Hawaiian or Other Pacific Islander,2024,415,3144.07,591.02,27.46,6.12,38.02,3.37
Midwest,Iowa,19,White,2016,34576,3376.86,582.34,28.39,5.26,38.88,2.50
Midwest,Iowa,19,White,2017,33197,3378.43,576.34,28.57,5.27,38.79,2.31
Midwest,Iowa,19,White,2018,32695,3363.12,577.59,28.61,5.23,38.71,2.37
Midwest,Iowa,19,White,2019,32400,3366.89,570.30,28.79,5.23,38.71,2.30
Midwest,Iowa,19,White,2020,30901,3356.30,576.91,28.79,5.26,38.65,2.34
Midwest,Iowa,19,White,2021,31795,3346.26,574.13,28.98,5.25,38.63,2.30
Midwest,Iowa,19,White,2022,31318,3331.58,571.41,28.99,5.25,38.60,2.34
Midwest,Iowa,19,White,2023,30824,3328.27,573.85,28.98,5.29,38.58,2.35
Midwest,Iowa,19,White,2024,31081,3336.60,573.38,29.00,5.30,38.60,2.31
Midwest,Iowa,19,More than one race,2016,595,3249.41,608.18,25.42,5.46,38.68,2.93
Midwest,Iowa,19,More than one race,2017,655,3228.36,602.13,25.78,5.54,38.41,2.76
Midwest,Iowa,19,More than one race,2018,720,3190.05,655.81,25.25,5.33,38.25,3.06
Midwest,Iowa,19,More than one race,2019,718,3181.45,650.13,25.83,5.56,38.35,2.77
Midwest,Iowa,19,More than one race,2020,776,3274.37,601.22,26.04,5.46,38.50,2.64
Midwest,Iowa,19,More than one race,2021,778,3261.92,569.97,26.35,5.53,38.44,2.60
Midwest,Iowa,19,More than one race,2022,833,3241.07,596.14,26.26,5.44,38.48,2.42
Midwest,Iowa,19,More than one race,2023,818,3245.17,599.10,26.87,5.49,38.35,2.37
Midwest,Iowa,19,More than one race,2024,874,3252.17,608.42,26.81,5.60,38.58,2.61
Midwest,Kansas,20,American Indian or Alaska Native,2016,209,3365.57,577.49,27.04,5.39,38.22,2.11
Midwest,Kansas,20,American Indian or Alaska Native,2017,211,3353.13,654.76,26.68,5.53,38.34,2.45
Midwest,Kansas,20,American Indian or Alaska Native,2018,199,3380.24,584.72,27.28,5.69,38.31,2.45
Midwest,Kansas,20,American Indian or Alaska Native,2019,212,3294.93,654.05,26.41,5.90,38.31,2.24
Midwest,Kansas,20,American Indian or Alaska Native,2020,211,3237.96,638.74,27.49,5.97,38.31,2.12
Midwest,Kansas,20,American Indian or Alaska Native,2021,223,3318.90,567.15,27.27,5.89,38.18,2.27
Midwest,Kansas,20,American Indian or Alaska Native,2022,233,3293.34,525.85,27.64,5.67,38.35,2.60
Midwest,Kansas,20,American Indian or Alaska Native,2023,186,3326.23,509.60,27.74,6.21,38.35,1.60
Midwest,Kansas,20,American Indian or Alaska Native,2024,194,3213.12,573.03,27.15,5.82,38.35,2.37
Midwest,Kansas,20,Asian,2016,1381,3191.94,510.01,30.36,5.15,38.51,1.84
Midwest,Kansas,20,Asian,2017,1332,3197.20,541.81,30.69,5.16,38.48,2.00
Midwest,Kansas,20,Asian,2018,1268,3179.00,559.51,30.90,4.86,38.49,2.24
Midwest,Kansas,20,Asian,2019,1256,3191.97,544.23,30.87,5.23,38.42,2.31
Midwest,Kansas,20,Asian,2020,1187,3155.17,575.03,31.00,5.13,38.28,2.49
Midwest,Kansas,20,Asian,2021,1064,3190.78,527.17,31.34,4.61,38.41,1.93
Midwest,Kansas,20,Asian,2022,1083,3130.02,578.60,31.67,4.90,38.13,2.30
Midwest,Kansas,20,Asian,2023,1073,3151.72,559.64,31.56,5.07,38.24,2.12
Midwest,Kansas,20,Asian,2024,1044,3140.74,564.69,31.65,5.15,38.25,2.31
Midwest,Kansas,20,Black or African American,2016,2790,3088.76,650.14,26.62,5.74,38.04,2.78
Midwest,Kansas,20,Black or African American,2017,2825,3072.77,643.46,26.94,5.85,38.00,2.79
Midwest,Kansas,20,Black or African American,2018,2783,3090.40,632.13,26.90,5.87,38.01,2.79
Midwest,Kansas,20,Black or African American,2019,2636,3052.37,650.80,26.88,5.83,37.81,3.00
Midwest,Kansas,20,Black or African American,2020,2572,3065.82,628.98,27.31,5.92,37.91,2.72
Midwest,Kansas,20,Black or African American,2021,2468,3064.99,614.97,27.41,6.09,37.82,2.67
Midwest,Kansas,20,Black or African American,2022,2366,3063.76,627.78,27.64,6.03,37.90,2.63
Midwest,Kansas,20,Black or African American,2023,2387,3056.12,633.33,27.79,6.07,37.86,2.58
Midwest,Kansas,20,Black or African American,2024,2307,3066.90,636.01,27.83,6.19,38.00,2.77
Midwest,Kansas,20,Native Hawaiian or Other Pacific Islander,2016,67,3326.92,578.20,28.09,5.66,38.43,2.09
Midwest,Kansas,20,Native Hawaiian or Other Pacific Islander,2017,99,3285.89,630.44,27.74,6.25,38.46,2.79
Midwest,Kansas,20,Native Hawaiian or Other Pacific Islander,2018,87,3202.46,563.57,28.08,5.93,38.19,2.63
Midwest,Kansas,20,Native Hawaiian or Other Pacific Islander,2019,83,3117.34,550.01,26.86,5.69,37.95,2.88
Midwest,Kansas,20,Native Hawaiian or Other Pacific Islander,2020,105,3146.14,552.83,26.56,5.54,38.22,2.41
Midwest,Kansas,20,Native Hawaiian or Other Pacific Islander,2021,100,3115.08,631.19,28.62,6.63,37.61,2.97
Midwest,Kansas,20,Native Hawaiian or Other Pacific Islander,2022,114,3186.02,659.33,26.93,5.45,38.12,2.45
Midwest,Kansas,20,Native Hawaiian or Other Pacific Islander,2023,113,3284.21,602.57,27.44,5.29,38.22,2.65
Midwest,Kansas,20,Native Hawaiian or Other Pacific Islander,2024,139,3177.94,592.93,27.77,5.82,38.35,2.45
Midwest,Kansas,20,White,2016,32816,3338.76,569.46,28.15,5.49,38.59,2.05
Midwest,Kansas,20,White,2017,31094,3329.01,576.98,28.26,5.49,38.50,2.13
Midwest,Kansas,20,White,2018,30945,3325.67,570.09,28.37,5.51,38.53,2.14
Midwest,Kansas,20,White,2019,30276,3315.14,576.81,28.48,5.55,38.43,2.16
Midwest,Kansas,20,White,2020,29327,3320.96,571.24,28.48,5.53,38.43,2.10
Midwest,Kansas,20,White,2021,29919,3314.60,572.23,28.72,5.51,38.39,2.07
Midwest,Kansas,20,White,2022,29666,3303.03,570.18,28.70,5.56,38.38,2.12
Midwest,Kansas,20,White,2023,29308,3309.41,569.17,28.76,5.57,38.39,2.06
Midwest,Kansas,20,White,2024,29240,3305.12,568.95,28.75,5.57,38.47,2.26
Midwest,Kansas,20,More than one race,2016,790,3257.04,589.65,25.58,5.55,38.39,2.29
Midwest,Kansas,20,More than one race,2017,958,3188.07,649.76,25.71,5.45,38.22,2.54
Midwest,Kansas,20,More than one race,2018,979,3241.44,569.54,25.81,5.58,38.41,2.24
Midwest,Kansas,20,More than one race,2019,932,3226.93,597.93,25.90,5.77,38.48,2.08
Midwest,Kansas,20,More than one race,2020,974,3216.16,558.56,26.04,5.56,38.34,1.91
Midwest,Kansas,20,More than one race,2021,931,3252.53,567.32,26.60,5.66,38.24,2.09
Midwest,Kansas,20,More than one race,2022,939,3243.59,559.79,26.33,5.40,38.31,2.10
Midwest,Kansas,20,More than one race,2023,998,3218.03,556.37,26.68,5.73,38.31,1.92
Midwest,Kansas,20,More than one race,2024,1060,3192.36,585.61,26.62,5.60,38.34,2.36
Midwest,Michigan,26,American Indian or Alaska Native,2016,464,3317.29,609.69,27.08,5.98,38.85,2.51
Midwest,Michigan,26,American Indian or Alaska Native,2017,438,3330.51,624.33,27.01,5.53,38.76,2.67
Midwest,Michigan,26,American Indian or Alaska Native,2018,461,3380.88,566.75,27.26,5.71,39.02,2.47
Midwest,Michigan,26,American Indian or Alaska Native,2019,454,3308.07,627.95,26.95,5.56,38.64,2.69
Midwest,Michigan,26,American Indian or Alaska Native,2020,453,3341.47,628.82,27.68,5.62,38.65,2.56
Midwest,Michigan,26,American Indian or Alaska Native,2021,508,3323.38,587.73,27.72,5.73,38.68,2.24
Midwest,Michigan,26,American Indian or Alaska Native,2022,481,3304.15,585.30,27.65,5.60,38.58,2.89
Midwest,Michigan,26,American Indian or Alaska Native,2023,403,3302.60,600.64,27.88,5.95,38.69,2.18
Midwest,Michigan,26,American Indian or Alaska Native,2024,406,3313.26,583.25,27.89,5.94,38.59,2.37
Midwest,Michigan,26,Asian,2016,4441,3154.64,546.61,30.86,4.81,38.68,2.42
Midwest,Michigan,26,Asian,2017,4602,3173.18,539.83,30.91,4.87,38.69,2.43
Midwest,Michigan,26,Asian,2018,4464,3170.89,526.24,31.15,4.82,38.69,2.20
Midwest,Michigan,26,Asian,2019,4352,3166.97,540.93,31.14,4.61,38.58,2.38
Midwest,Michigan,26,Asian,2020,4331,3131.69,537.42,31.33,4.70,38.57,2.15
Midwest,Michigan,26,Asian,2021,4133,3126.10,549.08,31.68,4.61,38.38,2.32
Midwest,Michigan,26,Asian,2022,4061,3131.12,544.78,31.84,4.69,38.49,2.29
Midwest,Michigan,26,Asian,2023,4152,3107.46,558.79,31.68,4.64,38.47,2.38
Midwest,Michigan,26,Asian,2024,4476,3115.26,540.15,31.80,4.56,38.48,2.30
Midwest,Michigan,26,Black or African American,2016,21327,3053.44,647.78,26.44,5.76,38.09,3.19
Midwest,Michigan,26,Black or African American,2017,21623,3050.56,653.17,26.67,5.70,37.96,3.18
Midwest,Michigan,26,Black or African American,2018,21083,3054.55,646.51,26.85,5.69,38.04,3.09
Midwest,Michigan,26,Black or African American,2019,20960,3042.40,645.60,26.99,5.72,37.99,3.05
Midwest,Michigan,26,Black or African American,2020,19901,3042.32,644.88,27.32,5.77,37.97,3.02
Midwest,Michigan,26,Black or African American,2021,18919,3033.84,649.90,27.53,5.74,37.96,2.97
Midwest,Michigan,26,Black or African American,2022,17828,3025.97,650.57,27.84,5.88,38.02,2.95
Midwest,Michigan,26,Black or African American,2023,16881,3020.19,637.73,28.04,5.94,37.97,2.93
Midwest,Michigan,26,Black or African American,2024,16067,3020.14,644.44,28.16,5.97,37.94,3.03
Midwest,Michigan,26,Native Hawaiian or Other Pacific Islander,2016,43,3226.42,441.33,28.23,6.89,38.86,1.64
Midwest,Michigan,26,Native Hawaiian or Other Pacific Islander,2017,46,3320.48,407.42,29.48,6.74,38.85,2.00
Midwest,Michigan,26,Native Hawaiian or Other Pacific Islander,2018,49,3293.12,458.36,29.35,6.07,38.57,2.00
Midwest,Michigan,26,Native Hawaiian or Other Pacific Islander,2019,43,3201.00,769.64,27.81,5.84,37.65,4.06
Midwest,Michigan,26,Native Hawaiian or Other Pacific Islander,2020,81,3215.98,726.78,27.10,5.90,38.16,3.64
Midwest,Michigan,26,Native Hawaiian or Other Pacific Islander,2021,92,3229.75,518.41,28.02,5.43,38.38,1.97
Midwest,Michigan,26,Native Hawaiian or Other Pacific Islander,2022,83,3193.63,540.98,28.20,6.06,38.43,2.92
Midwest,Michigan,26,Native Hawaiian or Other Pacific Islander,2023,80,3230.72,537.45,27.94,5.11,38.25,1.85
Midwest,Michigan,26,Native Hawaiian or Other Pacific Islander,2024,87,3219.09,689.81,28.57,5.65,38.27,2.66
Midwest,Michigan,26,White,2016,84197,3343.48,587.17,28.77,5.43,38.84,2.42
Midwest,Michigan,26,White,2017,81953,3336.61,590.97,28.94,5.43,38.80,2.46
Midwest,Michigan,26,White,2018,81349,3340.62,580.47,29.05,5.40,38.80,2.38
Midwest,Michigan,26,White,2019,79464,3327.19,583.65,29.21,5.41,38.72,2.39
Midwest,Michigan,26,White,2020,76763,3326.50,584.15,29.33,5.36,38.69,2.32
Midwest,Michigan,26,White,2021,78726,3317.71,588.62,29.53,5.33,38.59,2.29
Midwest,Michigan,26,White,2022,77116,3308.40,582.24,29.59,5.34,38.63,2.29
Midwest,Michigan,26,White,2023,74876,3317.47,578.19,29.70,5.31,38.62,2.28
Midwest,Michigan,26,White,2024,75576,3315.44,584.03,29.77,5.33,38.62,2.31
Midwest,Michigan,26,More than one race,2016,2843,3253.67,623.68,26.43,5.77,38.68,2.75
Midwest,Michigan,26,More than one race,2017,2764,3233.50,589.97,26.37,5.75,38.62,2.71
Midwest,Michigan,26,More than one race,2018,2626,3230.87,612.36,26.54,5.75,38.52,2.74
Midwest,Michigan,26,More than one race,2019,2613,3210.68,615.76,26.74,5.76,38.48,2.63
Midwest,Michigan,26,More than one race,2020,2545,3215.50,604.13,26.51,5.68,38.56,2.46
Midwest,Michigan,26,More than one race,2021,2602,3212.19,605.18,26.84,5.66,38.47,2.40
Midwest,Michigan,26,More than one race,2022,2752,3208.95,580.73,27.35,5.71,38.52,2.41
Midwest,Michigan,26,More than one race,2023,2732,3238.06,601.36,27.43,5.75,38.52,2.45
Midwest,Michigan,26,More than one race,2024,2913,3235.07,586.80,27.54,5.65,38.52,2.35
Midwest,Minnesota,27,American Indian or Alaska Native,2016,1205,3342.93,639.71,26.31,5.75,38.47,2.92
Midwest,Minnesota,27,American Indian or Alaska Native,2017,1179,3337.25,711.61,26.63,5.80,38.31,3.25
Midwest,Minnesota,27,American Indian or Alaska Native,2018,1115,3335.37,686.43,26.91,5.91,38.30,2.98
Midwest,Minnesota,27,American Indian or Alaska Native,2019,1106,3340.38,677.07,26.98,6.16,38.33,3.07
Midwest,Minnesota,27,American Indian or Alaska Native,2020,1020,3407.53,637.89,27.11,5.99,38.49,2.83
Midwest,Minnesota,27,American Indian or Alaska Native,2021,970,3331.22,671.84,27.22,5.98,38.35,2.84
Midwest,Minnesota,27,American Indian or Alaska Native,2022,924,3340.44,639.09,27.48,6.30,38.31,2.81
Midwest,Minnesota,27,American Indian or Alaska Native,2023,949,3346.02,632.03,27.53,6.15,38.41,2.74
Midwest,Minnesota,27,American Indian or Alaska Native,2024,897,3292.79,636.69,27.32,6.04,38.29,2.79
Midwest,Minnesota,27,Asian,2016,5617,3199.59,548.62,29.52,5.46,38.84,2.65
Midwest,Minnesota,27,Asian,2017,5559,3185.65,556.79,29.74,5.42,38.79,2.57
Midwest,Minnesota,27,Asian,2018,5371,3179.82,559.82,29.96,5.40,38.70,2.75
Midwest,Minnesota,27,Asian,2019,5276,3187.72,554.84,30.27,5.30,38.77,2.65
Midwest,Minnesota,27,Asian,2020,5097,3191.46,538.38,30.37,5.26,38.82,2.54
Midwest,Minnesota,27,Asian,2021,4929,3190.95,549.54,30.72,5.20,38.72,2.46
Midwest,Minnesota,27,Asian,2022,5024,3177.25,535.27,31.02,5.29,38.69,2.48
Midwest,Minnesota,27,Asian,2023,4748,3153.80,549.11,31.16,5.32,38.65,2.60
Midwest,Minnesota,27,Asian,2024,4730,3158.95,561.33,31.44,5.14,38.64,2.60
Midwest,Minnesota,27,Black or African American,2016,8249,3242.62,608.13,29.04,5.88,38.79,2.85
Midwest,Minnesota,27,Black or African American,2017,8621,3225.36,636.58,29.11,5.83,38.67,2.90
Midwest,Minnesota,27,Black or African American,2018,8433,3226.93,635.10,29.41,5.80,38.62,2.80
Midwest,Minnesota,27,Black or African American,2019,8491,3209.15,641.62,29.59,5.85,38.53,2.89
Midwest,Minnesota,27,Black or African American,2020,8303,3216.34,650.46,29.93,5.90,38.48,2.95
Midwest,Minnesota,27,Black or African American,2021,7999,3201.24,640.15,29.98,5.96,38.47,2.88
Midwest,Minnesota,27,Black or African American,2022,8201,3188.09,656.64,30.42,6.04,38.44,2.90
Midwest,Minnesota,27,Black or African American,2023,7675,3178.50,640.37,30.68,6.18,38.44,2.89
Midwest,Minnesota,27,Black or African American,2024,7647,3169.81,636.86,30.70,6.11,38.39,2.84
Midwest,Minnesota,27,Native Hawaiian or Other Pacific Islander,2016,71,3124.75,755.27,27.38,6.63,38.08,3.74
Midwest,Minnesota,27,Native Hawaiian or Other Pacific Islander,2017,63,3193.05,597.29,26.10,5.18,38.27,3.53
Midwest,Minnesota,27,Native Hawaiian or Other Pacific Islander,2018,88,3114.98,830.25,26.93,5.92,37.85,3.59
Midwest,Minnesota,27,Native Hawaiian or Other Pacific Islander,2019,72,3230.00,487.72,27.83,5.51,38.70,2.56
Midwest,Minnesota,27,Native Hawaiian or Other Pacific Islander,2020,87,3356.71,604.40,27.57,5.54,38.54,2.53
Midwest,Minnesota,27,Native Hawaiian or Other Pacific Islander,2021,95,3250.52,622.84,28.41,5.66,38.42,3.06
Midwest,Minnesota,27,Native Hawaiian or Other Pacific Islander,2022,122,3302.94,484.36,27.69,5.65,38.72,2.36
Midwest,Minnesota,27,Native Hawaiian or Other Pacific Islander,2023,108,3184.56,683.12,28.15,5.21,37.86,3.37
Midwest,Minnesota,27,Native Hawaiian or Other Pacific Islander,2024,118,3157.25,500.98,27.43,5.57,38.66,2.95
Midwest,Minnesota,27,White,2016,52823,3392.56,583.17,29.78,5.13,38.90,2.39
Midwest,Minnesota,27,White,2017,51529,3391.89,581.53,29.95,5.12,38.85,2.36
Midwest,Minnesota,27,White,2018,50630,3387.10,577.26,30.06,5.10,38.85,2.36
Midwest,Minnesota,27,White,2019,49269,3383.50,572.27,30.18,5.15,38.82,2.29
Midwest,Minnesota,27,White,2020,46954,3380.22,563.76,30.26,5.13,38.79,2.26
Midwest,Minnesota,27,White,2021,48451,3365.94,580.99,30.41,5.09,38.69,2.33
Midwest,Minnesota,27,White,2022,47807,3358.88,569.91,30.42,5.16,38.70,2.30
Midwest,Minnesota,27,White,2023,46352,3355.04,568.29,30.36,5.18,38.71,2.31
Midwest,Minnesota,27,White,2024,46674,3354.47,575.50,30.41,5.22,38.69,2.34
Midwest,Minnesota,27,More than one race,2016,1784,3300.82,622.62,26.98,5.83,38.84,2.63
Midwest,Minnesota,27,More than one race,2017,1644,3314.72,605.64,26.59,5.71,38.86,2.62
Midwest,Minnesota,27,More than one race,2018,1707,3291.83,600.15,27.47,5.81,38.71,2.50
Midwest,Minnesota,27,More than one race,2019,1813,3253.78,607.94,27.55,5.89,38.56,2.66
Midwest,Minnesota,27,More than one race,2020,1982,3249.38,604.26,27.38,5.85,38.59,2.60
Midwest,Minnesota,27,More than one race,2021,1981,3253.44,620.39,27.82,5.97,38.41,2.63
Midwest,Minnesota,27,More than one race,2022,1937,3236.98,619.80,28.13,5.99,38.47,2.66
Midwest,Minnesota,27,More than one race,2023,1883,3229.47,623.86,28.17,5.95,38.40,2.84
Midwest,Minnesota,27,More than one race,2024,2044,3244.65,599.26,28.27,5.90,38.47,2.60
Midwest,Missouri,29,American Indian or Alaska Native,2016,195,3187.90,719.20,26.48,5.51,38.27,3.10
Midwest,Missouri,29,American Indian or Alaska Native,2017,227,3272.55,696.63,26.77,5.48,38.19,3.12
Midwest,Missouri,29,American Indian or Alaska Native,2018,247,3271.09,674.10,27.26,5.82,38.45,3.08
Midwest,Missouri,29,American Indian or Alaska Native,2019,220,3319.85,598.31,27.85,5.63,38.50,2.70
Midwest,Missouri,29,American Indian or Alaska Native,2020,256,3238.92,632.77,27.81,5.91,38.30,3.12
Midwest,Missouri,29,American Indian or Alaska Native,2021,251,3267.79,587.65,27.64,5.39,38.54,2.71
Midwest,Missouri,29,American Indian or Alaska Native,2022,251,3250.14,654.11,27.80,6.11,38.36,2.93
Midwest,Missouri,29,American Indian or Alaska Native,2023,294,3283.77,541.72,27.54,6.08,38.30,2.57
Midwest,Missouri,29,American Indian or Alaska Native,2024,297,3207.56,664.24,27.85,6.16,38.09,3.02
Midwest,Missouri,29,Asian,2016,1942,3175.07,550.64,30.81,4.87,38.61,2.29
Midwest,Missouri,29,Asian,2017,1853,3172.94,571.82,31.24,4.93,38.44,2.47
Midwest,Missouri,29,Asian,2018,1778,3175.12,536.12,31.13,4.91,38.48,2.23
Midwest,Missouri,29,Asian,2019,1900,3162.31,533.44,31.33,4.97,38.48,2.19
Midwest,Missouri,29,Asian,2020,1686,3158.16,527.18,31.45,4.84,38.48,2.10
Midwest,Missouri,29,Asian,2021,1706,3144.97,566.43,31.76,4.69,38.37,2.30
Midwest,Missouri,29,Asian,2022,1774,3152.66,544.94,31.85,4.99,38.39,2.25
Midwest,Missouri,29,Asian,2023,1612,3156.23,529.12,31.85,4.95,38.52,2.24
Midwest,Missouri,29,Asian,2024,1826,3103.30,587.23,31.93,4.84,38.33,2.46
Midwest,Missouri,29,Black or African American,2016,10959,3042.17,647.27,26.64,5.69,38.02,3.08
Midwest,Missouri,29,Black or African American,2017,11080,3038.99,643.36,26.96,5.75,37.98,2.95
Midwest,Missouri,29,Black or African American,2018,11046,3019.09,639.49,27.03,5.72,37.90,2.92
Midwest,Missouri,29,Black or African American,2019,10902,3024.22,631.18,27.18,5.74,37.90,2.94
Midwest,Missouri,29,Black or African American,2020,10614,3017.32,632.27,27.43,5.79,37.89,2.94
Midwest,Missouri,29,Black or African American,2021,9915,3016.21,622.51,27.78,5.84,37.94,2.81
Midwest,Missouri,29,Black or African American,2022,9627,2994.64,635.26,27.95,5.96,37.90,2.96
Midwest,Missouri,29,Black or African American,2023,9008,2996.21,631.52,28.06,6.06,37.88,2.99
Midwest,Missouri,29,Black or African American,2024,8704,3002.77,624.79,28.24,6.06,37.94,2.89
Midwest,Missouri,29,Native Hawaiian or Other Pacific Islander,2016,236,3268.74,623.82,27.89,5.87,38.09,3.12
Midwest,Missouri,29,Native Hawaiian or Other Pacific Islander,2017,220,3234.98,623.64,26.88,5.69,38.27,2.83
Midwest,Missouri,29,Native Hawaiian or Other Pacific Islander,2018,253,3132.45,574.22,27.49,5.77,38.15,2.75
Midwest,Missouri,29,Native Hawaiian or Other Pacific Islander,2019,296,3261.83,594.93,27.00,5.52,37.99,3.13
Midwest,Missouri,29,Native Hawaiian or Other Pacific Islander,2020,285,3169.75,588.10,27.82,5.56,38.17,3.16
Midwest,Missouri,29,Native Hawaiian or Other Pacific Islander,2021,301,3239.34,607.95,27.85,5.97,37.87,2.95
Midwest,Missouri,29,Native Hawaiian or Other Pacific Islander,2022,328,3248.31,529.32,27.60,6.20,38.49,2.67
Midwest,Missouri,29,Native Hawaiian or Other Pacific Islander,2023,329,3247.83,569.59,27.54,5.80,37.99,2.88
Midwest,Missouri,29,Native Hawaiian or Other Pacific Islander,2024,322,3236.11,541.93,28.02,6.00,38.08,2.69
Midwest,Missouri,29,White,2016,59062,3327.91,585.39,28.13,5.53,38.69,2.36
Midwest,Missouri,29,White,2017,57341,3319.25,586.45,28.21,5.50,38.64,2.37
Midwest,Missouri,29,White,2018,57522,3319.88,578.65,28.32,5.54,38.61,2.32
Midwest,Missouri,29,White,2019,56376,3308.84,579.60,28.43,5.50,38.55,2.34
Midwest,Missouri,29,White,2020,54075,3306.84,573.07,28.50,5.52,38.55,2.29
Midwest,Missouri,29,White,2021,54915,3304.80,579.63,28.66,5.51,38.50,2.33
Midwest,Missouri,29,White,2022,54623,3292.33,579.40,28.69,5.51,38.50,2.36
Midwest,Missouri,29,White,2023,53555,3299.04,574.16,28.75,5.54,38.52,2.29
Midwest,Missouri,29,White,2024,54505,3293.31,571.99,28.77,5.52,38.52,2.32
Midwest,Missouri,29,More than one race,2016,2311,3191.96,628.92,26.13,5.76,38.49,2.61
Midwest,Missouri,29,More than one race,2017,2313,3228.61,603.70,26.25,5.79,38.51,2.66
Midwest,Missouri,29,More than one race,2018,2423,3192.53,613.65,26.50,5.78,38.34,2.58
Midwest,Missouri,29,More than one race,2019,2433,3189.21,606.32,26.31,5.58,38.36,2.55
Midwest,Missouri,29,More than one race,2020,2369,3175.44,614.41,26.65,5.62,38.33,2.69
Midwest,Missouri,29,More than one race,2021,2365,3189.10,580.63,26.78,5.72,38.40,2.41
Midwest,Missouri,29,More than one race,2022,2382,3195.05,592.29,26.72,5.66,38.33,2.66
Midwest,Missouri,29,More than one race,2023,2325,3168.60,600.80,27.11,5.75,38.31,2.67
Midwest,Missouri,29,More than one race,2024,2344,3196.69,588.69,27.08,5.85,38.40,2.55
Midwest,Nebraska,31,American Indian or Alaska Native,2016,465,3396.17,597.41,26.31,5.50,38.56,2.37
Midwest,Nebraska,31,American Indian or Alaska Native,2017,485,3360.95,666.70,26.17,5.37,38.26,2.70
Midwest,Nebraska,31,American Indian or Alaska Native,2018,516,3336.20,601.94,26.83,5.71,38.41,2.66
Midwest,Nebraska,31,American Indian or Alaska Native,2019,501,3342.01,593.36,26.90,6.17,38.23,2.55
Midwest,Nebraska,31,American Indian or Alaska Native,2020,450,3334.54,616.87,27.13,5.92,38.06,2.86
Midwest,Nebraska,31,American Indian or Alaska Native,2021,390,3305.91,684.69,26.47,6.19,38.05,2.91
Midwest,Nebraska,31,American Indian or Alaska Native,2022,465,3277.61,588.06,26.51,5.92,38.21,2.44
Midwest,Nebraska,31,American Indian or Alaska Native,2023,500,3226.85,651.20,26.95,6.22,38.13,2.94
Midwest,Nebraska,31,American Indian or Alaska Native,2024,462,3324.93,561.79,26.41,6.00,38.29,2.55
Midwest,Nebraska,31,Asian,2016,992,3231.71,520.58,29.62,5.73,38.61,2.31
Midwest,Nebraska,31,Asian,2017,958,3204.28,564.95,29.55,5.46,38.42,2.73
Midwest,Nebraska,31,Asian,2018,939,3187.22,537.63,30.22,5.16,38.35,2.41
Midwest,Nebraska,31,Asian,2019,911,3174.41,579.60,30.23,5.26,38.32,2.57
Midwest,Nebraska,31,Asian,2020,916,3170.41,545.69,30.49,5.12,38.40,2.33
Midwest,Nebraska,31,Asian,2021,904,3162.91,549.64,30.61,5.09,38.27,2.47
Midwest,Nebraska,31,Asian,2022,860,3154.71,546.98,30.64,5.12,38.21,2.43
Midwest,Nebraska,31,Asian,2023,876,3148.88,565.34,30.95,5.22,38.24,2.24
Midwest,Nebraska,31,Asian,2024,860,3151.35,561.41,31.04,5.05,38.31,2.39
Midwest,Nebraska,31,Black or African American,2016,1949,3093.22,659.73,27.41,5.89,38.09,3.25
Midwest,Nebraska,31,Black or African American,2017,1956,3127.46,609.99,27.76,5.92,38.32,2.71
Midwest,Nebraska,31,Black or African American,2018,1920,3095.24,651.86,28.02,5.77,38.02,2.94
Midwest,Nebraska,31,Black or African American,2019,1875,3088.64,642.14,28.10,5.91,38.08,2.81
Midwest,Nebraska,31,Black or African American,2020,1825,3084.00,647.72,28.02,6.06,37.99,2.91
Midwest,Nebraska,31,Black or African American,2021,1756,3087.11,660.09,28.40,6.20,37.86,2.94
Midwest,Nebraska,31,Black or African American,2022,1796,3089.97,641.41,28.54,6.25,38.00,2.87
Midwest,Nebraska,31,Black or African American,2023,1733,3087.05,617.87,28.89,6.24,37.95,2.90
Midwest,Nebraska,31,Black or African American,2024,1754,3080.08,626.84,29.07,6.53,38.03,2.86
Midwest,Nebraska,31,Native Hawaiian or Other Pacific Islander,2016,40,3267.10,503.87,27.60,6.47,38.71,2.58
Midwest,Nebraska,31,Native Hawaiian or Other Pacific Islander,2017,41,3201.12,541.19,26.80,5.96,38.34,2.07
Midwest,Nebraska,31,Native Hawaiian or Other Pacific Islander,2018,36,3194.69,468.61,28.25,5.77,37.78,2.44
Midwest,Nebraska,31,Native Hawaiian or Other Pacific Islander,2019,40,3256.88,587.10,27.85,6.01,38.05,2.65
Midwest,Nebraska,31,Native Hawaiian or Other Pacific Islander,2020,79,3193.90,573.34,27.23,5.92,38.22,2.64
Midwest,Nebraska,31,Native Hawaiian or Other Pacific Islander,2021,56,3232.00,541.00,26.50,5.80,38.07,2.35
Midwest,Nebraska,31,Native Hawaiian or Other Pacific Islander,2022,48,3195.71,566.04,27.50,5.73,38.44,2.27
Midwest,Nebraska,31,Native Hawaiian or Other Pacific Islander,2023,71,3238.83,578.18,28.03,5.15,38.32,2.56
Midwest,Nebraska,31,Native Hawaiian or Other Pacific Islander,2024,55,3151.96,685.79,27.04,4.60,37.85,3.35
Midwest,Nebraska,31,White,2016,22466,3344.57,572.48,28.81,5.33,38.68,2.30
Midwest,Nebraska,31,White,2017,21661,3337.26,571.66,28.79,5.32,38.68,2.31
Midwest,Nebraska,31,White,2018,21351,3338.16,572.15,28.97,5.32,38.60,2.32
Midwest,Nebraska,31,White,2019,20743,3323.05,567.13,29.03,5.39,38.54,2.26
Midwest,Nebraska,31,White,2020,20311,3328.63,566.69,29.14,5.36,38.52,2.24
Midwest,Nebraska,31,White,2021,20730,3321.86,569.36,29.18,5.31,38.48,2.27
Midwest,Nebraska,31,White,2022,20414,3303.02,572.29,29.28,5.38,38.43,2.30
Midwest,Nebraska,31,White,2023,20086,3291.27,564.52,29.29,5.35,38.43,2.27
Midwest,Nebraska,31,White,2024,20836,3285.96,564.40,29.28,5.40,38.43,2.30
Midwest,Nebraska,31,More than one race,2016,677,3243.19,624.59,25.76,5.40,38.40,2.42
Midwest,Nebraska,31,More than one race,2017,720,3187.50,614.96,26.31,5.76,38.41,2.65
Midwest,Nebraska,31,More than one race,2018,726,3220.60,591.41,26.22,5.83,38.46,2.45
Midwest,Nebraska,31,More than one race,2019,685,3244.85,582.73,26.23,5.60,38.48,2.51
Midwest,Nebraska,31,More than one race,2020,710,3237.31,572.26,26.79,5.75,38.33,2.49
Midwest,Nebraska,31,More than one race,2021,773,3240.66,582.69,27.05,5.49,38.33,2.29
Midwest,Nebraska,31,More than one race,2022,762,3227.73,613.72,26.84,5.90,38.27,2.51
Midwest,Nebraska,31,More than one race,2023,845,3199.04,601.36,27.27,5.66,38.13,2.58
Midwest,Nebraska,31,More than one race,2024,818,3174.11,670.50,27.38,5.67,38.11,2.66
Midwest,North Dakota,38,American Indian or Alaska Native,2016,947,3375.19,608.08,26.07,5.82,38.44,2.77
Midwest,North Dakota,38,American Indian or Alaska Native,2017,884,3360.21,651.86,26.11,5.53,38.20,2.78
Midwest,North Dakota,38,American Indian or Alaska Native,2018,890,3341.74,647.91,26.25,5.91,38.26,2.77
Midwest,North Dakota,38,American Indian or Alaska Native,2019,852,3310.16,644.61,26.51,5.70,38.13,2.86
Midwest,North Dakota,38,American Indian or Alaska Native,2020,847,3341.50,638.31,26.64,5.89,38.01,3.03
Midwest,North Dakota,38,American Indian or Alaska Native,2021,746,3377.99,585.70,26.25,5.71,38.26,2.39
Midwest,North Dakota,38,American Indian or Alaska Native,2022,697,3318.98,635.91,26.59,6.18,38.21,2.71
Midwest,North Dakota,38,American Indian or Alaska Native,2023,683,3262.05,668.36,26.69,6.12,37.97,2.67
Midwest,North Dakota,38,American Indian or Alaska Native,2024,671,3312.60,587.02,26.81,5.88,38.16,2.41
Midwest,North Dakota,38,Asian,2016,329,3203.31,539.68,30.35,5.29,38.70,2.33
Midwest,North Dakota,38,Asian,2017,309,3143.72,495.10,30.38,5.39,38.74,1.96
Midwest,North Dakota,38,Asian,2018,260,3228.49,506.25,30.48,5.32,38.79,2.04
Midwest,North Dakota,38,Asian,2019,260,3163.76,528.21,30.45,5.55,38.60,2.22
Midwest,North Dakota,38,Asian,2020,262,3187.22,601.79,30.46,4.94,38.62,2.48
Midwest,North Dakota,38,Asian,2021,225,3155.69,572.36,31.39,4.54,38.52,2.60
Midwest,North Dakota,38,Asian,2022,196,3156.59,566.68,31.58,5.16,38.27,2.37
Midwest,North Dakota,38,Asian,2023,245,3098.70,581.18,31.98,5.27,38.23,2.46
Midwest,North Dakota,38,Asian,2024,256,3174.81,541.54,31.44,4.79,38.44,2.27
Midwest,North Dakota,38,Black or African American,2016,690,3218.54,633.61,28.19,5.41,38.36,3.19
Midwest,North Dakota,38,Black or African American,2017,688,3209.23,614.31,28.51,5.24,38.56,2.72
Midwest,North Dakota,38,Black or African American,2018,692,3195.73,590.21,28.77,5.43,38.47,2.42
Midwest,North Dakota,38,Black or African American,2019,733,3177.78,633.12,29.18,5.35,38.39,2.70
Midwest,North Dakota,38,Black or African American,2020,728,3234.68,593.56,29.41,5.65,38.47,2.57
Midwest,North Dakota,38,Black or African American,2021,664,3135.18,627.53,29.68,5.86,38.15,2.89
Midwest,North Dakota,38,Black or African American,2022,651,3192.29,583.82,29.86,5.58,38.41,2.32
Midwest,North Dakota,38,Black or African American,2023,620,3134.37,608.59,29.94,5.48,38.26,2.75
Midwest,North Dakota,38,Black or African American,2024,632,3151.46,661.69,30.18,6.07,38.18,3.01
Midwest,North Dakota,38,Native Hawaiian or Other Pacific Islander,2016,32,3472.84,707.96,25.31,3.88,38.78,2.12
Midwest,North Dakota,38,Native Hawaiian or Other Pacific Islander,2017,42,3385.12,624.59,26.64,5.15,38.60,2.69
Midwest,North Dakota,38,Native Hawaiian or Other Pacific Islander,2018,53,3362.49,470.64,27.75,5.70,39.02,2.72
Midwest,North Dakota,38,Native Hawaiian or Other Pacific Islander,2019,48,3349.62,547.32,26.12,5.28,39.00,2.48
Midwest,North Dakota,38,Native Hawaiian or Other Pacific Islander,2020,59,3284.05,480.92,28.58,5.68,38.34,1.84
Midwest,North Dakota,38,Native Hawaiian or Other Pacific Islander,2021,53,3233.85,536.53,29.06,5.18,37.94,2.40
Midwest,North Dakota,38,Native Hawaiian or Other Pacific Islander,2022,51,3146.61,588.95,26.98,5.10,38.37,3.09
Midwest,North Dakota,38,Native Hawaiian or Other Pacific Islander,2023,49,3200.59,508.46,26.20,4.94,38.24,2.97
Midwest,North Dakota,38,Native Hawaiian or Other Pacific Islander,2024,82,3193.32,574.67,28.05,5.79,38.13,2.49
Midwest,North Dakota,38,White,2016,9048,3364.43,589.39,28.56,5.07,38.79,2.36
Midwest,North Dakota,38,White,2017,8458,3367.84,575.41,28.78,4.98,38.84,2.33
Midwest,North Dakota,38,White,2018,8386,3365.15,567.99,28.81,4.97,38.73,2.27
Midwest,North Dakota,38,White,2019,8207,3348.49,571.02,28.97,5.05,38.67,2.31
Midwest,North Dakota,38,White,2020,7844,3335.03,568.31,29.10,5.01,38.64,2.31
Midwest,North Dakota,38,White,2021,8061,3347.34,557.15,29.17,5.00,38.68,2.18
Midwest,North Dakota,38,White,2022,7636,3337.94,565.57,29.30,5.07,38.65,2.20
Midwest,North Dakota,38,White,2023,7686,3346.47,559.84,29.25,5.04,38.67,2.24
Midwest,North Dakota,38,White,2024,7627,3333.50,560.08,29.20,5.18,38.66,2.24
Midwest,North Dakota,38,More than one race,2016,337,3389.24,550.30,25.99,5.18,38.94,2.49
Midwest,North Dakota,38,More than one race,2017,356,3292.76,605.22,26.32,5.34,38.56,2.53
Midwest,North Dakota,38,More than one race,2018,355,3313.70,566.15,26.46,5.25,38.70,2.36
Midwest,North Dakota,38,More than one race,2019,354,3326.97,586.47,27.15,5.54,38.54,2.34
Midwest,North Dakota,38,More than one race,2020,319,3261.58,588.98,26.63,5.63,38.40,2.54
Midwest,North Dakota,38,More than one race,2021,363,3281.81,636.41,27.48,5.43,38.37,2.57
Midwest,North Dakota,38,More than one race,2022,336,3303.64,587.28,27.31,5.13,38.34,2.47
Midwest,North Dakota,38,More than one race,2023,364,3287.77,604.36,27.02,5.45,38.71,2.49
Midwest,North Dakota,38,More than one race,2024,366,3322.33,600.47,27.40,5.57,38.61,2.21
Midwest,Ohio,39,American Indian or Alaska Native,2016,166,3369.52,522.55,28.31,5.95,38.58,2.60
Midwest,Ohio,39,American Indian or Alaska Native,2017,153,3239.81,589.58,27.54,6.17,38.25,2.79
Midwest,Ohio,39,American Indian or Alaska Native,2018,156,3284.59,667.61,28.02,6.43,38.29,3.10
Midwest,Ohio,39,American Indian or Alaska Native,2019,191,3219.46,593.27,28.48,5.95,38.39,2.68
Midwest,Ohio,39,American Indian or Alaska Native,2020,169,3247.52,694.87,27.82,6.43,38.02,3.49
Midwest,Ohio,39,American Indian or Alaska Native,2021,184,3282.78,591.53,28.32,6.16,38.54,2.46
Midwest,Ohio,39,American Indian or Alaska Native,2022,181,3197.81,644.47,28.74,6.57,38.07,2.89
Midwest,Ohio,39,American Indian or Alaska Native,2023,160,3269.30,597.01,27.30,6.33,38.26,2.70
Midwest,Ohio,39,American Indian or Alaska Native,2024,160,3242.62,537.98,27.34,6.11,38.20,2.83
Midwest,Ohio,39,Asian,2016,4500,3168.43,538.24,30.72,4.97,38.66,2.37
Midwest,Ohio,39,Asian,2017,4552,3148.33,554.58,30.71,4.87,38.60,2.34
Midwest,Ohio,39,Asian,2018,4420,3147.33,537.95,30.87,4.83,38.65,2.33
Midwest,Ohio,39,Asian,2019,4480,3137.00,553.60,31.08,4.84,38.52,2.45
Midwest,Ohio,39,Asian,2020,4089,3153.52,528.60,31.21,4.73,38.60,2.17
Midwest,Ohio,39,Asian,2021,3971,3130.53,559.78,31.40,4.89,38.37,2.41
Midwest,Ohio,39,Asian,2022,4066,3128.78,562.02,31.61,4.94,38.40,2.44
Midwest,Ohio,39,Asian,2023,3980,3129.76,546.49,31.92,4.76,38.42,2.42
Midwest,Ohio,39,Asian,2024,4102,3130.66,554.85,32.16,4.79,38.43,2.45
Midwest,Ohio,39,Black or African American,2016,23520,3052.64,646.74,26.69,5.83,38.06,3.18
Midwest,Ohio,39,Black or African American,2017,23468,3052.17,652.49,26.90,5.80,38.02,3.19
Midwest,Ohio,39,Black or African American,2018,23086,3062.63,639.29,27.18,5.84,38.07,3.03
Midwest,Ohio,39,Black or African American,2019,23460,3057.70,644.54,27.32,5.86,37.99,3.08
Midwest,Ohio,39,Black or African American,2020,22370,3061.29,636.91,27.56,5.94,38.02,3.00
Midwest,Ohio,39,Black or African American,2021,21817,3049.12,644.21,27.72,6.03,37.94,3.01
Midwest,Ohio,39,Black or African American,2022,21439,3045.12,643.15,28.05,6.07,37.98,3.02
Midwest,Ohio,39,Black or African American,2023,21370,3047.25,624.79,28.28,6.17,38.01,2.98
Midwest,Ohio,39,Black or African American,2024,20887,3042.05,640.43,28.55,6.14,37.97,3.03
Midwest,Ohio,39,Native Hawaiian or Other Pacific Islander,2016,80,3294.74,569.39,28.21,5.46,38.53,3.46
Midwest,Ohio,39,Native Hawaiian or Other Pacific Islander,2017,84,3256.75,640.18,26.73,5.35,38.40,3.32
Midwest,Ohio,39,Native Hawaiian or Other Pacific Islander,2018,104,3174.37,529.73,27.21,6.15,38.63,2.72
Midwest,Ohio,39,Native Hawaiian or Other Pacific Islander,2019,140,3213.40,642.53,26.87,5.88,38.01,3.07
Midwest,Ohio,39,Native Hawaiian or Other Pacific Islander,2020,134,3155.82,657.21,26.65,5.88,37.74,3.11
Midwest,Ohio,39,Native Hawaiian or Other Pacific Islander,2021,167,3143.34,608.41,27.25,6.08,38.13,3.59
Midwest,Ohio,39,Native Hawaiian or Other Pacific Islander,2022,169,3151.40,635.29,27.05,5.99,38.30,2.98
Midwest,Ohio,39,Native Hawaiian or Other Pacific Islander,2023,187,3162.24,616.37,27.55,5.85,37.76,3.16
Midwest,Ohio,39,Native Hawaiian or Other Pacific Islander,2024,173,3234.64,483.93,27.17,5.26,38.24,2.57
Midwest,Ohio,39,White,2016,106381,3313.15,589.36,28.34,5.50,38.71,2.48
Midwest,Ohio,39,White,2017,104917,3313.82,584.47,28.43,5.50,38.70,2.42
Midwest,Ohio,39,White,2018,103675,3314.79,582.79,28.57,5.50,38.67,2.42
Midwest,Ohio,39,White,2019,102148,3306.72,579.18,28.67,5.50,38.62,2.42
Midwest,Ohio,39,White,2020,98441,3310.50,573.80,28.79,5.49,38.61,2.34
Midwest,Ohio,39,White,2021,99631,3306.13,576.70,28.93,5.45,38.54,2.36
Midwest,Ohio,39,White,2022,98318,3297.23,574.87,28.98,5.46,38.57,2.37
Midwest,Ohio,39,White,2023,96869,3294.17,580.23,29.06,5.49,38.55,2.41
Midwest,Ohio,39,White,2024,96971,3295.49,577.25,29.13,5.48,38.55,2.40
Midwest,Ohio,39,More than one race,2016,3438,3193.22,590.59,25.43,5.66,38.64,2.62
Midwest,Ohio,39,More than one race,2017,3658,3186.27,601.01,25.62,5.63,38.49,2.78
Midwest,Ohio,39,More than one race,2018,3693,3211.36,604.71,25.93,5.64,38.50,2.71
Midwest,Ohio,39,More than one race,2019,4042,3169.84,620.38,25.81,5.67,38.36,2.83
Midwest,Ohio,39,More than one race,2020,3988,3188.72,612.68,26.09,5.63,38.37,2.74
Midwest,Ohio,39,More than one race,2021,4021,3181.30,592.92,26.20,5.65,38.34,2.64
Midwest,Ohio,39,More than one race,2022,4058,3166.80,602.42,26.53,5.66,38.37,2.69
Midwest,Ohio,39,More than one race,2023,4330,3168.34,612.07,26.67,5.66,38.36,2.77
Midwest,Ohio,39,More than one race,2024,4502,3189.23,587.17,26.93,5.64,38.34,2.67
Midwest,South Dakota,46,American Indian or Alaska Native,2016,1867,3346.74,623.03,25.59,5.59,38.26,2.86
Midwest,South Dakota,46,American Indian or Alaska Native,2017,1880,3367.92,632.54,25.86,5.75,38.24,2.87
Midwest,South Dakota,46,American Indian or Alaska Native,2018,1746,3363.56,598.03,26.13,5.86,38.24,2.84
Midwest,South Dakota,46,American Indian or Alaska Native,2019,1703,3353.45,624.36,26.20,5.95,38.13,2.79
Midwest,South Dakota,46,American Indian or Alaska Native,2020,1584,3346.71,638.42,26.00,5.85,38.17,2.95
Midwest,South Dakota,46,American Indian or Alaska Native,2021,1612,3301.33,626.60,26.21,5.98,37.99,2.95
Midwest,South Dakota,46,American Indian or Alaska Native,2022,1547,3280.27,650.21,26.31,5.97,38.02,3.02
Midwest,South Dakota,46,American Indian or Alaska Native,2023,1446,3315.03,619.87,26.07,6.14,38.08,2.98
Midwest,South Dakota,46,American Indian or Alaska Native,2024,1562,3297.82,629.02,26.42,6.05,38.11,2.98
Midwest,South Dakota,46,Asian,2016,274,3151.85,471.92,28.00,5.83,38.55,2.16
Midwest,South Dakota,46,Asian,2017,255,3101.25,577.23,28.85,5.63,38.35,2.84
Midwest,South Dakota,46,Asian,2018,229,3114.54,568.80,28.62,5.05,38.41,2.57
Midwest,South Dakota,46,Asian,2019,211,3148.08,543.51,29.05,5.52,38.45,2.97
Midwest,South Dakota,46,Asian,2020,220,3161.37,547.27,30.00,5.61,38.44,2.10
Midwest,South Dakota,46,Asian,2021,213,3127.15,552.51,30.54,5.19,38.11,2.29
Midwest,South Dakota,46,Asian,2022,204,3130.88,588.23,30.54,5.70,38.18,2.36
Midwest,South Dakota,46,Asian,2023,212,3014.40,645.67,30.42,5.12,38.05,2.83
Midwest,South Dakota,46,Asian,2024,207,3204.80,560.10,30.98,5.26,38.30,2.41
Midwest,South Dakota,46,Black or African American,2016,376,3217.07,606.34,28.66,5.65,38.70,2.58
Midwest,South Dakota,46,Black or African American,2017,416,3202.82,619.91,28.89,5.56,38.43,2.83
Midwest,South Dakota,46,Black or African American,2018,427,3219.78,559.34,28.85,5.90,38.53,2.48
Midwest,South Dakota,46,Black or African American,2019,433,3153.92,621.52,28.99,5.39,38.18,3.03
Midwest,South Dakota,46,Black or African American,2020,400,3204.84,572.12,29.18,5.54,38.53,2.62
Midwest,South Dakota,46,Black or African American,2021,410,3147.04,600.55,29.70,5.83,38.19,2.57
Midwest,South Dakota,46,Black or African American,2022,395,3180.45,525.31,30.43,6.18,38.50,2.09
Midwest,South Dakota,46,Black or African American,2023,368,3124.79,620.11,29.96,6.09,38.05,2.94
Midwest,South Dakota,46,Black or African American,2024,407,3093.30,621.58,29.81,6.45,37.97,2.88
Midwest,South Dakota,46,Native Hawaiian or Other Pacific Islander,2016,13,3075.15,633.68,27.85,5.23,38.08,1.77
Midwest,South Dakota,46,Native Hawaiian or Other Pacific Islander,2017,12,3337.00,228.36,29.92,5.92,39.33,2.29
Midwest,South Dakota,46,Native Hawaiian or Other Pacific Islander,2018,20,3212.25,522.17,26.55,6.56,38.20,2.44
Midwest,South Dakota,46,Native Hawaiian or Other Pacific Islander,2019,16,3316.38,452.09,26.25,5.71,38.88,1.76
Midwest,South Dakota,46,Native Hawaiian or Other Pacific Islander,2020,19,3327.63,418.19,28.95,3.73,38.32,1.13
Midwest,South Dakota,46,Native Hawaiian or Other Pacific Islander,2021,16,3061.00,288.47,28.62,6.57,38.06,1.48
Midwest,South Dakota,46,Native Hawaiian or Other Pacific Islander,2022,31,3237.35,425.09,25.23,4.90,38.68,2.58
Midwest,South Dakota,46,Native Hawaiian or Other Pacific Islander,2023,23,2985.70,809.11,28.78,6.37,37.52,4.07
Midwest,South Dakota,46,Native Hawaiian or Other Pacific Islander,2024,27,3280.15,420.85,28.81,6.07,37.73,2.28
Midwest,South Dakota,46,White,2016,9344,3348.16,562.41,28.60,5.19,38.78,2.19
Midwest,South Dakota,46,White,2017,9126,3340.62,573.91,28.82,5.18,38.72,2.29
Midwest,South Dakota,46,White,2018,8996,3341.35,553.99,28.93,5.05,38.68,2.13
Midwest,South Dakota,46,White,2019,8653,3326.41,566.62,28.99,5.08,38.59,2.23
Midwest,South Dakota,46,White,2020,8279,3324.90,548.67,28.97,5.14,38.60,2.15
Midwest,South Dakota,46,White,2021,8657,3313.15,554.13,29.16,5.13,38.55,2.16
Midwest,South Dakota,46,White,2022,8573,3311.97,546.53,29.16,5.19,38.53,2.11
Midwest,South Dakota,46,White,2023,8706,3303.34,553.04,29.18,5.18,38.51,2.21
Midwest,South Dakota,46,White,2024,8820,3306.27,562.38,29.30,5.18,38.57,2.28
Midwest,South Dakota,46,More than one race,2016,401,3273.10,613.10,25.95,5.73,38.37,2.85
Midwest,South Dakota,46,More than one race,2017,445,3338.35,561.52,25.95,5.50,38.72,2.41
Midwest,South Dakota,46,More than one race,2018,475,3270.38,623.10,25.93,5.18,38.37,2.75
Midwest,South Dakota,46,More than one race,2019,433,3336.45,569.03,26.71,5.81,38.52,2.37
Midwest,South Dakota,46,More than one race,2020,458,3244.25,674.28,27.02,5.66,38.18,2.89
Midwest,South Dakota,46,More than one race,2021,461,3215.30,632.32,26.56,5.44,38.16,2.55
Midwest,South Dakota,46,More than one race,2022,451,3276.59,602.83,27.00,5.31,38.45,2.51
Midwest,South Dakota,46,More than one race,2023,446,3274.59,593.31,27.33,5.60,38.53,2.49
Midwest,South Dakota,46,More than one race,2024,428,3268.68,575.88,27.78,5.55,38.41,2.35
Midwest,Wisconsin,55,American Indian or Alaska Native,2016,821,3376.93,655.47,26.75,5.81,38.57,2.64
Midwest,Wisconsin,55,American Indian or Alaska Native,2017,845,3348.94,648.23,26.93,5.61,38.51,2.88
Midwest,Wisconsin,55,American Indian or Alaska Native,2018,823,3383.67,642.70,27.00,5.71,38.58,2.68
Midwest,Wisconsin,55,American Indian or Alaska Native,2019,751,3372.13,613.51,27.37,5.86,38.66,2.51
Midwest,Wisconsin,55,American Indian or Alaska Native,2020,710,3387.09,629.39,27.46,5.79,38.52,2.43
Midwest,Wisconsin,55,American Indian or Alaska Native,2021,707,3323.31,651.98,27.72,5.94,38.34,2.82
Midwest,Wisconsin,55,American Indian or Alaska Native,2022,606,3302.66,609.21,28.18,5.98,38.34,2.73
Midwest,Wisconsin,55,American Indian or Alaska Native,2023,607,3302.78,638.11,27.71,5.87,38.32,2.99
Midwest,Wisconsin,55,American Indian or Alaska Native,2024,586,3325.75,673.51,27.93,6.24,38.21,2.87
Midwest,Wisconsin,55,Asian,2016,3324,3179.83,541.07,29.23,5.20,38.77,2.40
Midwest,Wisconsin,55,Asian,2017,3114,3179.50,541.54,29.53,5.26,38.77,2.47
Midwest,Wisconsin,55,Asian,2018,3218,3179.15,534.10,29.83,5.31,38.76,2.41
Midwest,Wisconsin,55,Asian,2019,2994,3188.11,539.12,30.04,5.08,38.75,2.49
Midwest,Wisconsin,55,Asian,2020,2937,3171.88,543.87,30.30,5.30,38.69,2.50
Midwest,Wisconsin,55,Asian,2021,2746,3159.07,550.67,30.71,5.11,38.59,2.44
Midwest,Wisconsin,55,Asian,2022,2726,3167.29,538.56,31.02,5.12,38.60,2.43
Midwest,Wisconsin,55,Asian,2023,2738,3153.19,525.43,30.92,5.19,38.65,2.18
Midwest,Wisconsin,55,Asian,2024,2885,3159.21,545.44,31.30,5.24,38.59,2.34
Midwest,Wisconsin,55,Black or African American,2016,6848,3041.42,644.38,26.22,5.64,38.10,3.04
Midwest,Wisconsin,55,Black or African American,2017,7148,3034.68,638.55,26.37,5.65,38.10,3.03
Midwest,Wisconsin,55,Black or African American,2018,6867,3007.66,639.38,26.69,5.82,38.00,3.01
Midwest,Wisconsin,55,Black or African American,2019,7092,3026.29,633.59,26.90,5.79,38.00,3.04
Midwest,Wisconsin,55,Black or African American,2020,6698,3006.90,645.18,26.84,5.84,37.95,2.99
Midwest,Wisconsin,55,Black or African American,2021,6265,3007.46,622.24,27.28,5.91,37.99,2.86
Midwest,Wisconsin,55,Black or African American,2022,6010,2988.83,629.62,27.44,5.88,37.95,2.83
Midwest,Wisconsin,55,Black or African American,2023,5962,2993.77,631.39,27.74,6.11,37.92,3.01
Midwest,Wisconsin,55,Black or African American,2024,5834,3000.77,617.71,27.85,6.11,38.03,2.94
Midwest,Wisconsin,55,Native Hawaiian or Other Pacific Islander,2016,30,3318.40,644.34,29.27,4.17,37.90,2.49
Midwest,Wisconsin,55,Native Hawaiian or Other Pacific Islander,2017,35,3220.76,501.70,28.37,5.19,38.26,2.54
Midwest,Wisconsin,55,Native Hawaiian or Other Pacific Islander,2018,35,3173.86,639.02,29.40,5.25,38.00,2.16
Midwest,Wisconsin,55,Native Hawaiian or Other Pacific Islander,2019,37,3265.27,557.83,28.41,5.79,38.70,2.60
Midwest,Wisconsin,55,Native Hawaiian or Other Pacific Islander,2020,29,3264.97,555.77,30.17,5.38,38.10,2.28
Midwest,Wisconsin,55,Native Hawaiian or Other Pacific Islander,2021,31,3320.00,444.15,28.90,6.41,38.74,1.68
Midwest,Wisconsin,55,Native Hawaiian or Other Pacific Islander,2022,37,3294.54,364.33,30.00,5.06,38.03,1.81
Midwest,Wisconsin,55,Native Hawaiian or Other Pacific Islander,2023,33,3330.67,778.40,28.97,5.17,38.30,2.96
Midwest,Wisconsin,55,Native Hawaiian or Other Pacific Islander,2024,34,3339.97,421.60,28.00,6.08,38.45,1.83
Midwest,Wisconsin,55,White,2016,54116,3370.73,582.26,29.27,5.23,38.82,2.29
Midwest,Wisconsin,55,White,2017,52316,3364.45,582.75,29.37,5.26,38.81,2.32
Midwest,Wisconsin,55,White,2018,51636,3364.13,581.97,29.53,5.24,38.78,2.28
Midwest,Wisconsin,55,White,2019,50860,3355.53,583.01,29.59,5.25,38.71,2.29
Midwest,Wisconsin,55,White,2020,48714,3353.06,574.59,29.71,5.22,38.70,2.24
Midwest,Wisconsin,55,White,2021,50419,3345.63,577.00,29.81,5.19,38.66,2.22
Midwest,Wisconsin,55,White,2022,49082,3336.41,576.57,29.91,5.20,38.65,2.26
Midwest,Wisconsin,55,White,2023,48834,3335.94,570.15,29.86,5.25,38.66,2.24
Midwest,Wisconsin,55,White,2024,48742,3336.93,570.65,29.90,5.27,38.67,2.26
Midwest,Wisconsin,55,More than one race,2016,1476,3257.17,625.82,26.35,5.78,38.64,2.51
Midwest,Wisconsin,55,More than one race,2017,1517,3226.87,618.59,26.52,5.65,38.51,2.61
Midwest,Wisconsin,55,More than one race,2018,1519,3231.78,631.08,26.66,5.86,38.58,2.71
Midwest,Wisconsin,55,More than one race,2019,1536,3252.37,572.51,26.81,5.73,38.60,2.31
Midwest,Wisconsin,55,More than one race,2020,1506,3235.23,607.00,27.01,5.59,38.50,2.41
Midwest,Wisconsin,55,More than one race,2021,1613,3239.55,596.01,27.37,5.79,38.51,2.45
Midwest,Wisconsin,55,More than one race,2022,1588,3210.99,599.93,27.45,5.84,38.48,2.58
Midwest,Wisconsin,55,More than one race,2023,1580,3220.35,621.69,27.64,6.07,38.49,2.69
Midwest,Wisconsin,55,More than one race,2024,1605,3211.14,604.81,27.60,5.94,38.37,2.45
South,Alabama,01,American Indian or Alaska Native,2016,133,3187.50,578.03,26.00,5.58,38.47,2.71
South,Alabama,01,American Indian or Alaska Native,2017,150,3219.79,560.29,26.99,5.46,38.44,2.50
South,Alabama,01,American Indian or Alaska Native,2018,175,3118.93,609.02,26.65,6.12,38.13,2.97
South,Alabama,01,American Indian or Alaska Native,2019,189,3202.64,617.55,26.82,5.93,38.22,3.00
South,Alabama,01,American Indian or Alaska Native,2020,185,3127.49,645.07,26.90,5.98,37.92,3.03
South,Alabama,01,American Indian or Alaska Native,2021,214,3205.89,531.15,27.79,6.16,38.45,2.09
South,Alabama,01,American Indian or Alaska Native,2022,170,3219.94,539.47,27.30,5.71,38.39,2.29
South,Alabama,01,American Indian or Alaska Native,2023,194,3063.04,619.27,27.26,5.93,38.03,3.00
South,Alabama,01,American Indian or Alaska Native,2024,235,3217.24,534.22,26.67,5.88,38.38,2.71
South,Alabama,01,Asian,2016,1041,3135.10,588.18,31.02,4.88,38.43,2.62
South,Alabama,01,Asian,2017,1005,3140.51,546.09,31.17,4.87,38.36,2.57
South,Alabama,01,Asian,2018,946,3171.01,569.73,31.12,4.88,38.45,2.44
South,Alabama,01,Asian,2019,930,3179.25,526.12,31.05,5.16,38.52,2.33
South,Alabama,01,Asian,2020,899,3170.22,536.37,31.56,5.13,38.51,2.21
South,Alabama,01,Asian,2021,892,3136.28,580.36,31.43,4.93,38.36,2.47
South,Alabama,01,Asian,2022,824,3136.79,542.36,31.70,4.86,38.37,2.37
South,Alabama,01,Asian,2023,870,3106.54,567.20,31.48,5.12,38.19,2.57
South,Alabama,01,Asian,2024,984,3123.60,586.62,31.92,5.08,38.24,2.48
South,Alabama,01,Black or African American,2016,18181,3008.74,649.11,26.20,5.62,37.91,3.29
South,Alabama,01,Black or African American,2017,18467,3003.06,637.38,26.43,5.60,37.88,3.14
South,Alabama,01,Black or African American,2018,17738,2991.39,640.51,26.64,5.64,37.78,3.13
South,Alabama,01,Black or African American,2019,18401,2988.24,640.50,26.74,5.63,37.73,3.13
South,Alabama,01,Black or African American,2020,18016,2996.26,646.67,26.92,5.74,37.76,3.14
South,Alabama,01,Black or African American,2021,16793,2994.25,640.64,27.08,5.81,37.77,3.05
South,Alabama,01,Black or African American,2022,16390,2986.33,627.55,27.41,5.86,37.84,3.03
South,Alabama,01,Black or African American,2023,15764,2980.57,635.40,27.48,5.91,37.76,3.13
South,Alabama,01,Black or African American,2024,14932,2979.72,635.42,27.81,5.94,37.73,3.13
South,Alabama,01,Native Hawaiian or Other Pacific Islander,2016,143,3260.45,557.78,26.87,5.85,38.72,3.03
South,Alabama,01,Native Hawaiian or Other Pacific Islander,2017,76,3313.92,419.69,26.37,6.09,38.30,3.13
South,Alabama,01,Native Hawaiian or Other Pacific Islander,2018,122,3160.85,552.25,26.38,6.16,38.02,2.89
South,Alabama,01,Native Hawaiian or Other Pacific Islander,2019,76,3218.71,410.87,27.18,5.99,38.28,2.02
South,Alabama,01,Native Hawaiian or Other Pacific Islander,2020,93,3229.63,477.18,28.10,6.19,38.29,2.52
South,Alabama,01,Native Hawaiian or Other Pacific Islander,2021,94,3204.87,531.35,27.12,6.02,38.34,2.03
South,Alabama,01,Native Hawaiian or Other Pacific Islander,2022,106,3052.36,572.35,26.97,5.33,37.92,2.96
South,Alabama,01,Native Hawaiian or Other Pacific Islander,2023,112,3263.79,395.67,27.28,6.04,38.64,2.17
South,Alabama,01,Native Hawaiian or Other Pacific Islander,2024,144,3142.06,696.31,27.41,5.68,37.86,3.49
South,Alabama,01,White,2016,38778,3279.70,585.91,27.57,5.50,38.53,2.56
South,Alabama,01,White,2017,38285,3280.24,580.37,27.65,5.53,38.49,2.54
South,Alabama,01,White,2018,37865,3276.46,581.36,27.73,5.52,38.45,2.49
South,Alabama,01,White,2019,37932,3275.53,573.74,27.77,5.53,38.42,2.48
South,Alabama,01,White,2020,37421,3268.30,583.28,27.90,5.55,38.44,2.44
South,Alabama,01,White,2021,38934,3264.55,576.59,27.98,5.52,38.39,2.47
South,Alabama,01,White,2022,39446,3264.79,565.67,28.03,5.53,38.43,2.45
South,Alabama,01,White,2023,39690,3262.55,577.05,28.13,5.56,38.37,2.51
South,Alabama,01,White,2024,40415,3271.40,572.77,28.14,5.53,38.41,2.48
South,Alabama,01,More than one race,2016,875,3212.59,620.44,25.62,5.76,38.43,2.83
South,Alabama,01,More than one race,2017,958,3169.61,566.74,25.80,5.53,38.41,2.52
South,Alabama,01,More than one race,2018,915,3144.00,611.97,26.21,5.92,38.10,2.88
South,Alabama,01,More than one race,2019,1087,3186.01,570.34,25.84,5.55,38.39,2.72
South,Alabama,01,More than one race,2020,1033,3147.38,550.55,25.68,5.55,38.39,2.46
South,Alabama,01,More than one race,2021,1127,3178.45,613.49,26.35,5.86,38.22,2.85
South,Alabama,01,More than one race,2022,1213,3172.26,590.96,26.34,5.67,38.31,2.67
South,Alabama,01,More than one race,2023,1228,3150.47,602.78,26.45,5.89,38.19,2.81
South,Alabama,01,More than one race,2024,1224,3182.69,583.55,26.71,5.64,38.36,2.62
South,Arkansas,05,American Indian or Alaska Native,2016,270,3362.46,570.66,26.53,5.79,38.56,2.46
South,Arkansas,05,American Indian or Alaska Native,2017,290,3351.13,515.61,26.64,6.09,38.64,2.19
South,Arkansas,05,American Indian or Alaska Native,2018,264,3352.86,530.59,26.39,5.53,38.60,2.24
South,Arkansas,05,American Indian or Alaska Native,2019,253,3242.43,692.14,27.60,5.81,38.51,2.80
South,Arkansas,05,American Indian or Alaska Native,2020,252,3314.91,563.95,27.22,5.76,38.43,2.63
South,Arkansas,05,American Indian or Alaska Native,2021,266,3328.00,563.92,27.23,5.39,38.76,2.49
South,Arkansas,05,American Indian or Alaska Native,2022,285,3226.38,631.28,27.18,5.92,38.52,2.87
South,Arkansas,05,American Indian or Alaska Native,2023,257,3328.25,671.33,27.23,5.99,38.44,2.71
South,Arkansas,05,American Indian or Alaska Native,2024,221,3214.23,568.91,27.29,5.64,38.49,2.43
South,Arkansas,05,Asian,2016,866,3196.15,549.02,30.09,4.88,38.66,2.44
South,Arkansas,05,Asian,2017,870,3160.26,529.67,30.26,5.12,38.62,2.25
South,Arkansas,05,Asian,2018,825,3196.95,559.21,30.04,4.82,38.52,2.31
South,Arkansas,05,Asian,2019,761,3151.06,569.75,30.34,5.01,38.57,2.34
South,Arkansas,05,Asian,2020,858,3146.21,527.32,30.79,5.09,38.50,2.22
South,Arkansas,05,Asian,2021,855,3161.31,575.35,31.18,5.05,38.38,2.48
South,Arkansas,05,Asian,2022,831,3168.61,513.78,31.16,5.12,38.63,1.91
South,Arkansas,05,Asian,2023,848,3129.91,596.79,31.33,5.14,38.35,2.81
South,Arkansas,05,Asian,2024,917,3108.78,529.75,31.39,4.92,38.45,2.27
South,Arkansas,05,Black or African American,2016,7462,3028.54,629.06,25.73,5.65,38.03,3.05
South,Arkansas,05,Black or African American,2017,7536,3034.11,629.36,25.86,5.60,38.25,3.15
South,Arkansas,05,Black or African American,2018,7271,3002.95,622.34,25.99,5.65,37.84,3.04
South,Arkansas,05,Black or African American,2019,7362,3009.05,629.75,26.01,5.61,37.83,3.07
South,Arkansas,05,Black or African American,2020,7194,3014.13,620.19,26.14,5.64,37.89,2.90
South,Arkansas,05,Black or African American,2021,6890,2989.77,637.91,26.36,5.73,37.82,3.03
South,Arkansas,05,Black or African American,2022,6511,2996.62,621.30,26.57,5.80,37.83,2.92
South,Arkansas,05,Black or African American,2023,6597,2984.20,629.04,26.85,5.93,37.78,2.99
South,Arkansas,05,Black or African American,2024,5868,2986.55,643.01,26.97,5.94,37.81,2.99
South,Arkansas,05,Native Hawaiian or Other Pacific Islander,2016,469,3168.44,569.36,26.71,5.71,37.97,3.33
South,Arkansas,05,Native Hawaiian or Other Pacific Islander,2017,538,3118.61,554.35,26.89,5.72,38.16,3.17
South,Arkansas,05,Native Hawaiian or Other Pacific Islander,2018,556,3112.30,531.23,27.61,5.82,37.92,3.24
South,Arkansas,05,Native Hawaiian or Other Pacific Islander,2019,617,3129.34,517.55,27.50,6.01,38.01,3.34
South,Arkansas,05,Native Hawaiian or Other Pacific Islander,2020,573,3146.75,547.05,27.60,6.08,37.88,3.08
South,Arkansas,05,Native Hawaiian or Other Pacific Islander,2021,597,3100.38,560.08,27.33,6.21,38.12,3.02
South,Arkansas,05,Native Hawaiian or Other Pacific Islander,2022,636,3142.51,549.72,27.88,6.48,38.01,2.87
South,Arkansas,05,Native Hawaiian or Other Pacific Islander,2023,594,3128.63,516.79,27.31,6.08,38.00,2.97
South,Arkansas,05,Native Hawaiian or Other Pacific Islander,2024,542,3119.95,549.52,27.69,6.30,37.95,2.93
South,Arkansas,05,White,2016,28583,3305.09,581.14,26.97,5.58,38.69,2.48
South,Arkansas,05,White,2017,27581,3285.27,586.04,27.07,5.55,38.65,2.57
South,Arkansas,05,White,2018,27419,3290.68,575.95,27.25,5.60,38.58,2.48
South,Arkansas,05,White,2019,26878,3283.88,579.85,27.31,5.61,38.54,2.43
South,Arkansas,05,White,2020,25704,3280.66,578.34,27.40,5.63,38.51,2.41
South,Arkansas,05,White,2021,26622,3278.66,579.10,27.52,5.60,38.48,2.42
South,Arkansas,05,White,2022,26445,3267.10,571.59,27.60,5.58,38.49,2.37
South,Arkansas,05,White,2023,26100,3267.36,575.99,27.62,5.59,38.46,2.42
South,Arkansas,05,White,2024,26927,3260.78,571.90,27.74,5.57,38.43,2.39
South,Arkansas,05,More than one race,2016,624,3227.48,580.19,25.15,5.38,38.61,2.55
South,Arkansas,05,More than one race,2017,705,3195.24,611.48,25.35,5.45,38.72,2.73
South,Arkansas,05,More than one race,2018,683,3212.15,560.62,25.42,5.80,38.59,2.55
South,Arkansas,05,More than one race,2019,693,3230.72,602.82,25.43,5.46,38.50,2.59
South,Arkansas,05,More than one race,2020,670,3174.45,659.73,25.52,5.56,38.31,2.76
South,Arkansas,05,More than one race,2021,735,3210.33,589.97,26.02,5.69,38.35,2.62
South,Arkansas,05,More than one race,2022,763,3171.73,600.73,25.71,5.53,38.37,2.53
South,Arkansas,05,More than one race,2023,868,3186.78,614.47,26.22,5.62,38.29,2.54
South,Arkansas,05,More than one race,2024,920,3190.30,584.83,25.96,5.50,38.37,2.46
South,Delaware,10,American Indian or Alaska Native,2016,19,3343.11,781.83,27.53,5.95,38.68,2.64
South,Delaware,10,American Indian or Alaska Native,2017,33,3022.70,628.99,26.73,5.77,37.58,3.55
South,Delaware,10,American Indian or Alaska Native,2018,19,3000.21,661.53,30.00,5.89,38.37,2.76
South,Delaware,10,American Indian or Alaska Native,2019,25,3106.48,887.97,27.84,5.75,37.20,4.10
South,Delaware,10,American Indian or Alaska Native,2020,32,3181.75,538.49,26.84,6.06,37.81,2.71
South,Delaware,10,American Indian or Alaska Native,2021,17,3277.71,601.99,28.35,5.70,38.24,3.17
South,Delaware,10,American Indian or Alaska Native,2022,22,3149.86,517.14,28.73,5.11,38.59,2.33
South,Delaware,10,American Indian or Alaska Native,2023,32,3227.84,553.56,28.06,6.90,38.75,2.15
South,Delaware,10,American Indian or Alaska Native,2024,32,3130.19,569.29,29.66,6.89,37.88,2.06
South,Delaware,10,Asian,2016,663,3199.79,561.54,30.88,4.63,38.79,2.53
South,Delaware,10,Asian,2017,695,3158.52,557.30,30.86,4.36,38.65,2.47
South,Delaware,10,Asian,2018,651,3218.94,496.00,31.37,4.37,38.88,1.89
South,Delaware,10,Asian,2019,640,3167.38,517.16,31.36,4.35,38.76,2.27
South,Delaware,10,Asian,2020,624,3135.67,515.48,31.87,4.40,38.62,2.07
South,Delaware,10,Asian,2021,548,3147.42,544.14,32.20,4.49,38.61,2.51
South,Delaware,10,Asian,2022,568,3141.99,551.58,32.34,4.49,38.88,2.63
South,Delaware,10,Asian,2023,642,3155.85,498.94,32.28,4.43,38.83,2.13
South,Delaware,10,Asian,2024,620,3144.86,532.72,32.18,4.26,38.79,2.25
South,Delaware,10,Black or African American,2016,3075,3103.38,647.99,27.66,6.01,38.10,3.28
South,Delaware,10,Black or African American,2017,3117,3097.82,664.33,27.88,5.97,38.13,3.26
South,Delaware,10,Black or African American,2018,3033,3084.53,644.01,28.01,6.01,38.19,3.16
South,Delaware,10,Black or African American,2019,3064,3077.95,676.81,28.20,6.13,38.06,3.19
South,Delaware,10,Black or African American,2020,2989,3078.00,634.84,28.45,6.02,38.05,3.04
South,Delaware,10,Black or African American,2021,2966,3081.57,629.40,28.66,6.04,38.22,2.83
South,Delaware,10,Black or African American,2022,3145,3075.36,648.71,28.82,6.20,38.24,3.27
South,Delaware,10,Black or African American,2023,2987,3087.38,639.79,29.18,6.35,38.33,3.05
South,Delaware,10,Black or African American,2024,3049,3079.45,660.09,29.30,6.34,38.26,3.23
South,Delaware,10,Native Hawaiian or Other Pacific Islander,2016,12,3316.67,811.83,30.42,6.87,38.58,2.29
South,Delaware,10,Native Hawaiian or Other Pacific Islander,2017,,,,,,,
South,Delaware,10,Native Hawaiian or Other Pacific Islander,2018,,,,,,,
South,Delaware,10,Native Hawaiian or Other Pacific Islander,2019,27,3034.48,684.12,27.22,7.92,37.85,3.71
South,Delaware,10,Native Hawaiian or Other Pacific Islander,2020,18,3124.56,802.36,31.83,7.43,37.67,4.58
South,Delaware,10,Native Hawaiian or Other Pacific Islander,2021,13,3096.85,636.67,29.00,5.60,38.23,2.89
South,Delaware,10,Native Hawaiian or Other Pacific Islander,2022,32,2901.55,751.39,28.75,7.16,37.00,3.94
South,Delaware,10,Native Hawaiian or Other Pacific Islander,2023,16,3257.50,385.79,30.25,6.03,39.06,2.95
South,Delaware,10,Native Hawaiian or Other Pacific Islander,2024,34,3288.35,462.06,27.65,5.52,38.94,2.06
South,Delaware,10,White,2016,6942,3343.06,605.45,29.07,5.52,38.69,2.69
South,Delaware,10,White,2017,6669,3349.57,573.93,29.18,5.55,38.78,2.41
South,Delaware,10,White,2018,6597,3332.69,574.41,29.30,5.52,38.79,2.43
South,Delaware,10,White,2019,6433,3317.58,585.95,29.56,5.46,38.67,2.52
South,Delaware,10,White,2020,6408,3317.00,561.92,29.57,5.57,38.67,2.43
South,Delaware,10,White,2021,6585,3305.22,568.27,29.64,5.54,38.64,2.46
South,Delaware,10,White,2022,6701,3303.07,571.51,29.77,5.63,38.85,2.52
South,Delaware,10,White,2023,6390,3307.87,569.70,29.89,5.63,38.78,2.58
South,Delaware,10,White,2024,6430,3313.38,586.08,29.93,5.66,38.71,2.56
South,Delaware,10,More than one race,2016,281,3193.62,584.77,26.26,6.19,38.64,2.66
South,Delaware,10,More than one race,2017,333,3217.68,638.47,25.85,5.67,38.55,2.79
South,Delaware,10,More than one race,2018,314,3204.22,581.68,27.06,6.41,38.56,2.65
South,Delaware,10,More than one race,2019,373,3201.14,608.17,26.70,5.62,38.52,2.93
South,Delaware,10,More than one race,2020,321,3220.98,557.25,26.94,5.98,38.56,2.26
South,Delaware,10,More than one race,2021,353,3140.57,633.66,27.18,6.32,38.21,2.90
South,Delaware,10,More than one race,2022,348,3166.28,622.94,27.20,6.04,38.57,2.77
South,Delaware,10,More than one race,2023,360,3156.27,653.08,26.57,5.82,38.39,3.09
South,Delaware,10,More than one race,2024,385,3162.52,559.71,26.46,5.62,38.50,2.57
South,District of Columbia,11,American Indian or Alaska Native,2016,16,3303.94,588.95,28.56,5.71,38.69,1.31
South,District of Columbia,11,American Indian or Alaska Native,2017,15,3381.73,634.86,31.33,6.05,38.53,2.19
South,District of Columbia,11,American Indian or Alaska Native,2018,25,3272.40,453.92,27.84,5.14,38.72,1.89
South,District of Columbia,11,American Indian or Alaska Native,2019,25,3128.92,584.88,28.92,6.22,38.24,3.56
South,District of Columbia,11,American Indian or Alaska Native,2020,67,3179.43,563.15,29.01,5.93,38.78,2.54
South,District of Columbia,11,American Indian or Alaska Native,2021,37,3240.00,431.68,29.38,5.55,38.84,1.55
South,District of Columbia,11,American Indian or Alaska Native,2022,26,3222.31,595.82,30.12,6.84,38.12,3.10
South,District of Columbia,11,American Indian or Alaska Native,2023,52,3224.15,525.85,30.52,6.68,37.75,2.40
South,District of Columbia,11,American Indian or Alaska Native,2024,45,3241.76,555.71,29.64,6.77,38.80,2.10
South,District of Columbia,11,Asian,2016,497,3198.45,514.58,33.58,4.86,38.76,2.21
South,District of Columbia,11,Asian,2017,473,3223.53,527.38,33.57,5.24,38.83,2.09
South,District of Columbia,11,Asian,2018,476,3227.59,505.96,34.23,4.54,38.85,2.24
South,District of Columbia,11,Asian,2019,422,3262.54,514.55,33.89,4.84,38.91,1.87
South,District of Columbia,11,Asian,2020,429,3229.22,564.01,34.60,4.44,38.79,2.07
South,District of Columbia,11,Asian,2021,446,3190.43,535.94,34.25,4.81,38.69,2.35
South,District of Columbia,11,Asian,2022,434,3179.11,548.38,34.68,4.78,38.56,1.96
South,District of Columbia,11,Asian,2023,376,3206.80,560.18,34.82,4.26,38.59,2.26
South,District of Columbia,11,Asian,2024,387,3199.97,481.69,35.25,4.18,38.63,1.92
South,District of Columbia,11,Black or African American,2016,5480,3116.89,646.10,27.77,6.06,38.34,3.00
South,District of Columbia,11,Black or African American,2017,5202,3093.75,678.67,28.01,6.10,38.12,3.00
South,District of Columbia,11,Black or African American,2018,4509,3084.55,657.27,28.35,6.07,38.14,3.00
South,District of Columbia,11,Black or African American,2019,4417,3076.16,652.77,28.62,6.03,38.19,2.87
South,District of Columbia,11,Black or African American,2020,4266,3094.36,637.24,28.81,6.15,38.28,2.68
South,District of Columbia,11,Black or African American,2021,3869,3080.36,645.29,29.18,6.10,38.10,2.81
South,District of Columbia,11,Black or African American,2022,3744,3067.88,648.50,29.42,6.15,38.02,2.83
South,District of Columbia,11,Black or African American,2023,3626,3069.24,661.76,29.54,6.28,37.94,2.89
South,District of Columbia,11,Black or African American,2024,3460,3055.51,663.60,29.67,6.24,37.92,3.03
South,District of Columbia,11,Native Hawaiian or Other Pacific Islander,2016,19,3449.00,395.79,31.05,4.84,40.05,2.06
South,District of Columbia,11,Native Hawaiian or Other Pacific Islander,2017,26,3304.96,598.32,28.23,6.05,38.77,2.42
South,District of Columbia,11,Native Hawaiian or Other Pacific Islander,2018,49,3263.78,538.34,28.20,6.13,38.59,2.29
South,District of Columbia,11,Native Hawaiian or Other Pacific Islander,2019,23,3455.52,477.43,31.13,5.50,38.78,1.77
South,District of Columbia,11,Native Hawaiian or Other Pacific Islander,2020,,,,,,,
South,District of Columbia,11,Native Hawaiian or Other Pacific Islander,2021,13,3253.31,552.46,30.77,6.73,37.62,2.43
South,District of Columbia,11,Native Hawaiian or Other Pacific Islander,2022,15,3262.07,826.48,30.00,6.55,38.47,1.15
South,District of Columbia,11,Native Hawaiian or Other Pacific Islander,2023,30,3057.90,727.34,29.87,6.11,38.03,3.66
South,District of Columbia,11,Native Hawaiian or Other Pacific Islander,2024,,,,,,,
South,District of Columbia,11,White,2016,3657,3340.46,555.57,33.43,4.72,39.01,2.24
South,District of Columbia,11,White,2017,3637,3352.76,555.59,33.43,4.61,38.96,2.13
South,District of Columbia,11,White,2018,3971,3339.96,531.65,33.32,5.00,38.92,2.01
South,District of Columbia,11,White,2019,3975,3334.93,538.87,33.44,5.04,38.90,2.05
South,District of Columbia,11,White,2020,3910,3323.63,542.68,33.61,4.95,38.88,2.15
South,District of Columbia,11,White,2021,3943,3328.70,527.80,33.49,5.08,38.79,2.04
South,District of Columbia,11,White,2022,3632,3317.97,528.90,33.63,5.19,38.74,1.95
South,District of Columbia,11,White,2023,3620,3318.65,527.32,33.57,5.17,38.68,2.10
South,District of Columbia,11,White,2024,3522,3290.47,554.83,33.53,5.39,38.48,2.38
South,District of Columbia,11,More than one race,2016,189,3249.23,544.03,31.72,5.85,38.76,2.38
South,District of Columbia,11,More than one race,2017,207,3210.23,553.51,30.53,6.13,38.73,2.48
South,District of Columbia,11,More than one race,2018,182,3181.07,634.23,30.88,6.29,38.35,3.16
South,District of Columbia,11,More than one race,2019,217,3167.43,605.20,32.02,5.44,38.56,2.54
South,District of Columbia,11,More than one race,2020,197,3198.18,711.38,31.56,5.86,38.43,2.84
South,District of Columbia,11,More than one race,2021,352,3229.30,549.15,30.31,5.97,38.66,2.21
South,District of Columbia,11,More than one race,2022,224,3313.52,628.26,32.40,5.77,38.71,2.83
South,District of Columbia,11,More than one race,2023,192,3186.02,591.82,33.22,6.02,38.40,2.48
South,District of Columbia,11,More than one race,2024,199,3191.53,667.58,33.49,6.00,38.17,3.00
South,Florida,12,American Indian or Alaska Native,2016,318,3306.99,612.98,27.55,5.81,38.38,3.00
South,Florida,12,American Indian or Alaska Native,2017,393,3289.93,584.11,27.48,5.76,38.89,2.44
South,Florida,12,American Indian or Alaska Native,2018,472,3306.14,560.26,27.56,5.72,38.49,2.46
South,Florida,12,American Indian or Alaska Native,2019,401,3251.15,591.97,27.98,6.10,38.45,2.73
South,Florida,12,American Indian or Alaska Native,2020,339,3287.92,559.98,27.63,6.04,38.62,2.55
South,Florida,12,American Indian or Alaska Native,2021,392,3321.62,584.61,29.02,6.05,38.54,2.56
South,Florida,12,American Indian or Alaska Native,2022,469,3284.74,546.61,27.91,6.00,38.74,2.55
South,Florida,12,American Indian or Alaska Native,2023,496,3279.85,593.18,28.74,6.20,38.54,2.88
South,Florida,12,American Indian or Alaska Native,2024,515,3270.21,522.29,28.71,5.96,38.66,2.63
South,Florida,12,Asian,2016,8086,3185.08,536.16,31.13,5.15,38.63,2.34
South,Florida,12,Asian,2017,7915,3168.04,546.65,31.17,5.26,38.59,2.38
South,Florida,12,Asian,2018,7394,3164.42,556.75,31.43,5.02,38.54,2.39
South,Florida,12,Asian,2019,7441,3166.02,548.16,31.78,4.96,38.52,2.37
South,Florida,12,Asian,2020,6922,3165.05,528.10,31.83,4.93,38.58,2.29
South,Florida,12,Asian,2021,6926,3138.17,547.52,32.08,4.95,38.44,2.44
South,Florida,12,Asian,2022,7054,3134.81,548.50,32.07,4.96,38.53,2.42
South,Florida,12,Asian,2023,7207,3149.01,548.53,32.21,4.98,38.53,2.44
South,Florida,12,Asian,2024,7644,3139.53,540.93,32.32,4.93,38.54,2.38
South,Florida,12,Black or African American,2016,56594,3084.29,638.07,27.85,6.03,38.13,3.02
South,Florida,12,Black or African American,2017,57319,3084.92,632.66,28.06,6.03,38.10,2.98
South,Florida,12,Black or African American,2018,52349,3076.81,641.51,28.32,6.03,38.07,3.01
South,Florida,12,Black or African American,2019,52202,3069.00,640.03,28.39,6.07,38.03,3.00
South,Florida,12,Black or African American,2020,50272,3071.14,640.62,28.55,6.09,38.04,2.98
South,Florida,12,Black or African American,2021,50567,3063.63,644.15,28.83,6.03,38.03,3.00
South,Florida,12,Black or African American,2022,52782,3060.68,642.32,29.14,6.11,38.07,3.05
South,Florida,12,Black or African American,2023,50388,3058.89,645.42,29.32,6.16,38.04,3.05
South,Florida,12,Black or African American,2024,48442,3050.87,650.00,29.54,6.16,38.02,3.07
South,Florida,12,Native Hawaiian or Other Pacific Islander,2016,190,3280.48,630.13,29.47,5.98,38.52,3.10
South,Florida,12,Native Hawaiian or Other Pacific Islander,2017,223,3286.25,569.66,27.87,5.92,38.57,2.53
South,Florida,12,Native Hawaiian or Other Pacific Islander,2018,208,3232.46,582.48,28.52,5.79,38.57,2.54
South,Florida,12,Native Hawaiian or Other Pacific Islander,2019,198,3249.26,621.56,29.59,5.97,38.20,2.80
South,Florida,12,Native Hawaiian or Other Pacific Islander,2020,201,3297.40,526.93,29.04,6.12,38.46,2.35
South,Florida,12,Native Hawaiian or Other Pacific Islander,2021,227,3250.52,626.32,29.60,5.54,38.45,2.95
South,Florida,12,Native Hawaiian or Other Pacific Islander,2022,252,3240.13,606.19,29.36,5.77,38.37,2.74
South,Florida,12,Native Hawaiian or Other Pacific Islander,2023,262,3228.05,642.98,28.86,5.60,38.31,2.85
South,Florida,12,Native Hawaiian or Other Pacific Islander,2024,279,3269.85,560.66,29.68,6.16,38.73,2.60
South,Florida,12,White,2016,157006,3299.40,570.52,29.03,5.73,38.71,2.46
South,Florida,12,White,2017,154504,3291.43,568.45,29.16,5.70,38.67,2.44
South,Florida,12,White,2018,157945,3296.64,568.83,29.35,5.71,38.65,2.43
South,Florida,12,White,2019,156463,3291.61,566.21,29.49,5.72,38.63,2.40
South,Florida,12,White,2020,148661,3292.30,563.46,29.59,5.74,38.62,2.39
South,Florida,12,White,2021,154763,3282.21,568.81,29.76,5.69,38.57,2.46
South,Florida,12,White,2022,160306,3281.80,566.69,29.89,5.71,38.62,2.48
South,Florida,12,White,2023,159469,3279.34,570.42,29.97,5.74,38.64,2.49
South,Florida,12,White,2024,163783,3277.57,565.19,30.01,5.74,38.65,2.48
South,Florida,12,More than one race,2016,2828,3235.26,579.40,27.07,5.96,38.63,2.51
South,Florida,12,More than one race,2017,3276,3216.28,598.71,27.12,5.98,38.58,2.55
South,Florida,12,More than one race,2018,3174,3228.10,584.71,27.16,6.05,38.59,2.53
South,Florida,12,More than one race,2019,3297,3225.68,586.07,27.52,5.97,38.55,2.53
South,Florida,12,More than one race,2020,3276,3251.05,570.22,27.50,6.03,38.67,2.43
South,Florida,12,More than one race,2021,3385,3215.06,598.36,27.67,5.84,38.57,2.60
South,Florida,12,More than one race,2022,3570,3215.65,583.49,27.91,6.04,38.68,2.58
South,Florida,12,More than one race,2023,3588,3202.79,583.09,28.09,5.98,38.58,2.63
South,Florida,12,More than one race,2024,3726,3221.38,563.55,28.06,5.90,38.65,2.48
South,Georgia,13,American Indian or Alaska Native,2016,213,3362.35,602.23,27.81,6.09,38.87,2.49
South,Georgia,13,American Indian or Alaska Native,2017,199,3326.84,656.41,27.35,5.76,38.65,2.96
South,Georgia,13,American Indian or Alaska Native,2018,177,3269.51,573.91,28.04,6.39,38.44,3.02
South,Georgia,13,American Indian or Alaska Native,2019,151,3216.28,585.64,27.64,5.90,38.22,2.78
South,Georgia,13,American Indian or Alaska Native,2020,216,3240.81,553.50,29.25,6.62,38.56,2.27
South,Georgia,13,American Indian or Alaska Native,2021,206,3227.69,559.14,28.43,6.20,38.37,2.61
South,Georgia,13,American Indian or Alaska Native,2022,223,3225.07,612.90,28.21,6.38,38.60,2.75
South,Georgia,13,American Indian or Alaska Native,2023,234,3175.35,618.54,28.28,6.14,38.34,2.63
South,Georgia,13,American Indian or Alaska Native,2024,196,3266.82,571.82,28.71,6.10,38.76,2.50
South,Georgia,13,Asian,2016,6434,3175.45,536.18,31.00,4.94,38.73,2.19
South,Georgia,13,Asian,2017,6533,3147.83,537.88,31.13,4.92,38.61,2.36
South,Georgia,13,Asian,2018,6114,3140.11,540.08,31.30,4.86,38.55,2.46
South,Georgia,13,Asian,2019,6093,3134.70,546.62,31.54,4.81,38.50,2.53
South,Georgia,13,Asian,2020,5852,3142.65,545.14,31.54,4.80,38.47,2.55
South,Georgia,13,Asian,2021,5737,3120.71,547.37,32.10,4.71,38.59,2.53
South,Georgia,13,Asian,2022,5947,3121.23,541.16,32.04,4.76,38.66,2.55
South,Georgia,13,Asian,2023,6018,3129.29,535.47,32.39,4.66,38.75,2.56
South,Georgia,13,Asian,2024,6316,3098.69,560.84,32.53,4.63,38.65,2.70
South,Georgia,13,Black or African American,2016,47765,3055.68,638.30,27.43,6.01,38.13,3.03
South,Georgia,13,Black or African American,2017,47309,3052.96,633.00,27.61,5.98,38.14,3.04
South,Georgia,13,Black or African American,2018,45257,3039.71,638.70,27.74,5.99,38.06,3.11
South,Georgia,13,Black or African American,2019,45271,3037.46,634.98,27.91,6.03,38.02,3.04
South,Georgia,13,Black or African American,2020,43963,3040.12,637.19,28.05,6.04,38.02,3.02
South,Georgia,13,Black or African American,2021,43457,3023.62,638.40,28.31,6.05,38.03,3.03
South,Georgia,13,Black or African American,2022,43669,3016.19,638.24,28.53,6.10,38.09,3.12
South,Georgia,13,Black or African American,2023,42770,3024.53,627.21,28.65,6.15,38.15,3.12
South,Georgia,13,Black or African American,2024,40797,3016.08,626.64,28.82,6.24,38.18,3.03
South,Georgia,13,Native Hawaiian or Other Pacific Islander,2016,178,3219.87,682.92,27.87,5.55,37.96,3.47
South,Georgia,13,Native Hawaiian or Other Pacific Islander,2017,178,3208.85,593.57,28.83,6.13,38.45,2.86
South,Georgia,13,Native Hawaiian or Other Pacific Islander,2018,205,3272.49,568.98,27.58,5.82,38.40,3.04
South,Georgia,13,Native Hawaiian or Other Pacific Islander,2019,207,3219.76,636.51,28.02,6.29,38.33,3.00
South,Georgia,13,Native Hawaiian or Other Pacific Islander,2020,249,3254.46,537.27,27.78,6.23,38.47,2.48
South,Georgia,13,Native Hawaiian or Other Pacific Islander,2021,256,3249.28,540.57,27.75,5.73,38.59,2.70
South,Georgia,13,Native Hawaiian or Other Pacific Islander,2022,278,3194.05,628.06,27.86,6.18,38.19,3.12
South,Georgia,13,Native Hawaiian or Other Pacific Islander,2023,329,3265.38,494.06,27.77,6.07,38.53,2.65
South,Georgia,13,Native Hawaiian or Other Pacific Islander,2024,308,3218.70,547.80,28.66,5.70,38.54,2.55
South,Georgia,13,White,2016,73014,3308.04,576.26,28.44,5.78,38.71,2.41
South,Georgia,13,White,2017,72415,3304.31,578.91,28.56,5.77,38.66,2.49
South,Georgia,13,White,2018,71810,3303.76,573.51,28.66,5.80,38.67,2.48
South,Georgia,13,White,2019,71961,3295.36,572.64,28.69,5.76,38.56,2.50
South,Georgia,13,White,2020,69495,3298.75,567.98,28.79,5.77,38.58,2.47
South,Georgia,13,White,2021,71391,3285.85,576.22,28.91,5.72,38.60,2.49
South,Georgia,13,White,2022,72942,3277.86,569.90,28.96,5.72,38.64,2.53
South,Georgia,13,White,2023,72608,3283.27,567.33,28.97,5.76,38.67,2.55
South,Georgia,13,White,2024,75519,3277.26,566.70,28.96,5.70,38.68,2.59
South,Georgia,13,More than one race,2016,2438,3188.97,602.72,26.79,6.00,38.61,2.70
South,Georgia,13,More than one race,2017,2609,3193.77,583.75,26.54,5.97,38.49,2.56
South,Georgia,13,More than one race,2018,2609,3202.24,605.46,26.94,6.12,38.48,2.78
South,Georgia,13,More than one race,2019,2688,3181.28,576.33,26.83,5.98,38.36,2.60
South,Georgia,13,More than one race,2020,2698,3208.45,598.33,26.90,5.91,38.49,2.68
South,Georgia,13,More than one race,2021,3026,3175.32,611.30,27.35,5.90,38.48,2.66
South,Georgia,13,More than one race,2022,3071,3172.68,578.67,27.55,6.07,38.55,2.70
South,Georgia,13,More than one race,2023,3161,3183.25,593.77,27.56,5.95,38.56,2.69
South,Georgia,13,More than one race,2024,3301,3177.35,581.21,27.63,6.00,38.58,2.68
South,Kentucky,21,American Indian or Alaska Native,2016,77,3283.44,684.00,27.60,6.01,38.83,2.59
South,Kentucky,21,American Indian or Alaska Native,2017,67,3400.42,618.26,27.33,6.23,38.60,2.74
South,Kentucky,21,American Indian or Alaska Native,2018,84,3276.52,545.71,28.13,6.09,38.30,2.53
South,Kentucky,21,American Indian or Alaska Native,2019,96,3242.18,706.17,26.71,5.83,38.08,3.24
South,Kentucky,21,American Indian or Alaska Native,2020,94,3273.60,549.72,27.27,5.74,38.35,2.56
South,Kentucky,21,American Indian or Alaska Native,2021,88,3140.80,650.38,26.85,5.40,38.26,3.11
South,Kentucky,21,American Indian or Alaska Native,2022,103,3174.91,545.42,27.60,5.83,38.53,2.67
South,Kentucky,21,American Indian or Alaska Native,2023,118,3228.77,571.97,27.83,6.43,38.45,2.76
South,Kentucky,21,American Indian or Alaska Native,2024,86,3164.50,538.10,26.97,5.52,38.08,3.02
South,Kentucky,21,Asian,2016,1250,3169.13,564.48,30.48,5.19,38.58,2.58
South,Kentucky,21,Asian,2017,1241,3178.48,553.19,30.35,4.92,38.54,2.31
South,Kentucky,21,Asian,2018,1178,3194.29,561.51,30.73,4.97,38.58,2.38
South,Kentucky,21,Asian,2019,1145,3166.90,557.91,30.51,5.09,38.56,2.46
South,Kentucky,21,Asian,2020,1122,3200.18,503.10,30.96,4.83,38.62,2.23
South,Kentucky,21,Asian,2021,1109,3142.57,526.85,31.05,4.99,38.52,2.25
South,Kentucky,21,Asian,2022,1208,3160.23,572.37,31.49,5.13,38.38,2.42
South,Kentucky,21,Asian,2023,1206,3121.84,576.07,31.34,5.04,38.08,2.67
South,Kentucky,21,Asian,2024,1177,3125.88,571.85,31.58,5.17,38.19,2.46
South,Kentucky,21,Black or African American,2016,5228,3050.98,642.36,26.59,5.78,38.17,3.19
South,Kentucky,21,Black or African American,2017,5322,3065.30,640.66,26.86,5.81,38.14,2.98
South,Kentucky,21,Black or African American,2018,5219,3070.54,659.11,26.86,5.71,38.13,3.10
South,Kentucky,21,Black or African American,2019,5351,3063.51,629.06,27.18,5.82,38.09,2.93
South,Kentucky,21,Black or African American,2020,5473,3066.65,631.54,27.33,5.90,38.08,2.96
South,Kentucky,21,Black or African American,2021,5472,3053.95,637.80,27.57,5.95,38.00,2.94
South,Kentucky,21,Black or African American,2022,5429,3080.31,627.72,27.74,5.92,38.03,2.94
South,Kentucky,21,Black or African American,2023,5318,3054.00,631.75,27.87,6.01,37.92,3.06
South,Kentucky,21,Black or African American,2024,5344,3089.91,630.53,28.22,6.00,38.00,2.90
South,Kentucky,21,Native Hawaiian or Other Pacific Islander,2016,90,3270.40,593.19,27.42,6.94,38.89,2.44
South,Kentucky,21,Native Hawaiian or Other Pacific Islander,2017,102,3304.90,552.86,26.98,5.35,38.55,2.96
South,Kentucky,21,Native Hawaiian or Other Pacific Islander,2018,107,3161.73,563.78,26.84,5.67,38.69,2.52
South,Kentucky,21,Native Hawaiian or Other Pacific Islander,2019,96,3321.54,600.08,27.50,5.32,38.66,2.95
South,Kentucky,21,Native Hawaiian or Other Pacific Islander,2020,132,3209.91,614.54,27.61,6.32,38.19,2.77
South,Kentucky,21,Native Hawaiian or Other Pacific Islander,2021,117,3090.99,656.95,27.85,6.09,37.82,3.08
South,Kentucky,21,Native Hawaiian or Other Pacific Islander,2022,150,3212.83,531.31,26.72,5.10,38.52,2.30
South,Kentucky,21,Native Hawaiian or Other Pacific Islander,2023,145,3182.74,560.38,27.14,5.71,37.66,3.33
South,Kentucky,21,Native Hawaiian or Other Pacific Islander,2024,161,3127.89,563.63,27.27,5.90,37.70,2.69
South,Kentucky,21,White,2016,47892,3285.61,604.17,27.27,5.61,38.60,2.58
South,Kentucky,21,White,2017,47098,3285.23,602.47,27.35,5.59,38.59,2.57
South,Kentucky,21,White,2018,46289,3285.04,592.48,27.48,5.61,38.55,2.54
South,Kentucky,21,White,2019,45299,3279.03,589.21,27.59,5.60,38.50,2.50
South,Kentucky,21,White,2020,43792,3287.71,581.72,27.67,5.64,38.55,2.46
South,Kentucky,21,White,2021,44367,3275.97,596.50,27.81,5.61,38.45,2.51
South,Kentucky,21,White,2022,44318,3268.41,585.00,27.86,5.60,38.41,2.51
South,Kentucky,21,White,2023,44021,3274.20,580.65,27.93,5.61,38.35,2.46
South,Kentucky,21,White,2024,44785,3269.40,581.33,28.02,5.62,38.31,2.48
South,Kentucky,21,More than one race,2016,912,3185.55,622.88,24.99,5.42,38.58,2.78
South,Kentucky,21,More than one race,2017,922,3206.42,606.65,24.97,5.48,38.50,2.57
South,Kentucky,21,More than one race,2018,1045,3194.32,609.12,25.33,5.57,38.48,2.69
South,Kentucky,21,More than one race,2019,1082,3172.21,581.92,25.33,5.51,38.44,2.51
South,Kentucky,21,More than one race,2020,1055,3166.68,646.79,25.61,5.49,38.25,3.01
South,Kentucky,21,More than one race,2021,1061,3194.39,619.86,25.82,5.37,38.47,2.62
South,Kentucky,21,More than one race,2022,1107,3187.89,630.39,26.00,5.34,38.43,2.50
South,Kentucky,21,More than one race,2023,1176,3170.33,593.96,26.18,5.53,38.27,2.69
South,Kentucky,21,More than one race,2024,1360,3196.50,603.99,26.28,5.55,38.23,2.60
South,Louisiana,22,American Indian or Alaska Native,2016,374,3213.07,576.37,26.73,5.75,38.15,3.00
South,Louisiana,22,American Indian or Alaska Native,2017,326,3174.84,644.30,26.31,5.66,38.19,3.15
South,Louisiana,22,American Indian or Alaska Native,2018,347,3219.05,509.27,26.76,5.25,38.09,2.58
South,Louisiana,22,American Indian or Alaska Native,2019,344,3213.35,567.95,26.92,5.70,38.29,2.72
South,Louisiana,22,American Indian or Alaska Native,2020,316,3249.92,546.99,26.90,5.48,38.30,2.47
South,Louisiana,22,American Indian or Alaska Native,2021,354,3166.59,531.21,26.98,6.19,38.26,2.06
South,Louisiana,22,American Indian or Alaska Native,2022,378,3175.90,580.82,27.38,6.02,38.17,2.73
South,Louisiana,22,American Indian or Alaska Native,2023,358,3209.60,555.91,27.14,5.66,38.11,2.55
South,Louisiana,22,American Indian or Alaska Native,2024,409,3173.45,561.52,27.48,5.62,38.04,2.73
South,Louisiana,22,Asian,2016,1471,3144.77,598.38,30.72,5.40,38.26,2.68
South,Louisiana,22,Asian,2017,1330,3158.92,553.35,30.86,5.18,38.37,2.42
South,Louisiana,22,Asian,2018,1279,3146.62,540.52,30.90,5.07,38.36,2.43
South,Louisiana,22,Asian,2019,1249,3149.12,534.20,31.32,5.12,38.33,2.42
South,Louisiana,22,Asian,2020,1100,3174.99,518.24,31.48,5.07,38.49,2.11
South,Louisiana,22,Asian,2021,1066,3121.35,545.04,31.63,5.06,38.24,2.46
South,Louisiana,22,Asian,2022,1217,3109.17,567.26,31.51,5.40,38.23,2.63
South,Louisiana,22,Asian,2023,1082,3120.21,547.20,31.35,5.42,38.17,2.30
South,Louisiana,22,Asian,2024,1142,3128.54,550.98,31.78,5.24,38.40,2.54
South,Louisiana,22,Black or African American,2016,24726,3024.69,627.91,26.27,5.58,37.84,3.22
South,Louisiana,22,Black or African American,2017,24215,3018.48,622.32,26.48,5.65,37.72,3.13
South,Louisiana,22,Black or African American,2018,23078,3001.06,633.44,26.60,5.69,37.60,3.21
South,Louisiana,22,Black or African American,2019,23091,3004.33,630.57,26.71,5.71,37.64,3.16
South,Louisiana,22,Black or African American,2020,22680,3004.44,626.40,26.92,5.79,37.61,3.07
South,Louisiana,22,Black or African American,2021,21989,2982.34,634.14,27.04,5.86,37.59,3.09
South,Louisiana,22,Black or African American,2022,21507,2990.69,615.33,27.17,5.89,37.64,3.00
South,Louisiana,22,Black or African American,2023,20855,2979.86,629.40,27.24,6.00,37.60,3.08
South,Louisiana,22,Black or African American,2024,19676,2975.98,627.25,27.34,6.01,37.67,3.13
South,Louisiana,22,Native Hawaiian or Other Pacific Islander,2016,46,3259.80,615.72,28.91,5.53,38.35,3.44
South,Louisiana,22,Native Hawaiian or Other Pacific Islander,2017,45,3304.71,423.62,27.38,6.22,38.62,2.98
South,Louisiana,22,Native Hawaiian or Other Pacific Islander,2018,156,3307.87,611.14,28.58,6.03,38.28,2.77
South,Louisiana,22,Native Hawaiian or Other Pacific Islander,2019,114,3303.54,622.80,27.68,5.92,38.44,2.50
South,Louisiana,22,Native Hawaiian or Other Pacific Islander,2020,108,3303.88,502.99,28.02,6.45,38.60,2.33
South,Louisiana,22,Native Hawaiian or Other Pacific Islander,2021,95,3231.78,604.57,27.07,6.31,38.40,2.90
South,Louisiana,22,Native Hawaiian or Other Pacific Islander,2022,205,3261.48,522.28,28.41,6.48,38.39,2.45
South,Louisiana,22,Native Hawaiian or Other Pacific Islander,2023,185,3230.82,605.11,27.26,6.32,38.25,2.52
South,Louisiana,22,Native Hawaiian or Other Pacific Islander,2024,109,3159.62,617.01,26.94,5.93,37.99,2.66
South,Louisiana,22,White,2016,35872,3280.60,575.47,27.93,5.50,38.47,2.52
South,Louisiana,22,White,2017,34308,3275.55,567.22,28.04,5.49,38.35,2.47
South,Louisiana,22,White,2018,33922,3278.06,568.38,28.22,5.55,38.28,2.51
South,Louisiana,22,White,2019,33354,3269.03,560.39,28.32,5.56,38.25,2.46
South,Louisiana,22,White,2020,32291,3267.37,563.87,28.40,5.61,38.27,2.42
South,Louisiana,22,White,2021,33111,3257.51,566.70,28.51,5.61,38.25,2.49
South,Louisiana,22,White,2022,32322,3244.02,561.45,28.48,5.61,38.22,2.42
South,Louisiana,22,White,2023,31549,3254.02,560.21,28.53,5.65,38.23,2.41
South,Louisiana,22,White,2024,31093,3241.69,565.24,28.59,5.61,38.26,2.46
South,Louisiana,22,More than one race,2016,689,3232.62,562.86,25.99,5.90,38.78,2.60
South,Louisiana,22,More than one race,2017,794,3204.44,572.92,26.00,5.78,38.33,2.75
South,Louisiana,22,More than one race,2018,833,3206.57,559.18,25.54,5.65,38.10,2.65
South,Louisiana,22,More than one race,2019,789,3155.50,571.27,25.98,5.82,38.19,2.68
South,Louisiana,22,More than one race,2020,833,3178.72,652.38,26.09,5.98,37.98,2.85
South,Louisiana,22,More than one race,2021,822,3157.62,607.77,26.38,6.14,38.02,2.98
South,Louisiana,22,More than one race,2022,850,3118.91,625.84,25.86,5.84,37.98,2.89
South,Louisiana,22,More than one race,2023,898,3159.84,543.56,26.15,5.99,38.17,2.50
South,Louisiana,22,More than one race,2024,876,3127.59,602.39,26.23,6.06,38.18,3.07
South,Maryland,24,American Indian or Alaska Native,2016,201,3261.64,616.42,28.73,6.24,38.33,2.99
South,Maryland,24,American Indian or Alaska Native,2017,179,3304.91,562.50,29.74,5.89,38.59,2.56
South,Maryland,24,American Indian or Alaska Native,2018,278,3279.65,590.57,28.62,6.32,38.48,2.58
South,Maryland,24,American Indian or Alaska Native,2019,416,3273.38,560.62,28.46,6.37,38.75,2.58
South,Maryland,24,American Indian or Alaska Native,2020,535,3270.38,531.79,28.74,6.41,38.86,2.57
South,Maryland,24,American Indian or Alaska Native,2021,379,3273.36,541.76,29.64,6.40,38.56,2.40
South,Maryland,24,American Indian or Alaska Native,2022,439,3217.70,582.75,28.67,6.40,38.58,3.00
South,Maryland,24,American Indian or Alaska Native,2023,488,3267.80,591.35,29.18,6.52,38.53,3.02
South,Maryland,24,American Indian or Alaska Native,2024,631,3228.69,529.57,28.94,6.40,38.61,2.62
South,Maryland,24,Asian,2016,5880,3196.02,547.87,31.69,5.04,38.65,2.34
South,Maryland,24,Asian,2017,5898,3173.65,555.18,31.74,5.10,38.59,2.47
South,Maryland,24,Asian,2018,5237,3174.58,565.34,32.06,4.82,38.59,2.42
South,Maryland,24,Asian,2019,5135,3166.20,535.85,32.25,4.76,38.59,2.27
South,Maryland,24,Asian,2020,4830,3175.33,528.54,32.37,4.84,38.69,2.21
South,Maryland,24,Asian,2021,4670,3170.48,535.21,32.53,4.79,38.62,2.20
South,Maryland,24,Asian,2022,4810,3156.67,569.80,32.70,4.82,38.49,2.44
South,Maryland,24,Asian,2023,4608,3167.74,533.77,32.82,4.85,38.58,2.19
South,Maryland,24,Asian,2024,4852,3151.18,545.57,32.78,4.84,38.52,2.32
South,Maryland,24,Black or African American,2016,25641,3144.07,641.30,28.81,6.15,38.27,2.96
South,Maryland,24,Black or African American,2017,25252,3135.51,656.23,29.10,6.09,38.19,3.02
South,Maryland,24,Black or African American,2018,23466,3132.37,654.60,29.31,6.08,38.22,2.96
South,Maryland,24,Black or African American,2019,23189,3125.61,647.46,29.48,6.09,38.18,2.90
South,Maryland,24,Black or African American,2020,22489,3134.98,641.38,29.63,6.11,38.22,2.86
South,Maryland,24,Black or African American,2021,22059,3123.44,644.58,29.83,6.08,38.18,2.85
South,Maryland,24,Black or African American,2022,22435,3130.73,645.72,30.16,6.03,38.19,2.85
South,Maryland,24,Black or African American,2023,20969,3121.72,634.85,30.35,6.16,38.16,2.84
South,Maryland,24,Black or African American,2024,20445,3117.81,633.00,30.55,6.17,38.16,2.84
South,Maryland,24,Native Hawaiian or Other Pacific Islander,2016,107,3286.61,685.19,29.55,6.61,38.28,3.73
South,Maryland,24,Native Hawaiian or Other Pacific Islander,2017,116,3312.75,545.61,28.11,6.03,38.72,2.56
South,Maryland,24,Native Hawaiian or Other Pacific Islander,2018,133,3201.68,562.86,28.71,6.19,38.62,3.03
South,Maryland,24,Native Hawaiian or Other Pacific Islander,2019,121,3287.67,513.25,30.07,6.08,38.59,2.56
South,Maryland,24,Native Hawaiian or Other Pacific Islander,2020,119,3223.64,623.13,29.10,6.58,38.77,3.07
South,Maryland,24,Native Hawaiian or Other Pacific Islander,2021,116,3256.34,505.54,28.44,6.28,38.26,2.79
South,Maryland,24,Native Hawaiian or Other Pacific Islander,2022,149,3254.39,533.51,29.24,5.98,38.76,2.89
South,Maryland,24,Native Hawaiian or Other Pacific Islander,2023,150,3360.15,470.25,28.77,6.56,38.85,2.08
South,Maryland,24,Native Hawaiian or Other Pacific Islander,2024,186,3220.16,555.17,28.35,5.82,38.55,2.80
South,Maryland,24,White,2016,39640,3345.17,576.91,30.07,5.50,38.84,2.42
South,Maryland,24,White,2017,38318,3341.26,582.50,30.20,5.53,38.80,2.42
South,Maryland,24,White,2018,40025,3342.70,576.55,30.27,5.56,38.81,2.41
South,Maryland,24,White,2019,39431,3338.74,572.99,30.27,5.60,38.78,2.36
South,Maryland,24,White,2020,38600,3335.41,574.68,30.45,5.58,38.75,2.41
South,Maryland,24,White,2021,39023,3330.15,577.45,30.62,5.54,38.71,2.38
South,Maryland,24,White,2022,38861,3334.68,567.15,30.61,5.62,38.73,2.33
South,Maryland,24,White,2023,37232,3322.22,567.74,30.65,5.68,38.69,2.39
South,Maryland,24,White,2024,37343,3314.25,569.46,30.67,5.70,38.65,2.40
South,Maryland,24,More than one race,2016,1667,3255.53,616.82,27.62,6.14,38.60,2.74
South,Maryland,24,More than one race,2017,1878,3231.47,608.82,28.18,6.04,38.60,2.75
South,Maryland,24,More than one race,2018,1941,3226.85,619.21,28.26,6.03,38.59,2.71
South,Maryland,24,More than one race,2019,1886,3248.22,584.78,28.10,6.04,38.61,2.55
South,Maryland,24,More than one race,2020,1981,3248.70,603.58,28.65,6.10,38.67,2.56
South,Maryland,24,More than one race,2021,2038,3220.28,617.25,28.84,6.12,38.52,2.61
South,Maryland,24,More than one race,2022,2088,3257.65,590.44,29.05,6.14,38.62,2.33
South,Maryland,24,More than one race,2023,2147,3243.92,575.48,29.01,6.10,38.64,2.44
South,Maryland,24,More than one race,2024,2340,3244.32,568.65,29.31,5.98,38.65,2.42
South,Mississippi,28,American Indian or Alaska Native,2016,229,3350.82,621.04,26.10,5.93,38.40,2.75
South,Mississippi,28,American Indian or Alaska Native,2017,223,3359.52,742.81,25.91,5.62,38.30,2.90
South,Mississippi,28,American Indian or Alaska Native,2018,243,3466.82,583.56,26.17,5.52,38.54,2.44
South,Mississippi,28,American Indian or Alaska Native,2019,235,3419.01,587.65,26.47,6.00,38.38,2.36
South,Mississippi,28,American Indian or Alaska Native,2020,258,3390.39,638.71,26.00,5.96,38.45,2.50
South,Mississippi,28,American Indian or Alaska Native,2021,248,3451.43,641.33,26.38,6.12,38.18,2.75
South,Mississippi,28,American Indian or Alaska Native,2022,254,3411.86,668.45,25.76,6.10,38.30,3.30
South,Mississippi,28,American Indian or Alaska Native,2023,298,3282.67,642.02,26.74,6.46,37.97,3.27
South,Mississippi,28,American Indian or Alaska Native,2024,288,3286.17,636.14,26.48,6.45,38.09,2.79
South,Mississippi,28,Asian,2016,509,3145.71,594.99,30.33,5.00,38.31,2.80
South,Mississippi,28,Asian,2017,538,3148.01,518.95,30.97,4.96,38.39,2.32
South,Mississippi,28,Asian,2018,443,3174.40,519.97,30.65,5.03,38.64,2.14
South,Mississippi,28,Asian,2019,487,3178.81,555.78,30.77,4.63,38.42,2.66
South,Mississippi,28,Asian,2020,468,3121.71,571.67,31.08,5.03,38.35,2.18
South,Mississippi,28,Asian,2021,431,3160.25,528.66,31.22,5.05,38.46,2.40
South,Mississippi,28,Asian,2022,422,3130.23,538.02,31.37,4.90,38.42,2.41
South,Mississippi,28,Asian,2023,483,3105.16,540.13,31.50,5.08,38.40,2.31
South,Mississippi,28,Asian,2024,471,3141.52,508.25,31.55,4.90,38.50,2.29
South,Mississippi,28,Black or African American,2016,16567,2993.50,629.21,25.86,5.56,37.82,3.09
South,Mississippi,28,Black or African American,2017,16738,2996.45,628.55,25.96,5.56,37.78,3.14
South,Mississippi,28,Black or African American,2018,16252,2980.45,638.42,26.23,5.55,37.69,3.11
South,Mississippi,28,Black or African American,2019,16071,2970.39,628.77,26.28,5.61,37.69,3.06
South,Mississippi,28,Black or African American,2020,15561,2992.18,623.42,26.41,5.64,37.78,2.95
South,Mississippi,28,Black or African American,2021,15049,2965.74,635.83,26.58,5.73,37.76,3.07
South,Mississippi,28,Black or African American,2022,14528,2952.00,625.95,26.66,5.82,37.74,3.08
South,Mississippi,28,Black or African American,2023,14381,2956.50,625.63,26.73,5.85,37.75,3.06
South,Mississippi,28,Black or African American,2024,13337,2941.83,638.64,27.00,5.92,37.72,3.15
South,Mississippi,28,Native Hawaiian or Other Pacific Islander,2016,21,3087.24,696.59,26.76,4.90,37.14,2.71
South,Mississippi,28,Native Hawaiian or Other Pacific Islander,2017,13,3268.23,443.41,27.77,6.48,38.77,2.64
South,Mississippi,28,Native Hawaiian or Other Pacific Islander,2018,22,3293.77,666.06,27.00,4.44,38.73,2.36
South,Mississippi,28,Native Hawaiian or Other Pacific Islander,2019,29,3116.14,510.13,26.93,5.00,38.17,1.51
South,Mississippi,28,Native Hawaiian or Other Pacific Islander,2020,25,3162.84,653.66,29.60,5.02,38.56,3.36
South,Mississippi,28,Native Hawaiian or Other Pacific Islander,2021,32,3129.16,563.08,26.44,6.25,38.03,2.57
South,Mississippi,28,Native Hawaiian or Other Pacific Islander,2022,24,3250.48,435.45,28.08,4.65,38.87,2.52
South,Mississippi,28,Native Hawaiian or Other Pacific Islander,2023,27,3023.81,666.29,27.22,5.43,38.07,3.58
South,Mississippi,28,Native Hawaiian or Other Pacific Islander,2024,25,3209.16,634.01,30.24,5.88,37.20,2.62
South,Mississippi,28,White,2016,20335,3268.16,577.38,27.20,5.49,38.47,2.44
South,Mississippi,28,White,2017,19569,3268.45,577.33,27.36,5.49,38.48,2.48
South,Mississippi,28,White,2018,19760,3262.21,582.39,27.41,5.46,38.40,2.51
South,Mississippi,28,White,2019,19526,3254.84,589.38,27.51,5.50,38.33,2.51
South,Mississippi,28,White,2020,18879,3256.93,580.76,27.49,5.49,38.35,2.50
South,Mississippi,28,White,2021,19084,3257.67,577.82,27.65,5.48,38.36,2.46
South,Mississippi,28,White,2022,19077,3243.27,580.09,27.62,5.52,38.33,2.52
South,Mississippi,28,White,2023,18887,3245.80,580.12,27.69,5.48,38.37,2.52
South,Mississippi,28,White,2024,18965,3243.67,573.67,27.74,5.46,38.40,2.44
South,Mississippi,28,More than one race,2016,267,3217.02,584.18,25.24,5.73,38.50,2.62
South,Mississippi,28,More than one race,2017,276,3222.09,558.76,25.18,5.80,38.64,2.60
South,Mississippi,28,More than one race,2018,280,3226.22,586.64,25.94,5.83,38.46,2.30
South,Mississippi,28,More than one race,2019,288,3144.72,618.11,25.32,5.56,38.32,2.59
South,Mississippi,28,More than one race,2020,282,3181.70,565.42,25.36,5.28,38.50,2.38
South,Mississippi,28,More than one race,2021,312,3161.03,621.25,25.71,5.33,38.16,2.65
South,Mississippi,28,More than one race,2022,370,3232.46,523.24,25.95,5.56,38.69,2.41
South,Mississippi,28,More than one race,2023,383,3104.42,588.80,26.04,5.89,38.28,2.94
South,Mississippi,28,More than one race,2024,387,3144.81,597.12,26.29,6.01,38.24,2.79
South,North Carolina,37,American Indian or Alaska Native,2016,1759,3195.39,634.29,26.26,5.95,38.64,3.18
South,North Carolina,37,American Indian or Alaska Native,2017,1758,3176.97,636.84,26.39,5.84,38.59,3.16
South,North Carolina,37,American Indian or Alaska Native,2018,1792,3196.98,632.61,26.35,5.82,38.57,3.15
South,North Carolina,37,American Indian or Alaska Native,2019,1728,3199.83,619.27,26.57,5.82,38.58,3.13
South,North Carolina,37,American Indian or Alaska Native,2020,1746,3213.62,612.04,26.74,5.83,38.59,2.95
South,North Carolina,37,American Indian or Alaska Native,2021,1755,3171.75,640.88,26.94,5.59,38.52,3.08
South,North Carolina,37,American Indian or Alaska Native,2022,1730,3174.44,636.57,27.16,5.80,38.46,3.00
South,North Carolina,37,American Indian or Alaska Native,2023,1702,3198.18,635.74,27.35,5.74,38.57,3.03
South,North Carolina,37,American Indian or Alaska Native,2024,1606,3149.62,628.71,27.37,5.86,38.47,2.84
South,North Carolina,37,Asian,2016,5647,3180.42,544.15,30.32,5.25,38.71,2.45
South,North Carolina,37,Asian,2017,5745,3177.37,540.01,30.58,5.22,38.80,2.50
South,North Carolina,37,Asian,2018,5089,3174.30,543.56,30.98,4.97,38.77,2.45
South,North Carolina,37,Asian,2019,5219,3166.68,546.97,30.94,4.96,38.70,2.51
South,North Carolina,37,Asian,2020,5041,3163.69,530.94,31.30,4.95,38.72,2.35
South,North Carolina,37,Asian,2021,4972,3148.11,567.09,31.64,4.85,38.62,2.53
South,North Carolina,37,Asian,2022,5160,3165.64,528.30,31.77,4.81,38.64,2.35
South,North Carolina,37,Asian,2023,5317,3140.95,545.85,31.64,4.74,38.60,2.46
South,North Carolina,37,Asian,2024,5861,3151.55,539.78,31.88,4.77,38.62,2.23
South,North Carolina,37,Black or African American,2016,31773,3085.31,646.09,27.11,5.93,38.29,3.20
South,North Carolina,37,Black or African American,2017,32351,3081.49,652.45,27.27,5.93,38.24,3.21
South,North Carolina,37,Black or African American,2018,30746,3072.74,644.05,27.47,5.87,38.22,3.18
South,North Carolina,37,Black or African American,2019,30964,3058.50,645.33,27.58,5.88,38.15,3.17
South,North Carolina,37,Black or African American,2020,30462,3058.37,646.14,27.68,5.92,38.10,3.15
South,North Carolina,37,Black or African American,2021,30857,3055.61,643.47,27.99,5.94,38.11,3.04
South,North Carolina,37,Black or African American,2022,30141,3051.85,645.22,28.25,6.03,38.17,3.10
South,North Carolina,37,Black or African American,2023,29038,3046.98,645.40,28.46,6.08,38.09,3.10
South,North Carolina,37,Black or African American,2024,28786,3060.52,631.32,28.54,6.12,38.13,2.89
South,North Carolina,37,Native Hawaiian or Other Pacific Islander,2016,259,3265.10,621.64,28.27,6.00,38.59,3.08
South,North Carolina,37,Native Hawaiian or Other Pacific Islander,2017,297,3273.22,590.38,28.22,6.33,38.71,2.85
South,North Carolina,37,Native Hawaiian or Other Pacific Islander,2018,500,3265.75,558.78,27.94,6.21,38.69,2.85
South,North Carolina,37,Native Hawaiian or Other Pacific Islander,2019,512,3246.78,593.14,28.33,6.59,38.87,2.95
South,North Carolina,37,Native Hawaiian or Other Pacific Islander,2020,500,3218.10,622.73,28.35,6.42,38.43,3.23
South,North Carolina,37,Native Hawaiian or Other Pacific Islander,2021,509,3263.01,539.11,27.99,6.38,38.63,2.56
South,North Carolina,37,Native Hawaiian or Other Pacific Islander,2022,527,3276.18,565.61,28.49,6.27,38.54,2.76
South,North Carolina,37,Native Hawaiian or Other Pacific Islander,2023,451,3211.18,574.91,28.25,6.19,38.46,3.00
South,North Carolina,37,Native Hawaiian or Other Pacific Islander,2024,462,3234.02,615.88,28.00,6.06,38.44,2.87
South,North Carolina,37,White,2016,78467,3326.44,597.66,28.72,5.68,38.86,2.62
South,North Carolina,37,White,2017,76900,3319.84,593.04,28.79,5.71,38.85,2.59
South,North Carolina,37,White,2018,77635,3324.81,585.76,28.94,5.67,38.88,2.58
South,North Carolina,37,White,2019,76847,3315.66,583.68,28.99,5.68,38.78,2.57
South,North Carolina,37,White,2020,75453,3313.80,585.20,29.14,5.66,38.74,2.55
South,North Carolina,37,White,2021,78781,3310.74,580.41,29.29,5.61,38.70,2.51
South,North Carolina,37,White,2022,80223,3303.19,577.83,29.36,5.62,38.72,2.51
South,North Carolina,37,White,2023,79661,3302.73,576.13,29.38,5.62,38.72,2.49
South,North Carolina,37,White,2024,82181,3305.88,576.19,29.45,5.62,38.68,2.37
South,North Carolina,37,More than one race,2016,2874,3249.63,602.67,26.38,5.89,38.75,2.85
South,North Carolina,37,More than one race,2017,3074,3233.59,616.34,26.27,5.86,38.72,3.03
South,North Carolina,37,More than one race,2018,3192,3211.22,609.34,26.56,5.82,38.68,2.87
South,North Carolina,37,More than one race,2019,3455,3186.01,613.79,26.43,5.85,38.48,2.95
South,North Carolina,37,More than one race,2020,3528,3183.60,619.31,26.80,5.98,38.56,2.83
South,North Carolina,37,More than one race,2021,3592,3226.56,594.13,27.00,5.90,38.65,2.64
South,North Carolina,37,More than one race,2022,3781,3211.72,586.27,27.15,5.79,38.63,2.59
South,North Carolina,37,More than one race,2023,3913,3188.55,622.22,27.48,6.01,38.46,2.85
South,North Carolina,37,More than one race,2024,3960,3191.05,603.89,27.54,5.83,38.50,2.64
South,Oklahoma,40,American Indian or Alaska Native,2016,5346,3330.15,601.76,25.90,5.37,38.51,2.68
South,Oklahoma,40,American Indian or Alaska Native,2017,5092,3332.25,595.17,25.94,5.47,38.50,2.62
South,Oklahoma,40,American Indian or Alaska Native,2018,4926,3318.02,582.97,26.19,5.33,38.48,2.62
South,Oklahoma,40,American Indian or Alaska Native,2019,5054,3316.29,585.85,26.35,5.51,38.44,2.71
South,Oklahoma,40,American Indian or Alaska Native,2020,4752,3318.90,576.72,26.36,5.45,38.46,2.56
South,Oklahoma,40,American Indian or Alaska Native,2021,5028,3298.65,588.18,26.54,5.49,38.44,2.56
South,Oklahoma,40,American Indian or Alaska Native,2022,4779,3282.87,604.08,26.71,5.49,38.39,2.71
South,Oklahoma,40,American Indian or Alaska Native,2023,4575,3298.18,580.33,26.74,5.42,38.48,2.52
South,Oklahoma,40,American Indian or Alaska Native,2024,4540,3280.21,592.62,26.94,5.51,38.36,2.66
South,Oklahoma,40,Asian,2016,1488,3195.64,533.84,30.28,5.13,38.54,2.31
South,Oklahoma,40,Asian,2017,1441,3172.30,507.13,30.51,5.29,38.48,2.30
South,Oklahoma,40,Asian,2018,1365,3167.00,519.64,30.72,5.09,38.52,2.33
South,Oklahoma,40,Asian,2019,1318,3158.44,537.36,30.74,4.93,38.37,2.31
South,Oklahoma,40,Asian,2020,1326,3177.47,511.41,30.99,4.83,38.55,2.17
South,Oklahoma,40,Asian,2021,1271,3161.69,535.07,31.29,5.05,38.40,2.36
South,Oklahoma,40,Asian,2022,1355,3143.86,525.82,31.41,5.12,38.35,2.50
South,Oklahoma,40,Asian,2023,1400,3146.60,525.62,31.54,5.18,38.38,2.17
South,Oklahoma,40,Asian,2024,1399,3132.71,530.78,31.88,5.00,38.43,2.34
South,Oklahoma,40,Black or African American,2016,4780,3046.41,631.91,26.58,5.81,37.91,2.97
South,Oklahoma,40,Black or African American,2017,4537,3068.40,627.98,26.68,5.70,37.99,3.06
South,Oklahoma,40,Black or African American,2018,4501,3041.69,628.84,26.92,5.77,37.92,3.06
South,Oklahoma,40,Black or African American,2019,4478,3028.12,629.75,27.18,5.81,37.77,3.05
South,Oklahoma,40,Black or African American,2020,4281,3025.71,618.78,27.20,5.83,37.85,2.95
South,Oklahoma,40,Black or African American,2021,4142,3018.69,609.15,27.28,5.77,37.84,2.91
South,Oklahoma,40,Black or African American,2022,4014,3023.72,638.72,27.63,5.92,37.85,3.13
South,Oklahoma,40,Black or African American,2023,4054,3030.14,629.75,27.68,6.08,37.89,2.94
South,Oklahoma,40,Black or African American,2024,3772,3036.88,628.89,27.80,6.06,37.84,3.04
South,Oklahoma,40,Native Hawaiian or Other Pacific Islander,2016,233,3255.55,505.01,26.63,5.40,38.48,2.85
South,Oklahoma,40,Native Hawaiian or Other Pacific Islander,2017,250,3165.03,594.98,27.43,5.69,37.91,3.44
South,Oklahoma,40,Native Hawaiian or Other Pacific Islander,2018,223,3169.70,573.67,26.45,5.82,37.94,3.35
South,Oklahoma,40,Native Hawaiian or Other Pacific Islander,2019,250,3090.58,607.26,26.68,5.91,37.66,3.48
South,Oklahoma,40,Native Hawaiian or Other Pacific Islander,2020,297,3140.81,652.87,27.36,6.29,37.85,3.29
South,Oklahoma,40,Native Hawaiian or Other Pacific Islander,2021,265,3082.88,652.89,27.58,5.50,37.60,3.84
South,Oklahoma,40,Native Hawaiian or Other Pacific Islander,2022,248,3149.58,546.58,27.82,6.12,37.81,2.97
South,Oklahoma,40,Native Hawaiian or Other Pacific Islander,2023,249,3095.65,568.97,27.96,6.07,37.71,3.08
South,Oklahoma,40,Native Hawaiian or Other Pacific Islander,2024,259,3122.34,585.05,27.61,6.38,37.60,2.96
South,Oklahoma,40,White,2016,37028,3301.17,577.48,27.41,5.56,38.50,2.46
South,Oklahoma,40,White,2017,35258,3291.90,587.46,27.57,5.54,38.47,2.52
South,Oklahoma,40,White,2018,35101,3284.85,582.38,27.67,5.55,38.43,2.48
South,Oklahoma,40,White,2019,34190,3281.82,571.31,27.69,5.64,38.44,2.43
South,Oklahoma,40,White,2020,32937,3276.13,570.18,27.82,5.65,38.44,2.42
South,Oklahoma,40,White,2021,33711,3262.51,581.66,27.91,5.62,38.40,2.49
South,Oklahoma,40,White,2022,33724,3260.07,567.71,28.04,5.61,38.43,2.43
South,Oklahoma,40,White,2023,33200,3266.61,573.87,28.07,5.63,38.41,2.48
South,Oklahoma,40,White,2024,33230,3271.13,569.64,28.11,5.61,38.42,2.45
South,Oklahoma,40,More than one race,2016,3717,3247.87,577.71,25.59,5.54,38.37,2.57
South,Oklahoma,40,More than one race,2017,3636,3220.18,613.92,25.72,5.54,38.29,2.73
South,Oklahoma,40,More than one race,2018,3684,3227.18,600.99,25.96,5.52,38.24,2.71
South,Oklahoma,40,More than one race,2019,3853,3211.33,598.05,25.88,5.50,38.27,2.68
South,Oklahoma,40,More than one race,2020,4030,3222.04,602.19,26.15,5.49,38.34,2.59
South,Oklahoma,40,More than one race,2021,3993,3184.53,632.46,26.14,5.51,38.15,2.78
South,Oklahoma,40,More than one race,2022,4212,3196.98,598.16,26.46,5.58,38.25,2.72
South,Oklahoma,40,More than one race,2023,4431,3212.74,588.89,26.43,5.56,38.30,2.59
South,Oklahoma,40,More than one race,2024,4762,3215.07,594.10,26.69,5.49,38.30,2.66
South,South Carolina,45,American Indian or Alaska Native,2016,188,3226.34,586.37,27.74,5.90,38.62,2.65
South,South Carolina,45,American Indian or Alaska Native,2017,174,3202.05,609.15,27.10,6.01,38.18,2.64
South,South Carolina,45,American Indian or Alaska Native,2018,154,3247.78,645.68,27.54,6.77,38.39,2.74
South,South Carolina,45,American Indian or Alaska Native,2019,181,3263.64,624.90,26.08,5.77,38.60,2.94
South,South Carolina,45,American Indian or Alaska Native,2020,200,3220.83,636.31,26.85,6.14,38.27,3.35
South,South Carolina,45,American Indian or Alaska Native,2021,266,3211.82,584.49,27.33,6.22,38.56,2.43
South,South Carolina,45,American Indian or Alaska Native,2022,248,3179.67,542.88,27.40,6.30,38.18,2.60
South,South Carolina,45,American Indian or Alaska Native,2023,285,3182.97,615.75,27.87,6.26,38.35,2.66
South,South Carolina,45,American Indian or Alaska Native,2024,311,3254.36,505.66,27.51,6.16,38.65,2.33
South,South Carolina,45,Asian,2016,1239,3162.96,553.25,30.87,5.10,38.61,2.42
South,South Carolina,45,Asian,2017,1220,3154.37,564.56,31.05,4.96,38.56,2.53
South,South Carolina,45,Asian,2018,1251,3145.74,545.18,31.31,5.09,38.44,2.39
South,South Carolina,45,Asian,2019,1244,3142.89,557.11,31.41,5.04,38.43,2.48
South,South Carolina,45,Asian,2020,1240,3165.86,545.17,31.76,5.04,38.56,2.35
South,South Carolina,45,Asian,2021,1254,3154.19,562.91,31.82,4.97,38.46,2.42
South,South Carolina,45,Asian,2022,1320,3140.36,560.02,31.98,5.05,38.33,2.39
South,South Carolina,45,Asian,2023,1269,3121.85,573.04,32.26,4.82,38.37,2.46
South,South Carolina,45,Asian,2024,1416,3128.94,542.26,32.15,4.94,38.50,2.29
South,South Carolina,45,Black or African American,2016,17759,3045.64,636.47,26.81,5.71,37.99,3.16
South,South Carolina,45,Black or African American,2017,18155,3029.34,632.04,26.94,5.72,38.00,3.11
South,South Carolina,45,Black or African American,2018,17452,3022.43,636.18,27.13,5.78,37.95,3.05
South,South Carolina,45,Black or African American,2019,17670,3018.13,637.13,27.24,5.77,37.91,3.10
South,South Carolina,45,Black or African American,2020,17223,3018.19,636.39,27.38,5.85,37.90,3.02
South,South Carolina,45,Black or African American,2021,16862,3011.30,645.01,27.67,5.92,37.86,2.96
South,South Carolina,45,Black or African American,2022,16165,2992.40,637.11,27.83,6.02,37.86,3.01
South,South Carolina,45,Black or African American,2023,15563,3001.15,631.83,27.94,6.04,37.90,2.98
South,South Carolina,45,Black or African American,2024,15459,2992.64,630.18,28.00,6.18,37.87,3.02
South,South Carolina,45,Native Hawaiian or Other Pacific Islander,2016,68,3318.72,539.97,27.59,5.62,38.62,2.82
South,South Carolina,45,Native Hawaiian or Other Pacific Islander,2017,67,3341.57,535.54,27.55,5.50,38.34,2.54
South,South Carolina,45,Native Hawaiian or Other Pacific Islander,2018,73,3121.64,525.72,27.34,5.50,37.84,2.71
South,South Carolina,45,Native Hawaiian or Other Pacific Islander,2019,82,3190.27,669.30,27.00,5.59,38.25,2.72
South,South Carolina,45,Native Hawaiian or Other Pacific Islander,2020,122,3265.05,493.37,27.54,6.50,38.32,2.81
South,South Carolina,45,Native Hawaiian or Other Pacific Islander,2021,149,3258.12,540.22,27.67,5.96,37.91,2.64
South,South Carolina,45,Native Hawaiian or Other Pacific Islander,2022,241,3238.44,549.77,27.76,6.03,38.36,2.54
South,South Carolina,45,Native Hawaiian or Other Pacific Islander,2023,183,3246.24,545.41,28.10,6.49,38.26,2.61
South,South Carolina,45,Native Hawaiian or Other Pacific Islander,2024,164,3164.26,497.10,28.82,6.26,38.41,2.31
South,South Carolina,45,White,2016,36759,3321.06,584.76,28.42,5.65,38.70,2.47
South,South Carolina,45,White,2017,36081,3323.24,580.85,28.48,5.59,38.68,2.44
South,South Carolina,45,White,2018,36258,3320.93,572.44,28.56,5.60,38.64,2.37
South,South Carolina,45,White,2019,36397,3306.79,573.07,28.73,5.65,38.59,2.39
South,South Carolina,45,White,2020,35302,3311.26,571.82,28.91,5.58,38.59,2.35
South,South Carolina,45,White,2021,37015,3307.36,576.87,29.03,5.59,38.54,2.35
South,South Carolina,45,White,2022,38141,3294.25,574.39,29.08,5.59,38.54,2.39
South,South Carolina,45,White,2023,38731,3295.31,568.33,29.18,5.61,38.53,2.40
South,South Carolina,45,White,2024,39711,3300.26,565.34,29.18,5.59,38.55,2.34
South,South Carolina,45,More than one race,2016,1329,3217.55,617.02,25.91,5.81,38.59,2.85
South,South Carolina,45,More than one race,2017,1332,3217.56,588.54,25.67,5.65,38.53,2.51
South,South Carolina,45,More than one race,2018,1481,3217.33,579.54,26.26,5.90,38.51,2.66
South,South Carolina,45,More than one race,2019,1464,3193.28,593.66,25.77,5.62,38.40,2.56
South,South Carolina,45,More than one race,2020,1617,3213.14,582.90,26.11,5.75,38.48,2.61
South,South Carolina,45,More than one race,2021,1639,3180.99,603.45,26.32,5.79,38.28,2.56
South,South Carolina,45,More than one race,2022,1705,3213.14,588.27,26.74,5.65,38.43,2.51
South,South Carolina,45,More than one race,2023,1698,3149.55,608.60,26.61,5.85,38.29,2.77
South,South Carolina,45,More than one race,2024,1707,3182.38,600.96,26.88,5.71,38.37,2.72
South,Tennessee,47,American Indian or Alaska Native,2016,123,3258.22,455.79,26.42,5.32,38.89,2.39
South,Tennessee,47,American Indian or Alaska Native,2017,137,3299.67,566.41,27.39,5.85,38.56,2.54
South,Tennessee,47,American Indian or Alaska Native,2018,231,3317.39,576.03,28.28,6.64,38.26,2.94
South,Tennessee,47,American Indian or Alaska Native,2019,247,3323.95,553.53,26.77,5.71,38.44,2.26
South,Tennessee,47,American Indian or Alaska Native,2020,263,3273.98,515.05,27.72,6.34,38.43,2.42
South,Tennessee,47,American Indian or Alaska Native,2021,304,3275.16,575.87,27.26,6.23,38.52,2.58
South,Tennessee,47,American Indian or Alaska Native,2022,367,3216.20,534.10,26.88,6.12,38.37,2.36
South,Tennessee,47,American Indian or Alaska Native,2023,462,3217.73,557.41,27.37,6.28,38.53,2.72
South,Tennessee,47,American Indian or Alaska Native,2024,467,3174.27,546.93,27.30,6.01,38.37,2.21
South,Tennessee,47,Asian,2016,2081,3188.77,562.53,30.56,5.11,38.53,2.22
South,Tennessee,47,Asian,2017,2078,3172.88,542.96,30.60,5.17,38.53,2.19
South,Tennessee,47,Asian,2018,1991,3156.19,573.67,30.94,4.87,38.38,2.28
South,Tennessee,47,Asian,2019,2042,3141.69,546.15,31.04,5.19,38.33,2.43
South,Tennessee,47,Asian,2020,1908,3153.47,579.66,31.04,5.00,38.19,2.54
South,Tennessee,47,Asian,2021,1860,3165.57,538.44,31.48,4.92,38.42,2.29
South,Tennessee,47,Asian,2022,2049,3152.33,544.08,31.53,5.00,38.47,2.29
South,Tennessee,47,Asian,2023,1979,3151.55,547.99,31.48,4.96,38.45,2.34
South,Tennessee,47,Asian,2024,2231,3161.66,574.99,31.58,5.02,38.35,2.29
South,Tennessee,47,Black or African American,2016,17400,3050.92,647.13,26.55,5.78,38.00,2.92
South,Tennessee,47,Black or African American,2017,17537,3051.91,636.09,26.64,5.73,38.04,2.94
South,Tennessee,47,Black or African American,2018,16724,3039.75,649.83,26.75,5.78,37.94,3.02
South,Tennessee,47,Black or African American,2019,16861,3043.34,639.91,26.86,5.79,37.84,3.13
South,Tennessee,47,Black or African American,2020,16349,3044.19,627.88,27.05,5.83,37.88,2.96
South,Tennessee,47,Black or African American,2021,16067,3033.58,641.49,27.26,5.88,37.93,2.92
South,Tennessee,47,Black or African American,2022,15328,3032.57,636.98,27.53,5.96,37.95,2.91
South,Tennessee,47,Black or African American,2023,15267,3031.50,640.84,27.64,6.00,37.94,2.92
South,Tennessee,47,Black or African American,2024,13899,3028.89,640.46,27.74,6.08,37.95,2.89
South,Tennessee,47,Native Hawaiian or Other Pacific Islander,2016,125,3327.37,506.96,28.34,6.19,38.81,2.18
South,Tennessee,47,Native Hawaiian or Other Pacific Islander,2017,111,3276.35,511.64,28.41,5.92,38.19,2.24
South,Tennessee,47,Native Hawaiian or Other Pacific Islander,2018,143,3250.47,641.07,27.80,5.78,38.11,2.48
South,Tennessee,47,Native Hawaiian or Other Pacific Islander,2019,138,3294.62,594.47,27.45,6.21,38.49,2.57
South,Tennessee,47,Native Hawaiian or Other Pacific Islander,2020,181,3234.60,591.59,27.52,6.03,38.20,2.89
South,Tennessee,47,Native Hawaiian or Other Pacific Islander,2021,213,3140.33,623.04,28.02,6.23,37.90,2.95
South,Tennessee,47,Native Hawaiian or Other Pacific Islander,2022,485,3228.07,576.31,27.35,6.66,38.25,2.54
South,Tennessee,47,Native Hawaiian or Other Pacific Islander,2023,414,3269.21,513.61,27.36,5.91,38.49,2.28
South,Tennessee,47,Native Hawaiian or Other Pacific Islander,2024,330,3221.19,505.02,27.65,6.38,38.16,2.44
South,Tennessee,47,White,2016,59722,3292.19,588.27,27.82,5.65,38.51,2.33
South,Tennessee,47,White,2017,59663,3299.38,585.14,27.91,5.63,38.55,2.34
South,Tennessee,47,White,2018,60073,3297.11,586.37,28.07,5.65,38.51,2.35
South,Tennessee,47,White,2019,59558,3292.02,575.71,28.18,5.64,38.46,2.40
South,Tennessee,47,White,2020,58327,3297.84,578.40,28.28,5.66,38.49,2.39
South,Tennessee,47,White,2021,61530,3293.64,578.26,28.46,5.64,38.50,2.32
South,Tennessee,47,White,2022,62210,3288.52,569.53,28.51,5.63,38.52,2.34
South,Tennessee,47,White,2023,63147,3293.51,576.37,28.56,5.65,38.52,2.39
South,Tennessee,47,White,2024,65042,3297.39,574.13,28.65,5.68,38.51,2.35
South,Tennessee,47,More than one race,2016,1356,3213.30,562.76,25.75,5.70,38.51,2.37
South,Tennessee,47,More than one race,2017,1490,3186.60,597.49,25.58,5.55,38.50,2.45
South,Tennessee,47,More than one race,2018,1589,3232.95,572.78,25.79,5.55,38.46,2.32
South,Tennessee,47,More than one race,2019,1604,3208.33,591.89,26.04,5.78,38.37,2.51
South,Tennessee,47,More than one race,2020,1661,3204.57,576.24,25.99,5.80,38.40,2.49
South,Tennessee,47,More than one race,2021,1743,3193.01,575.08,26.32,5.81,38.43,2.44
South,Tennessee,47,More than one race,2022,1826,3217.57,581.93,26.48,5.63,38.60,2.48
South,Tennessee,47,More than one race,2023,1752,3181.38,591.53,26.45,5.70,38.37,2.55
South,Tennessee,47,More than one race,2024,1864,3213.23,569.31,27.02,5.93,38.47,2.40
South,Texas,48,American Indian or Alaska Native,2016,1173,3300.00,614.98,27.42,6.11,38.51,2.45
South,Texas,48,American Indian or Alaska Native,2017,1010,3315.32,609.23,27.72,5.95,38.50,2.48
South,Texas,48,American Indian or Alaska Native,2018,1118,3287.92,590.09,27.75,5.91,38.53,2.51
South,Texas,48,American Indian or Alaska Native,2019,1096,3298.98,610.18,27.66,5.83,38.43,2.56
South,Texas,48,American Indian or Alaska Native,2020,1097,3297.56,575.74,28.13,5.94,38.53,2.52
South,Texas,48,American Indian or Alaska Native,2021,1143,3264.48,588.04,27.87,5.88,38.50,2.69
South,Texas,48,American Indian or Alaska Native,2022,1300,3279.65,587.54,28.42,5.78,38.46,2.62
South,Texas,48,American Indian or Alaska Native,2023,1233,3265.99,565.16,28.43,5.75,38.51,2.45
South,Texas,48,American Indian or Alaska Native,2024,1210,3239.92,636.15,28.55,5.83,38.31,2.86
South,Texas,48,Asian,2016,22647,3146.15,538.26,31.17,4.94,38.49,2.21
South,Texas,48,Asian,2017,22323,3143.15,537.57,31.18,4.95,38.47,2.23
South,Texas,48,Asian,2018,20433,3133.48,531.35,31.65,4.70,38.46,2.20
South,Texas,48,Asian,2019,20454,3139.13,526.10,31.83,4.66,38.49,2.32
South,Texas,48,Asian,2020,19594,3133.63,528.89,32.01,4.60,38.47,2.34
South,Texas,48,Asian,2021,20051,3121.94,530.18,32.25,4.58,38.41,2.34
South,Texas,48,Asian,2022,21535,3118.14,533.43,32.31,4.61,38.46,2.40
South,Texas,48,Asian,2023,22485,3120.24,537.45,32.31,4.60,38.44,2.44
South,Texas,48,Asian,2024,24327,3108.15,533.60,32.40,4.47,38.44,2.39
South,Texas,48,Black or African American,2016,55001,3091.44,631.37,27.46,6.00,38.13,2.80
South,Texas,48,Black or African American,2017,54754,3093.06,629.21,27.75,6.01,38.09,2.83
South,Texas,48,Black or African American,2018,51556,3073.72,637.81,27.95,6.03,38.03,2.86
South,Texas,48,Black or African American,2019,50691,3064.51,636.20,28.01,6.04,37.99,3.05
South,Texas,48,Black or African American,2020,49984,3074.86,632.61,28.12,6.03,38.06,2.97
South,Texas,48,Black or African American,2021,49894,3063.78,634.93,28.32,6.06,38.04,3.01
South,Texas,48,Black or African American,2022,51750,3060.86,632.31,28.52,6.09,38.05,2.99
South,Texas,48,Black or African American,2023,51347,3067.07,624.78,28.75,6.19,38.04,2.92
South,Texas,48,Black or African American,2024,48719,3067.02,627.91,28.88,6.18,38.09,2.96
South,Texas,48,Native Hawaiian or Other Pacific Islander,2016,621,3292.31,632.11,27.31,5.78,38.31,2.70
South,Texas,48,Native Hawaiian or Other Pacific Islander,2017,666,3262.00,557.23,27.46,5.78,38.47,2.42
South,Texas,48,Native Hawaiian or Other Pacific Islander,2018,625,3268.08,592.98,27.60,5.68,38.31,2.55
South,Texas,48,Native Hawaiian or Other Pacific Islander,2019,779,3271.59,610.86,27.61,5.84,38.14,2.76
South,Texas,48,Native Hawaiian or Other Pacific Islander,2020,751,3238.54,566.86,27.77,5.87,38.46,2.76
South,Texas,48,Native Hawaiian or Other Pacific Islander,2021,775,3229.91,601.61,28.08,6.10,38.17,2.73
South,Texas,48,Native Hawaiian or Other Pacific Islander,2022,810,3248.72,625.06,27.87,5.79,38.36,2.76
South,Texas,48,Native Hawaiian or Other Pacific Islander,2023,815,3212.84,613.15,28.56,5.76,38.34,2.88
South,Texas,48,Native Hawaiian or Other Pacific Islander,2024,832,3225.05,610.58,28.60,6.06,38.49,2.82
South,Texas,48,White,2016,313694,3270.83,572.15,27.84,5.94,38.50,2.36
South,Texas,48,White,2017,298596,3269.92,570.24,27.97,5.92,38.48,2.40
South,Texas,48,White,2018,299958,3268.26,568.45,28.13,5.91,38.46,2.37
South,Texas,48,White,2019,299568,3263.47,563.54,28.22,5.91,38.49,2.54
South,Texas,48,White,2020,291444,3267.02,563.72,28.29,5.89,38.54,2.53
South,Texas,48,White,2021,295938,3258.36,568.22,28.46,5.85,38.51,2.60
South,Texas,48,White,2022,307901,3248.35,568.11,28.52,5.85,38.53,2.63
South,Texas,48,White,2023,305581,3248.66,564.17,28.58,5.86,38.53,2.60
South,Texas,48,White,2024,308903,3249.00,563.66,28.65,5.85,38.56,2.61
South,Texas,48,More than one race,2016,4911,3217.50,585.45,26.93,5.89,38.44,2.50
South,Texas,48,More than one race,2017,4701,3216.85,583.49,26.99,5.92,38.48,2.49
South,Texas,48,More than one race,2018,4934,3216.18,578.29,27.28,5.92,38.42,2.51
South,Texas,48,More than one race,2019,5011,3222.28,584.62,27.16,5.89,38.43,2.58
South,Texas,48,More than one race,2020,5320,3218.43,582.12,27.30,5.86,38.44,2.56
South,Texas,48,More than one race,2021,5793,3230.74,581.59,27.73,5.80,38.47,2.54
South,Texas,48,More than one race,2022,6445,3213.63,567.47,27.90,5.95,38.49,2.59
South,Texas,48,More than one race,2023,6484,3211.53,587.31,27.90,5.83,38.50,2.56
South,Texas,48,More than one race,2024,6837,3210.98,579.56,28.20,5.85,38.50,2.58
South,Virginia,51,American Indian or Alaska Native,2016,194,3357.94,614.22,28.51,5.49,38.42,2.96
South,Virginia,51,American Indian or Alaska Native,2017,195,3292.11,620.14,28.51,5.67,38.84,2.50
South,Virginia,51,American Indian or Alaska Native,2018,236,3323.56,662.57,28.99,5.90,38.68,2.80
South,Virginia,51,American Indian or Alaska Native,2019,215,3240.07,615.60,28.91,5.64,38.51,2.64
South,Virginia,51,American Indian or Alaska Native,2020,292,3264.30,576.21,28.33,5.95,38.82,2.33
South,Virginia,51,American Indian or Alaska Native,2021,329,3259.32,615.65,28.85,5.63,38.50,3.07
South,Virginia,51,American Indian or Alaska Native,2022,420,3301.05,567.95,28.91,6.00,38.86,2.51
South,Virginia,51,American Indian or Alaska Native,2023,376,3208.20,618.08,28.73,6.30,38.40,2.96
South,Virginia,51,American Indian or Alaska Native,2024,263,3278.78,578.51,30.00,6.24,38.73,2.54
South,Virginia,51,Asian,2016,9002,3195.47,548.71,31.39,5.06,38.71,2.28
South,Virginia,51,Asian,2017,8695,3180.56,563.20,31.49,5.11,38.63,2.50
South,Virginia,51,Asian,2018,8060,3200.68,548.77,31.88,4.80,38.75,2.30
South,Virginia,51,Asian,2019,7914,3174.35,549.46,32.03,4.88,38.64,2.39
South,Virginia,51,Asian,2020,7354,3184.82,532.34,32.04,4.87,38.67,2.20
South,Virginia,51,Asian,2021,7377,3180.01,552.71,32.37,4.75,38.65,2.39
South,Virginia,51,Asian,2022,7633,3167.21,557.75,32.38,4.87,38.68,2.42
South,Virginia,51,Asian,2023,7242,3162.81,553.75,32.51,4.82,38.60,2.37
South,Virginia,51,Asian,2024,7798,3176.26,563.74,32.49,4.92,38.63,2.51
South,Virginia,51,Black or African American,2016,22790,3107.40,645.16,27.82,5.93,38.29,3.01
South,Virginia,51,Black or African American,2017,23055,3100.05,647.76,28.02,5.93,38.26,2.96
South,Virginia,51,Black or African American,2018,22312,3103.08,644.26,28.30,5.94,38.28,2.99
South,Virginia,51,Black or African American,2019,21765,3097.91,644.11,28.34,5.93,38.20,3.00
South,Virginia,51,Black or African American,2020,21057,3100.17,645.64,28.57,6.03,38.20,2.97
South,Virginia,51,Black or African American,2021,20926,3094.21,639.88,28.76,6.03,38.23,2.95
South,Virginia,51,Black or African American,2022,20245,3081.89,644.55,29.03,6.06,38.23,3.01
South,Virginia,51,Black or African American,2023,19471,3084.82,645.06,29.18,6.13,38.22,3.00
South,Virginia,51,Black or African American,2024,19165,3079.51,651.90,29.35,6.17,38.21,3.06
South,Virginia,51,Native Hawaiian or Other Pacific Islander,2016,204,3254.14,610.59,28.94,5.39,38.58,2.76
South,Virginia,51,Native Hawaiian or Other Pacific Islander,2017,227,3319.31,619.84,28.81,6.09,38.91,2.64
South,Virginia,51,Native Hawaiian or Other Pacific Islander,2018,288,3282.91,602.40,28.53,5.88,38.76,2.67
South,Virginia,51,Native Hawaiian or Other Pacific Islander,2019,404,3255.67,610.77,28.83,6.43,38.68,2.80
South,Virginia,51,Native Hawaiian or Other Pacific Islander,2020,305,3260.44,637.52,28.75,5.79,38.73,2.80
South,Virginia,51,Native Hawaiian or Other Pacific Islander,2021,349,3255.27,596.74,28.92,6.24,38.61,2.73
South,Virginia,51,Native Hawaiian or Other Pacific Islander,2022,469,3236.81,589.01,28.93,6.04,38.49,3.03
South,Virginia,51,Native Hawaiian or Other Pacific Islander,2023,363,3271.51,538.42,29.07,6.31,38.67,2.45
South,Virginia,51,Native Hawaiian or Other Pacific Islander,2024,317,3236.91,600.79,28.93,5.86,38.38,2.83
South,Virginia,51,White,2016,68701,3346.40,578.00,29.54,5.63,38.89,2.40
South,Virginia,51,White,2017,66479,3342.67,578.75,29.60,5.63,38.85,2.41
South,Virginia,51,White,2018,67014,3341.95,577.88,29.73,5.67,38.86,2.38
South,Virginia,51,White,2019,65245,3331.71,573.20,29.77,5.65,38.74,2.42
South,Virginia,51,White,2020,63696,3333.91,572.62,29.87,5.66,38.77,2.37
South,Virginia,51,White,2021,64660,3334.65,577.58,30.08,5.61,38.75,2.38
South,Virginia,51,White,2022,64455,3326.39,570.64,30.13,5.64,38.78,2.41
South,Virginia,51,White,2023,62753,3325.74,573.73,30.16,5.67,38.74,2.39
South,Virginia,51,White,2024,63805,3326.95,572.60,30.18,5.68,38.75,2.43
South,Virginia,51,More than one race,2016,1569,3263.37,619.59,27.63,6.00,38.75,2.52
South,Virginia,51,More than one race,2017,1740,3252.57,593.00,27.65,5.92,38.76,2.67
South,Virginia,51,More than one race,2018,1933,3267.63,584.50,27.52,5.94,38.74,2.57
South,Virginia,51,More than one race,2019,1886,3261.96,580.71,27.99,5.83,38.71,2.51
South,Virginia,51,More than one race,2020,2045,3245.73,612.25,28.14,5.97,38.64,2.56
South,Virginia,51,More than one race,2021,2184,3246.86,592.41,28.32,5.77,38.79,2.46
South,Virginia,51,More than one race,2022,2408,3254.52,573.21,28.31,5.81,38.73,2.39
South,Virginia,51,More than one race,2023,2444,3250.94,604.75,28.63,5.84,38.66,2.55
South,Virginia,51,More than one race,2024,2706,3262.21,584.76,28.83,5.75,38.73,2.51
South,West Virginia,54,American Indian or Alaska Native,2016,22,3613.59,371.07,29.14,6.93,38.95,2.44
South,West Virginia,54,American Indian or Alaska Native,2017,20,3101.40,574.69,26.85,5.50,38.35,2.13
South,West Virginia,54,American Indian or Alaska Native,2018,19,3231.79,659.70,28.68,5.27,39.05,3.61
South,West Virginia,54,American Indian or Alaska Native,2019,18,3419.94,503.69,31.17,6.32,39.00,1.89
South,West Virginia,54,American Indian or Alaska Native,2020,24,3103.92,661.00,30.46,6.10,38.25,3.53
South,West Virginia,54,American Indian or Alaska Native,2021,24,3309.83,482.00,30.29,6.37,39.38,2.12
South,West Virginia,54,American Indian or Alaska Native,2022,25,3040.48,618.88,27.44,5.07,38.44,2.82
South,West Virginia,54,American Indian or Alaska Native,2023,31,3169.35,499.61,28.74,5.28,37.77,2.54
South,West Virginia,54,American Indian or Alaska Native,2024,20,3095.50,747.91,29.30,5.10,37.35,3.97
South,West Virginia,54,Asian,2016,190,3261.97,489.43,31.57,4.30,38.57,2.15
South,West Virginia,54,Asian,2017,216,3157.66,565.73,30.94,4.63,38.80,2.22
South,West Virginia,54,Asian,2018,179,3230.60,457.04,31.41,4.51,38.71,1.85
South,West Virginia,54,Asian,2019,174,3193.45,456.38,32.73,4.53,38.56,2.19
South,West Virginia,54,Asian,2020,165,3197.09,568.85,31.36,4.81,38.49,2.68
South,West Virginia,54,Asian,2021,183,3134.66,553.71,31.92,4.94,38.08,2.05
South,West Virginia,54,Asian,2022,185,3134.58,546.17,32.08,5.01,38.63,2.63
South,West Virginia,54,Asian,2023,184,3062.92,612.00,32.55,4.74,38.11,2.77
South,West Virginia,54,Asian,2024,187,3108.01,679.01,32.19,4.66,38.21,2.70
South,West Virginia,54,Black or African American,2016,628,3084.68,610.21,27.13,5.70,38.07,3.06
South,West Virginia,54,Black or African American,2017,661,3043.68,655.43,27.07,6.04,37.93,3.41
South,West Virginia,54,Black or African American,2018,664,3067.42,615.45,27.62,6.21,37.98,2.75
South,West Virginia,54,Black or African American,2019,652,3022.72,678.46,27.51,6.03,37.57,3.20
South,West Virginia,54,Black or African American,2020,637,3034.91,654.67,27.38,5.57,37.75,3.25
South,West Virginia,54,Black or African American,2021,560,3001.00,610.20,28.03,5.85,37.74,2.74
South,West Virginia,54,Black or African American,2022,600,3058.24,661.65,27.98,6.01,37.84,2.82
South,West Virginia,54,Black or African American,2023,616,2999.83,614.95,28.30,5.92,37.68,2.95
South,West Virginia,54,Black or African American,2024,639,3031.26,632.28,28.68,5.95,37.95,3.07
South,West Virginia,54,Native Hawaiian or Other Pacific Islander,2016,,,,,,,
South,West Virginia,54,Native Hawaiian or Other Pacific Islander,2017,14,3160.57,528.96,30.50,5.91,37.93,2.12
South,West Virginia,54,Native Hawaiian or Other Pacific Islander,2018,,,,,,,
South,West Virginia,54,Native Hawaiian or Other Pacific Islander,2019,,,,,,,
South,West Virginia,54,Native Hawaiian or Other Pacific Islander,2020,,,,,,,
South,West Virginia,54,Native Hawaiian or Other Pacific Islander,2021,,,,,,,
South,West Virginia,54,Native Hawaiian or Other Pacific Islander,2022,,,,,,,
South,West Virginia,54,Native Hawaiian or Other Pacific Islander,2023,,,,,,,
South,West Virginia,54,Native Hawaiian or Other Pacific Islander,2024,,,,,,,
South,West Virginia,54,White,2016,17906,3244.48,603.70,26.87,5.57,38.51,2.57
South,West Virginia,54,White,2017,17378,3247.97,609.59,27.00,5.58,38.49,2.60
South,West Virginia,54,White,2018,17024,3249.84,603.14,27.11,5.57,38.44,2.64
South,West Virginia,54,White,2019,16844,3229.22,598.44,27.19,5.59,38.40,2.61
South,West Virginia,54,White,2020,16086,3249.14,593.71,27.36,5.60,38.42,2.56
South,West Virginia,54,White,2021,16011,3235.17,600.14,27.38,5.61,38.32,2.61
South,West Virginia,54,White,2022,15692,3228.12,599.96,27.50,5.56,38.33,2.56
South,West Virginia,54,White,2023,15317,3227.97,591.48,27.47,5.53,38.33,2.53
South,West Virginia,54,White,2024,15721,3225.19,599.71,27.67,5.52,38.31,2.53
South,West Virginia,54,More than one race,2016,326,3195.95,541.25,25.22,5.67,38.36,2.67
South,West Virginia,54,More than one race,2017,386,3166.59,613.69,25.89,5.72,38.20,2.82
South,West Virginia,54,More than one race,2018,355,3153.29,626.86,25.15,5.38,38.29,2.92
South,West Virginia,54,More than one race,2019,440,3118.62,671.24,25.13,5.47,38.21,3.01
South,West Virginia,54,More than one race,2020,406,3195.19,662.91,25.71,5.76,38.32,3.32
South,West Virginia,54,More than one race,2021,413,3226.94,556.19,25.39,5.37,38.31,2.23
South,West Virginia,54,More than one race,2022,423,3099.16,640.08,26.08,6.14,38.26,2.75
South,West Virginia,54,More than one race,2023,449,3177.06,641.80,25.92,5.29,38.22,2.59
South,West Virginia,54,More than one race,2024,447,3179.69,604.99,26.78,5.65,38.39,2.63
West,Alaska,02,American Indian or Alaska Native,2016,2195,3431.36,620.64,26.62,5.66,38.19,2.43
West,Alaska,02,American Indian or Alaska Native,2017,1985,3391.43,623.82,26.87,5.77,38.22,2.46
West,Alaska,02,American Indian or Alaska Native,2018,1956,3422.33,633.25,27.13,5.67,38.06,2.55
West,Alaska,02,American Indian or Alaska Native,2019,1949,3398.15,631.63,27.03,5.62,38.13,2.52
West,Alaska,02,American Indian or Alaska Native,2020,1852,3380.09,638.78,27.68,5.94,38.03,2.78
West,Alaska,02,American Indian or Alaska Native,2021,1826,3384.79,643.89,27.47,6.11,38.03,2.59
West,Alaska,02,American Indian or Alaska Native,2022,1818,3358.72,649.60,27.60,6.07,37.98,2.85
West,Alaska,02,American Indian or Alaska Native,2023,1803,3345.74,652.74,27.89,6.13,37.89,2.87
West,Alaska,02,American Indian or Alaska Native,2024,1643,3334.22,635.57,27.86,5.99,37.92,2.77
West,Alaska,02,Asian,2016,729,3198.61,547.74,28.92,5.76,38.78,2.57
West,Alaska,02,Asian,2017,720,3197.14,539.60,29.74,6.00,38.42,2.44
West,Alaska,02,Asian,2018,659,3182.13,576.85,29.59,5.85,38.59,2.53
West,Alaska,02,Asian,2019,613,3206.67,541.22,29.53,5.87,38.69,2.46
West,Alaska,02,Asian,2020,546,3194.45,525.78,30.05,5.91,38.65,2.46
West,Alaska,02,Asian,2021,544,3166.86,568.78,30.25,5.69,38.55,2.67
West,Alaska,02,Asian,2022,594,3179.89,532.80,30.47,5.68,38.74,2.36
West,Alaska,02,Asian,2023,530,3174.17,560.86,30.60,5.44,38.62,2.38
West,Alaska,02,Asian,2024,508,3174.95,528.25,30.94,5.37,38.64,2.34
West,Alaska,02,Black or African American,2016,356,3076.98,689.38,27.73,5.68,38.19,3.63
West,Alaska,02,Black or African American,2017,377,3136.43,619.36,27.95,5.88,38.27,2.81
West,Alaska,02,Black or African American,2018,330,3134.66,639.00,27.81,5.76,38.35,3.06
West,Alaska,02,Black or African American,2019,341,3152.87,573.95,28.06,5.55,38.52,2.46
West,Alaska,02,Black or African American,2020,318,3132.24,645.49,27.55,5.58,38.34,2.98
West,Alaska,02,Black or African American,2021,297,3144.69,599.86,28.76,6.27,38.33,2.15
West,Alaska,02,Black or African American,2022,320,3128.21,604.79,29.19,5.73,38.28,2.48
West,Alaska,02,Black or African American,2023,287,3138.72,643.28,28.89,5.84,38.22,2.81
West,Alaska,02,Black or African American,2024,272,3137.97,657.92,28.53,5.68,38.13,2.75
West,Alaska,02,Native Hawaiian or Other Pacific Islander,2016,298,3454.87,618.28,26.64,5.49,38.61,2.78
West,Alaska,02,Native Hawaiian or Other Pacific Islander,2017,326,3458.29,609.01,27.54,5.90,38.84,2.97
West,Alaska,02,Native Hawaiian or Other Pacific Islander,2018,312,3499.20,574.40,27.30,5.17,38.62,2.77
West,Alaska,02,Native Hawaiian or Other Pacific Islander,2019,321,3447.86,610.59,26.95,5.67,38.48,2.91
West,Alaska,02,Native Hawaiian or Other Pacific Islander,2020,334,3424.69,717.87,26.80,4.94,38.47,3.23
West,Alaska,02,Native Hawaiian or Other Pacific Islander,2021,310,3428.76,722.25,27.51,5.18,38.39,3.34
West,Alaska,02,Native Hawaiian or Other Pacific Islander,2022,329,3419.74,620.12,27.70,5.43,38.25,2.88
West,Alaska,02,Native Hawaiian or Other Pacific Islander,2023,329,3415.47,670.82,27.77,5.56,38.53,2.81
West,Alaska,02,Native Hawaiian or Other Pacific Islander,2024,326,3396.81,593.07,27.29,5.43,38.53,2.49
West,Alaska,02,White,2016,6467,3427.75,558.99,28.80,5.39,39.11,2.24
West,Alaska,02,White,2017,5930,3429.41,577.64,29.07,5.42,39.08,2.29
West,Alaska,02,White,2018,5723,3427.97,558.05,29.31,5.41,39.03,2.24
West,Alaska,02,White,2019,5550,3410.04,577.13,29.56,5.54,38.93,2.26
West,Alaska,02,White,2020,5378,3403.50,570.61,29.47,5.48,38.94,2.28
West,Alaska,02,White,2021,5398,3395.76,592.14,29.55,5.54,38.87,2.30
West,Alaska,02,White,2022,5271,3387.27,577.86,29.58,5.55,38.96,2.34
West,Alaska,02,White,2023,5073,3400.21,573.36,29.77,5.46,38.96,2.33
West,Alaska,02,White,2024,5205,3393.30,572.52,29.90,5.58,38.91,2.25
West,Alaska,02,More than one race,2016,1164,3391.20,607.29,27.28,5.42,38.68,2.48
West,Alaska,02,More than one race,2017,1107,3408.85,582.19,27.27,5.36,38.73,2.33
West,Alaska,02,More than one race,2018,1106,3398.32,607.04,27.17,5.37,38.64,2.48
West,Alaska,02,More than one race,2019,1048,3379.84,605.09,27.82,5.65,38.67,2.20
West,Alaska,02,More than one race,2020,1041,3407.41,585.81,27.66,5.50,38.83,2.43
West,Alaska,02,More than one race,2021,992,3378.62,604.69,27.94,5.47,38.59,2.45
West,Alaska,02,More than one race,2022,1027,3369.76,589.18,28.11,5.68,38.55,2.39
West,Alaska,02,More than one race,2023,993,3373.57,556.52,28.18,6.06,38.76,2.41
West,Alaska,02,More than one race,2024,989,3358.39,609.01,28.41,5.84,38.46,2.49
West,Arizona,04,American Indian or Alaska Native,2016,5075,3315.40,595.18,26.88,5.95,38.57,2.79
West,Arizona,04,American Indian or Alaska Native,2017,4868,3306.96,597.86,26.85,5.92,38.46,2.70
West,Arizona,04,American Indian or Alaska Native,2018,4667,3297.51,598.40,27.23,5.97,38.46,2.73
West,Arizona,04,American Indian or Alaska Native,2019,4474,3301.29,595.40,27.22,5.82,38.48,2.67
West,Arizona,04,American Indian or Alaska Native,2020,4091,3307.38,586.06,27.34,5.94,38.45,2.70
West,Arizona,04,American Indian or Alaska Native,2021,3904,3293.69,598.78,27.66,5.98,38.31,2.72
West,Arizona,04,American Indian or Alaska Native,2022,3998,3271.79,605.21,28.05,6.00,38.37,2.73
West,Arizona,04,American Indian or Alaska Native,2023,3937,3286.68,602.16,27.98,6.07,38.44,2.65
West,Arizona,04,American Indian or Alaska Native,2024,3841,3291.19,573.38,28.03,6.14,38.49,2.62
West,Arizona,04,Asian,2016,3163,3145.69,559.43,30.97,5.00,38.53,2.44
West,Arizona,04,Asian,2017,3124,3140.25,529.54,31.25,5.06,38.40,2.30
West,Arizona,04,Asian,2018,3016,3127.73,531.32,31.59,4.94,38.44,2.28
West,Arizona,04,Asian,2019,2961,3153.62,526.32,31.62,4.99,38.46,2.36
West,Arizona,04,Asian,2020,2782,3139.42,538.97,31.66,4.89,38.52,2.30
West,Arizona,04,Asian,2021,2803,3136.13,544.00,32.08,4.83,38.43,2.39
West,Arizona,04,Asian,2022,2915,3112.35,554.58,32.15,4.95,38.41,2.42
West,Arizona,04,Asian,2023,3046,3104.84,561.02,32.36,4.85,38.42,2.41
West,Arizona,04,Asian,2024,3022,3106.01,564.67,32.37,4.77,38.44,2.52
West,Arizona,04,Black or African American,2016,4568,3114.73,607.64,27.50,5.86,38.27,2.88
West,Arizona,04,Black or African American,2017,4747,3110.07,616.51,27.81,5.89,38.16,2.94
West,Arizona,04,Black or African American,2018,4793,3117.82,607.89,28.05,5.96,38.17,2.69
West,Arizona,04,Black or African American,2019,5043,3116.17,627.73,28.38,5.93,38.17,2.78
West,Arizona,04,Black or African American,2020,4917,3103.11,632.94,28.44,5.91,38.13,2.87
West,Arizona,04,Black or African American,2021,4965,3096.51,629.99,28.65,5.83,38.05,2.92
West,Arizona,04,Black or African American,2022,5027,3091.98,618.56,28.87,5.91,38.18,2.90
West,Arizona,04,Black or African American,2023,4992,3114.21,625.59,29.10,5.96,38.19,2.79
West,Arizona,04,Black or African American,2024,5065,3120.01,626.21,29.31,6.05,38.27,2.83
West,Arizona,04,Native Hawaiian or Other Pacific Islander,2016,244,3256.93,603.64,28.03,5.63,38.16,2.70
West,Arizona,04,Native Hawaiian or Other Pacific Islander,2017,244,3248.78,587.26,27.76,5.99,38.74,2.46
West,Arizona,04,Native Hawaiian or Other Pacific Islander,2018,288,3263.73,641.95,27.51,5.60,38.08,3.02
West,Arizona,04,Native Hawaiian or Other Pacific Islander,2019,274,3262.84,611.39,29.01,5.80,38.34,2.79
West,Arizona,04,Native Hawaiian or Other Pacific Islander,2020,243,3273.03,666.99,27.95,5.67,38.25,3.06
West,Arizona,04,Native Hawaiian or Other Pacific Islander,2021,268,3260.13,550.48,28.15,5.54,38.51,2.42
West,Arizona,04,Native Hawaiian or Other Pacific Islander,2022,243,3242.91,575.16,28.52,5.57,38.36,2.18
West,Arizona,04,Native Hawaiian or Other Pacific Islander,2023,274,3255.83,573.85,28.32,5.87,38.59,2.59
West,Arizona,04,Native Hawaiian or Other Pacific Islander,2024,276,3296.02,593.69,29.04,5.55,38.30,2.49
West,Arizona,04,White,2016,69241,3299.69,564.56,28.08,5.80,38.67,2.40
West,Arizona,04,White,2017,66790,3298.19,567.29,28.23,5.81,38.60,2.43
West,Arizona,04,White,2018,65606,3294.57,572.08,28.37,5.82,38.59,2.39
West,Arizona,04,White,2019,64192,3298.22,557.63,28.47,5.76,38.62,2.32
West,Arizona,04,White,2020,62414,3296.87,561.86,28.61,5.73,38.61,2.36
West,Arizona,04,White,2021,63457,3285.34,569.83,28.72,5.68,38.56,2.39
West,Arizona,04,White,2022,63824,3278.64,564.15,28.82,5.67,38.63,2.38
West,Arizona,04,White,2023,63325,3274.93,569.98,28.93,5.69,38.62,2.38
West,Arizona,04,White,2024,63913,3277.75,558.05,29.00,5.68,38.67,2.35
West,Arizona,04,More than one race,2016,2229,3257.62,577.14,26.98,5.82,38.59,2.45
West,Arizona,04,More than one race,2017,2099,3248.70,578.73,27.18,5.76,38.45,2.59
West,Arizona,04,More than one race,2018,2353,3241.01,595.80,27.25,5.79,38.53,2.59
West,Arizona,04,More than one race,2019,2431,3225.31,597.61,27.42,5.78,38.44,2.58
West,Arizona,04,More than one race,2020,2500,3267.31,562.70,27.73,5.82,38.58,2.37
West,Arizona,04,More than one race,2021,2519,3238.85,601.05,28.16,5.76,38.44,2.61
West,Arizona,04,More than one race,2022,2540,3227.14,582.53,28.09,5.80,38.48,2.50
West,Arizona,04,More than one race,2023,2522,3215.84,582.80,28.34,5.75,38.47,2.57
West,Arizona,04,More than one race,2024,2594,3222.79,558.66,28.33,5.73,38.64,2.47
West,California,06,American Indian or Alaska Native,2016,2336,3315.49,603.95,27.84,6.11,38.62,2.46
West,California,06,American Indian or Alaska Native,2017,2261,3310.11,598.87,27.94,5.94,38.58,2.38
West,California,06,American Indian or Alaska Native,2018,2272,3317.86,606.83,28.19,6.07,38.59,2.35
West,California,06,American Indian or Alaska Native,2019,2372,3309.85,615.04,28.35,6.00,38.56,2.44
West,California,06,American Indian or Alaska Native,2020,2329,3306.06,612.21,28.67,6.00,38.45,2.48
West,California,06,American Indian or Alaska Native,2021,2229,3304.88,608.41,28.79,6.00,38.48,2.46
West,California,06,American Indian or Alaska Native,2022,2254,3293.52,605.73,29.27,5.99,38.47,2.55
West,California,06,American Indian or Alaska Native,2023,2121,3282.28,606.02,29.27,6.13,38.48,2.49
West,California,06,American Indian or Alaska Native,2024,2207,3258.82,626.29,29.51,6.16,38.32,2.60
West,California,06,Asian,2016,78683,3189.40,526.79,32.15,4.90,38.65,1.99
West,California,06,Asian,2017,77274,3190.84,526.65,32.35,4.90,38.64,1.98
West,California,06,Asian,2018,73760,3187.50,530.61,32.55,4.86,38.62,1.99
West,California,06,Asian,2019,74102,3183.05,528.24,32.68,4.82,38.58,2.04
West,California,06,Asian,2020,64524,3174.52,526.78,32.89,4.86,38.59,2.07
West,California,06,Asian,2021,61888,3162.43,541.49,33.06,4.76,38.51,2.16
West,California,06,Asian,2022,62559,3159.27,533.58,33.29,4.75,38.53,2.10
West,California,06,Asian,2023,61164,3154.18,531.11,33.42,4.77,38.54,2.10
West,California,06,Asian,2024,64205,3151.57,529.66,33.53,4.67,38.55,2.12
West,California,06,Black or African American,2016,26466,3141.51,623.79,28.42,6.10,38.42,2.56
West,California,06,Black or African American,2017,26013,3138.01,636.99,28.57,6.04,38.34,2.60
West,California,06,Black or African American,2018,24665,3136.86,637.32,28.98,6.15,38.33,2.61
West,California,06,Black or African American,2019,25605,3145.62,630.73,29.15,6.03,38.27,2.65
West,California,06,Black or African American,2020,25138,3143.91,637.19,29.42,6.04,38.29,2.64
West,California,06,Black or African American,2021,25110,3143.04,632.66,29.69,6.01,38.27,2.62
West,California,06,Black or African American,2022,23625,3140.39,621.34,30.02,6.07,38.31,2.58
West,California,06,Black or African American,2023,21643,3129.18,639.73,30.30,6.13,38.24,2.69
West,California,06,Black or African American,2024,21065,3126.95,628.90,30.44,6.13,38.22,2.70
West,California,06,Native Hawaiian or Other Pacific Islander,2016,2101,3399.41,626.56,29.04,5.75,38.65,2.23
West,California,06,Native Hawaiian or Other Pacific Islander,2017,2019,3384.09,634.31,29.42,5.68,38.66,2.22
West,California,06,Native Hawaiian or Other Pacific Islander,2018,1963,3372.40,657.33,29.15,5.80,38.49,2.54
West,California,06,Native Hawaiian or Other Pacific Islander,2019,2003,3368.17,633.93,29.56,5.72,38.46,2.41
West,California,06,Native Hawaiian or Other Pacific Islander,2020,1923,3367.63,624.39,29.75,5.74,38.50,2.46
West,California,06,Native Hawaiian or Other Pacific Islander,2021,1994,3341.47,662.52,30.00,5.63,38.36,2.55
West,California,06,Native Hawaiian or Other Pacific Islander,2022,1927,3323.38,631.88,29.86,5.78,38.49,2.38
West,California,06,Native Hawaiian or Other Pacific Islander,2023,1753,3310.94,666.18,30.45,5.77,38.34,2.68
West,California,06,Native Hawaiian or Other Pacific Islander,2024,1709,3319.04,640.77,30.36,5.77,38.39,2.51
West,California,06,White,2016,362021,3324.81,563.96,29.22,6.00,38.76,2.09
West,California,06,White,2017,347129,3321.91,562.86,29.41,5.99,38.75,2.09
West,California,06,White,2018,335226,3321.16,564.29,29.62,5.95,38.72,2.09
West,California,06,White,2019,326641,3314.08,564.71,29.77,5.94,38.65,2.18
West,California,06,White,2020,311247,3318.52,560.37,29.91,5.89,38.67,2.16
West,California,06,White,2021,313860,3310.86,565.00,30.07,5.85,38.62,2.19
West,California,06,White,2022,313492,3298.11,563.86,30.18,5.88,38.62,2.20
West,California,06,White,2023,298444,3294.39,563.47,30.26,5.89,38.62,2.22
West,California,06,White,2024,297763,3292.99,558.98,30.34,5.89,38.63,2.21
West,California,06,More than one race,2016,17220,3278.58,594.88,28.67,6.09,38.72,2.27
West,California,06,More than one race,2017,16962,3279.13,589.37,28.98,5.97,38.70,2.25
West,California,06,More than one race,2018,17034,3278.30,583.95,29.27,5.95,38.68,2.20
West,California,06,More than one race,2019,15756,3275.40,588.48,29.32,5.94,38.60,2.28
West,California,06,More than one race,2020,15098,3282.12,575.28,29.51,5.97,38.65,2.26
West,California,06,More than one race,2021,15527,3273.57,583.00,29.77,5.87,38.60,2.29
West,California,06,More than one race,2022,15247,3268.08,580.42,30.04,5.96,38.62,2.27
West,California,06,More than one race,2023,14983,3264.94,580.12,30.16,5.86,38.62,2.27
West,California,06,More than one race,2024,15126,3265.61,577.32,30.27,5.97,38.61,2.28
West,Colorado,08,American Indian or Alaska Native,2016,705,3213.56,601.52,27.17,5.71,38.68,2.60
West,Colorado,08,American Indian or Alaska Native,2017,749,3198.13,575.00,26.99,5.80,38.48,2.66
West,Colorado,08,American Indian or Alaska Native,2018,733,3159.93,572.58,27.03,6.02,38.38,2.54
West,Colorado,08,American Indian or Alaska Native,2019,699,3197.08,559.62,27.53,5.84,38.52,2.55
West,Colorado,08,American Indian or Alaska Native,2020,707,3217.11,536.43,27.95,5.76,38.65,2.44
West,Colorado,08,American Indian or Alaska Native,2021,652,3185.11,582.17,27.39,5.69,38.40,2.66
West,Colorado,08,American Indian or Alaska Native,2022,704,3144.62,585.20,27.85,5.71,38.41,2.60
West,Colorado,08,American Indian or Alaska Native,2023,766,3157.43,532.57,27.86,5.83,38.57,2.50
West,Colorado,08,American Indian or Alaska Native,2024,799,3162.88,573.55,28.06,6.02,38.56,2.62
West,Colorado,08,Asian,2016,2880,3080.60,534.50,31.10,5.28,38.59,2.29
West,Colorado,08,Asian,2017,2887,3078.30,519.97,30.84,5.33,38.53,2.28
West,Colorado,08,Asian,2018,2704,3076.20,534.77,31.25,5.15,38.51,2.29
West,Colorado,08,Asian,2019,2714,3062.03,536.00,31.63,5.04,38.49,2.48
West,Colorado,08,Asian,2020,2704,3067.32,547.62,31.60,5.04,38.47,2.39
West,Colorado,08,Asian,2021,2637,3055.01,526.31,32.13,4.85,38.47,2.25
West,Colorado,08,Asian,2022,2629,3044.79,529.24,32.08,5.00,38.44,2.35
West,Colorado,08,Asian,2023,2687,3063.45,527.71,32.32,5.05,38.53,2.27
West,Colorado,08,Asian,2024,2910,3039.30,526.93,32.59,4.83,38.40,2.28
West,Colorado,08,Black or African American,2016,3638,3060.73,626.86,28.15,6.00,38.31,2.90
West,Colorado,08,Black or African American,2017,3742,3058.13,597.96,28.31,5.86,38.31,2.75
West,Colorado,08,Black or African American,2018,3696,3071.20,590.60,28.46,5.87,38.34,2.62
West,Colorado,08,Black or African American,2019,3620,3052.68,617.56,28.72,5.91,38.19,2.78
West,Colorado,08,Black or African American,2020,3742,3047.09,617.94,28.65,5.86,38.15,2.97
West,Colorado,08,Black or African American,2021,3501,3053.62,605.41,28.95,5.89,38.19,2.88
West,Colorado,08,Black or African American,2022,3530,3035.67,612.70,29.25,5.95,38.10,2.81
West,Colorado,08,Black or African American,2023,3571,3013.39,623.63,29.31,5.99,38.21,2.97
West,Colorado,08,Black or African American,2024,3637,3024.65,621.72,29.57,6.06,38.19,2.86
West,Colorado,08,Native Hawaiian or Other Pacific Islander,2016,189,3118.09,657.97,27.62,5.43,37.97,2.93
West,Colorado,08,Native Hawaiian or Other Pacific Islander,2017,192,3179.41,530.87,27.27,5.71,38.45,2.39
West,Colorado,08,Native Hawaiian or Other Pacific Islander,2018,210,3172.67,576.19,27.10,5.92,38.55,2.65
West,Colorado,08,Native Hawaiian or Other Pacific Islander,2019,226,3153.26,517.18,27.42,6.01,38.18,2.40
West,Colorado,08,Native Hawaiian or Other Pacific Islander,2020,216,3164.20,596.00,27.43,5.85,37.98,2.67
West,Colorado,08,Native Hawaiian or Other Pacific Islander,2021,240,3119.62,566.39,27.89,6.04,38.12,2.60
West,Colorado,08,Native Hawaiian or Other Pacific Islander,2022,264,3136.43,613.84,27.62,5.71,38.16,2.95
West,Colorado,08,Native Hawaiian or Other Pacific Islander,2023,310,3083.82,555.61,26.98,5.32,37.85,2.91
West,Colorado,08,Native Hawaiian or Other Pacific Islander,2024,332,3112.00,549.34,27.63,5.90,38.46,2.95
West,Colorado,08,White,2016,57367,3214.40,550.01,29.28,5.73,38.75,2.28
West,Colorado,08,White,2017,54932,3208.73,553.03,29.46,5.71,38.71,2.31
West,Colorado,08,White,2018,53602,3201.16,554.66,29.59,5.68,38.66,2.36
West,Colorado,08,White,2019,53697,3197.00,546.21,29.68,5.72,38.65,2.30
West,Colorado,08,White,2020,52136,3196.92,541.77,29.84,5.69,38.65,2.29
West,Colorado,08,White,2021,53830,3193.13,541.99,30.02,5.68,38.58,2.29
West,Colorado,08,White,2022,53159,3179.68,545.68,30.07,5.65,38.59,2.34
West,Colorado,08,White,2023,52055,3180.02,543.69,30.13,5.69,38.61,2.37
West,Colorado,08,White,2024,54411,3186.85,537.80,30.19,5.69,38.62,2.34
West,Colorado,08,More than one race,2016,1834,3140.62,568.92,27.90,6.01,38.61,2.51
West,Colorado,08,More than one race,2017,1880,3120.42,578.79,27.77,5.82,38.49,2.52
West,Colorado,08,More than one race,2018,1940,3131.72,562.29,28.19,5.92,38.53,2.36
West,Colorado,08,More than one race,2019,1913,3125.09,555.84,28.44,5.93,38.51,2.42
West,Colorado,08,More than one race,2020,1989,3128.65,521.92,28.22,5.85,38.57,2.36
West,Colorado,08,More than one race,2021,2089,3109.23,564.28,28.85,5.80,38.34,2.56
West,Colorado,08,More than one race,2022,2097,3129.12,568.78,28.62,5.68,38.45,2.56
West,Colorado,08,More than one race,2023,2105,3102.57,549.37,29.01,5.81,38.39,2.42
West,Colorado,08,More than one race,2024,2179,3104.90,580.46,29.25,5.77,38.35,2.64
West,Hawaii,15,American Indian or Alaska Native,2016,31,3414.97,461.38,29.06,6.35,38.90,1.44
West,Hawaii,15,American Indian or Alaska Native,2017,41,3275.93,555.15,28.93,5.60,38.24,2.49
West,Hawaii,15,American Indian or Alaska Native,2018,37,3108.57,611.93,28.68,6.63,38.30,2.52
West,Hawaii,15,American Indian or Alaska Native,2019,31,3098.00,888.17,30.97,6.28,38.06,3.93
West,Hawaii,15,American Indian or Alaska Native,2020,26,3199.92,668.28,28.12,6.69,38.04,3.89
West,Hawaii,15,American Indian or Alaska Native,2021,30,3247.55,587.62,27.73,6.04,38.13,1.45
West,Hawaii,15,American Indian or Alaska Native,2022,33,3511.24,449.06,29.39,5.41,39.64,2.14
West,Hawaii,15,American Indian or Alaska Native,2023,34,3362.68,514.19,28.76,5.34,39.18,2.02
West,Hawaii,15,American Indian or Alaska Native,2024,27,3141.19,760.55,29.59,5.90,37.93,4.34
West,Hawaii,15,Asian,2016,4652,3095.96,551.56,31.43,5.60,38.53,2.64
West,Hawaii,15,Asian,2017,4689,3111.49,553.15,31.53,5.71,38.54,2.52
West,Hawaii,15,Asian,2018,4407,3094.77,554.06,31.76,5.45,38.51,2.59
West,Hawaii,15,Asian,2019,4373,3089.68,555.45,31.84,5.61,38.49,2.55
West,Hawaii,15,Asian,2020,3972,3101.01,540.22,31.78,5.45,38.56,2.33
West,Hawaii,15,Asian,2021,3903,3087.15,542.69,32.34,5.24,38.48,2.27
West,Hawaii,15,Asian,2022,3880,3081.19,546.43,32.28,5.39,38.47,2.52
West,Hawaii,15,Asian,2023,3569,3076.96,546.66,32.41,5.32,38.49,2.48
West,Hawaii,15,Asian,2024,3589,3076.36,536.10,32.44,5.35,38.47,2.46
West,Hawaii,15,Black or African American,2016,472,3114.52,630.85,27.92,5.26,38.18,2.90
West,Hawaii,15,Black or African American,2017,409,3144.34,650.50,28.27,5.42,38.23,2.89
West,Hawaii,15,Black or African American,2018,432,3072.88,672.40,28.21,5.36,38.18,3.24
West,Hawaii,15,Black or African American,2019,436,3111.47,672.80,28.22,5.27,38.32,2.99
West,Hawaii,15,Black or African American,2020,389,3159.21,607.07,28.20,5.40,38.56,2.55
West,Hawaii,15,Black or African American,2021,350,3143.93,638.61,28.79,5.42,38.18,2.95
West,Hawaii,15,Black or African American,2022,337,3217.76,573.60,28.97,5.75,38.59,2.24
West,Hawaii,15,Black or African American,2023,325,3171.09,596.97,29.26,5.67,38.43,2.37
West,Hawaii,15,Black or African American,2024,312,3150.93,566.76,29.53,6.06,38.49,2.50
West,Hawaii,15,Native Hawaiian or Other Pacific Islander,2016,1767,3249.58,603.82,27.23,5.84,38.56,3.07
West,Hawaii,15,Native Hawaiian or Other Pacific Islander,2017,1706,3248.40,604.62,27.39,5.90,38.36,3.01
West,Hawaii,15,Native Hawaiian or Other Pacific Islander,2018,1713,3210.90,621.40,27.34,6.00,38.38,3.09
West,Hawaii,15,Native Hawaiian or Other Pacific Islander,2019,1710,3259.16,560.63,27.75,5.95,38.55,2.75
West,Hawaii,15,Native Hawaiian or Other Pacific Islander,2020,1591,3243.88,604.89,27.59,6.03,38.49,3.03
West,Hawaii,15,Native Hawaiian or Other Pacific Islander,2021,1383,3238.98,638.73,27.75,6.05,38.30,2.95
West,Hawaii,15,Native Hawaiian or Other Pacific Islander,2022,1503,3249.72,602.08,28.03,6.03,38.48,3.12
West,Hawaii,15,Native Hawaiian or Other Pacific Islander,2023,1415,3257.25,625.85,28.32,6.14,38.39,3.09
West,Hawaii,15,Native Hawaiian or Other Pacific Islander,2024,1450,3189.42,634.39,27.97,6.00,38.20,3.06
West,Hawaii,15,White,2016,4706,3353.40,570.92,29.53,5.58,38.96,2.33
West,Hawaii,15,White,2017,4398,3347.38,571.62,29.70,5.67,38.91,2.30
West,Hawaii,15,White,2018,4265,3352.53,546.63,30.01,5.70,39.01,2.22
West,Hawaii,15,White,2019,4210,3348.00,567.64,29.95,5.68,39.01,2.41
West,Hawaii,15,White,2020,4074,3341.04,542.35,29.99,5.73,39.02,2.26
West,Hawaii,15,White,2021,4039,3356.22,550.00,30.35,5.71,38.93,2.13
West,Hawaii,15,White,2022,3991,3341.19,548.31,30.38,5.75,39.00,2.27
West,Hawaii,15,White,2023,3882,3327.05,564.96,30.62,5.80,38.95,2.38
West,Hawaii,15,White,2024,3899,3347.46,547.88,30.58,5.62,39.01,2.26
West,Hawaii,15,More than one race,2016,6431,3232.59,583.74,28.09,5.92,38.76,2.68
West,Hawaii,15,More than one race,2017,6274,3233.17,588.67,28.08,5.93,38.74,2.66
West,Hawaii,15,More than one race,2018,6118,3244.95,593.14,28.41,5.98,38.77,2.66
West,Hawaii,15,More than one race,2019,6037,3222.13,584.35,28.57,5.97,38.67,2.64
West,Hawaii,15,More than one race,2020,5733,3242.03,573.96,28.91,5.82,38.75,2.59
West,Hawaii,15,More than one race,2021,5915,3226.33,584.27,29.05,5.84,38.65,2.57
West,Hawaii,15,More than one race,2022,5791,3211.02,588.48,29.16,5.90,38.59,2.79
West,Hawaii,15,More than one race,2023,5583,3211.79,568.21,29.06,5.98,38.70,2.54
West,Hawaii,15,More than one race,2024,5640,3202.38,566.08,29.24,6.04,38.71,2.52
West,Idaho,16,American Indian or Alaska Native,2016,366,3337.13,571.60,26.63,5.33,38.68,2.58
West,Idaho,16,American Indian or Alaska Native,2017,367,3272.47,593.46,26.70,5.87,38.48,2.98
West,Idaho,16,American Indian or Alaska Native,2018,313,3331.06,560.15,25.77,5.37,38.76,2.31
West,Idaho,16,American Indian or Alaska Native,2019,346,3240.11,580.22,26.95,5.94,38.38,2.68
West,Idaho,16,American Indian or Alaska Native,2020,308,3294.28,592.25,27.09,6.00,38.43,2.89
West,Idaho,16,American Indian or Alaska Native,2021,354,3262.62,610.98,27.04,5.87,38.49,2.69
West,Idaho,16,American Indian or Alaska Native,2022,330,3305.11,539.36,26.59,5.76,38.74,2.39
West,Idaho,16,American Indian or Alaska Native,2023,281,3301.31,585.13,27.32,5.81,38.61,2.37
West,Idaho,16,American Indian or Alaska Native,2024,314,3299.56,603.89,27.34,6.15,38.46,2.47
West,Idaho,16,Asian,2016,393,3203.24,522.78,30.16,5.21,38.77,2.21
West,Idaho,16,Asian,2017,411,3137.76,554.92,30.41,5.37,38.48,2.39
West,Idaho,16,Asian,2018,389,3143.38,553.17,30.60,5.17,38.49,2.53
West,Idaho,16,Asian,2019,390,3166.44,566.58,30.84,5.54,38.60,2.21
West,Idaho,16,Asian,2020,361,3173.00,535.11,30.49,5.52,38.39,2.39
West,Idaho,16,Asian,2021,410,3167.95,586.69,31.28,5.24,38.47,2.44
West,Idaho,16,Asian,2022,418,3145.46,554.30,31.11,5.26,38.55,2.50
West,Idaho,16,Asian,2023,421,3207.79,524.51,31.64,5.05,38.77,2.45
West,Idaho,16,Asian,2024,442,3145.39,524.06,31.54,5.04,38.67,2.35
West,Idaho,16,Black or African American,2016,244,3258.58,592.65,28.18,5.62,38.53,2.75
West,Idaho,16,Black or African American,2017,286,3236.60,558.54,27.86,6.39,38.31,2.55
West,Idaho,16,Black or African American,2018,286,3133.07,596.27,28.38,6.48,38.17,3.15
West,Idaho,16,Black or African American,2019,304,3201.80,642.83,28.67,6.40,38.11,2.94
West,Idaho,16,Black or African American,2020,319,3168.74,583.67,28.32,5.76,38.29,2.92
West,Idaho,16,Black or African American,2021,312,3148.23,603.12,28.55,5.93,38.23,2.90
West,Idaho,16,Black or African American,2022,314,3186.44,574.81,29.21,6.47,38.79,2.59
West,Idaho,16,Black or African American,2023,329,3198.23,622.44,29.10,5.91,38.51,3.34
West,Idaho,16,Black or African American,2024,374,3151.94,603.35,29.08,6.08,38.33,2.73
West,Idaho,16,Native Hawaiian or Other Pacific Islander,2016,65,3317.65,679.55,27.38,5.18,38.58,1.94
West,Idaho,16,Native Hawaiian or Other Pacific Islander,2017,62,3391.52,566.60,27.13,5.91,38.42,2.23
West,Idaho,16,Native Hawaiian or Other Pacific Islander,2018,81,3236.09,737.88,27.01,4.73,37.85,3.93
West,Idaho,16,Native Hawaiian or Other Pacific Islander,2019,79,3411.55,550.50,28.94,6.02,38.59,3.46
West,Idaho,16,Native Hawaiian or Other Pacific Islander,2020,78,3290.53,710.68,28.62,5.02,38.08,3.61
West,Idaho,16,Native Hawaiian or Other Pacific Islander,2021,80,3345.20,567.06,29.38,4.87,38.42,2.69
West,Idaho,16,Native Hawaiian or Other Pacific Islander,2022,96,3184.51,609.03,28.54,5.45,38.46,2.69
West,Idaho,16,Native Hawaiian or Other Pacific Islander,2023,74,3240.86,676.38,29.14,5.75,38.32,2.47
West,Idaho,16,Native Hawaiian or Other Pacific Islander,2024,82,3301.67,545.09,28.39,6.04,39.05,2.31
West,Idaho,16,White,2016,21013,3305.32,567.19,27.90,5.55,38.73,2.40
West,Idaho,16,White,2017,20590,3310.59,564.17,27.99,5.51,38.77,2.38
West,Idaho,16,White,2018,19917,3293.65,564.63,28.13,5.51,38.70,2.39
West,Idaho,16,White,2019,20437,3297.32,555.04,28.26,5.52,38.71,2.35
West,Idaho,16,White,2020,19941,3299.46,555.04,28.34,5.55,38.75,2.33
West,Idaho,16,White,2021,20735,3302.95,556.19,28.51,5.48,38.71,2.40
West,Idaho,16,White,2022,20707,3298.20,564.22,28.67,5.54,38.75,2.38
West,Idaho,16,White,2023,20740,3299.57,562.97,28.68,5.49,38.79,2.40
West,Idaho,16,White,2024,21440,3300.19,560.82,28.74,5.51,38.74,2.44
West,Idaho,16,More than one race,2016,401,3246.41,605.92,26.60,5.72,38.56,2.46
West,Idaho,16,More than one race,2017,465,3249.71,609.77,26.38,5.65,38.61,2.62
West,Idaho,16,More than one race,2018,417,3263.00,619.83,27.06,5.41,38.54,2.68
West,Idaho,16,More than one race,2019,507,3301.60,595.31,27.57,5.60,38.59,2.53
West,Idaho,16,More than one race,2020,526,3250.87,606.26,27.48,5.63,38.59,2.76
West,Idaho,16,More than one race,2021,536,3315.74,536.35,27.95,5.71,38.79,2.35
West,Idaho,16,More than one race,2022,526,3226.49,591.20,28.05,5.66,38.69,2.68
West,Idaho,16,More than one race,2023,552,3243.23,561.41,28.03,5.37,38.68,2.44
West,Idaho,16,More than one race,2024,624,3274.80,580.16,28.34,5.52,38.57,2.67
West,Montana,30,American Indian or Alaska Native,2016,1422,3324.47,647.42,25.86,5.69,38.26,2.85
West,Montana,30,American Indian or Alaska Native,2017,1304,3275.85,675.41,26.17,6.01,38.04,2.99
West,Montana,30,American Indian or Alaska Native,2018,1223,3297.45,629.53,26.32,5.86,38.14,2.83
West,Montana,30,American Indian or Alaska Native,2019,1207,3323.75,641.01,26.30,5.92,38.13,2.81
West,Montana,30,American Indian or Alaska Native,2020,1124,3317.39,625.09,26.23,5.78,38.21,2.74
West,Montana,30,American Indian or Alaska Native,2021,1013,3348.57,626.52,26.18,6.04,38.17,2.61
West,Montana,30,American Indian or Alaska Native,2022,1005,3309.24,654.58,26.49,5.95,38.15,2.62
West,Montana,30,American Indian or Alaska Native,2023,968,3341.19,631.98,26.80,6.31,38.16,2.62
West,Montana,30,American Indian or Alaska Native,2024,973,3285.97,624.10,26.92,6.15,38.04,2.91
West,Montana,30,Asian,2016,136,3163.27,575.50,31.19,5.23,38.10,2.18
West,Montana,30,Asian,2017,133,3150.78,596.62,31.38,5.50,38.44,2.81
West,Montana,30,Asian,2018,118,3137.92,451.55,31.25,4.66,38.35,1.92
West,Montana,30,Asian,2019,116,3156.34,598.10,32.01,4.89,38.52,2.55
West,Montana,30,Asian,2020,121,3215.48,579.63,31.92,5.20,38.34,2.64
West,Montana,30,Asian,2021,113,3119.33,502.68,31.42,4.47,38.36,2.40
West,Montana,30,Asian,2022,142,3165.87,521.77,32.65,4.74,38.27,2.65
West,Montana,30,Asian,2023,119,3150.46,620.70,32.23,5.24,38.30,2.53
West,Montana,30,Asian,2024,125,3181.30,558.98,32.58,4.67,38.51,2.02
West,Montana,30,Black or African American,2016,76,3038.38,619.42,26.33,5.80,37.99,2.92
West,Montana,30,Black or African American,2017,76,3260.84,574.50,26.88,5.42,38.46,2.35
West,Montana,30,Black or African American,2018,82,3138.55,580.90,28.85,6.17,38.50,2.28
West,Montana,30,Black or African American,2019,66,3125.21,599.91,27.94,5.73,38.38,3.43
West,Montana,30,Black or African American,2020,71,3119.54,576.15,27.94,5.02,38.23,2.63
West,Montana,30,Black or African American,2021,92,3181.95,512.50,28.80,5.31,38.40,2.10
West,Montana,30,Black or African American,2022,74,3078.68,563.14,28.41,5.21,37.97,2.40
West,Montana,30,Black or African American,2023,70,3037.89,627.97,29.77,5.67,37.76,2.94
West,Montana,30,Black or African American,2024,84,3084.42,671.04,28.96,5.41,37.99,3.64
West,Montana,30,Native Hawaiian or Other Pacific Islander,2016,23,3167.35,737.43,25.09,6.06,38.57,3.79
West,Montana,30,Native Hawaiian or Other Pacific Islander,2017,21,3542.33,767.71,28.86,6.25,39.10,2.07
West,Montana,30,Native Hawaiian or Other Pacific Islander,2018,21,2902.57,763.61,27.10,5.97,37.00,3.21
West,Montana,30,Native Hawaiian or Other Pacific Islander,2019,23,3130.26,485.20,26.96,6.82,38.78,1.32
West,Montana,30,Native Hawaiian or Other Pacific Islander,2020,16,3397.56,415.73,25.38,3.76,39.38,2.18
West,Montana,30,Native Hawaiian or Other Pacific Islander,2021,18,3420.50,570.38,27.44,5.57,39.06,1.99
West,Montana,30,Native Hawaiian or Other Pacific Islander,2022,21,3320.00,511.97,25.05,3.66,38.67,1.96
West,Montana,30,Native Hawaiian or Other Pacific Islander,2023,11,3123.64,385.82,27.00,5.48,39.00,3.84
West,Montana,30,Native Hawaiian or Other Pacific Islander,2024,14,3390.29,351.06,29.29,6.55,38.00,1.93
West,Montana,30,White,2016,10220,3284.41,559.79,28.53,5.55,38.81,2.32
West,Montana,30,White,2017,9861,3278.43,558.16,28.69,5.52,38.78,2.30
West,Montana,30,White,2018,9684,3292.66,552.97,28.82,5.40,38.73,2.27
West,Montana,30,White,2019,9304,3278.69,543.64,29.01,5.46,38.66,2.25
West,Montana,30,White,2020,9103,3263.49,550.10,29.32,5.43,38.62,2.28
West,Montana,30,White,2021,9622,3259.97,546.70,29.36,5.36,38.57,2.22
West,Montana,30,White,2022,9572,3259.23,542.16,29.43,5.44,38.58,2.25
West,Montana,30,White,2023,9522,3259.14,560.71,29.51,5.38,38.56,2.32
West,Montana,30,White,2024,9728,3276.79,550.75,29.63,5.42,38.61,2.32
West,Montana,30,More than one race,2016,405,3255.65,571.56,26.42,5.62,38.59,2.28
West,Montana,30,More than one race,2017,404,3250.14,594.71,26.48,6.05,38.54,2.33
West,Montana,30,More than one race,2018,385,3220.92,621.88,26.79,5.86,38.21,2.96
West,Montana,30,More than one race,2019,363,3238.44,540.87,27.08,5.83,38.66,2.11
West,Montana,30,More than one race,2020,356,3196.85,633.93,27.15,5.37,38.24,2.64
West,Montana,30,More than one race,2021,373,3182.17,689.78,27.42,5.98,38.05,3.22
West,Montana,30,More than one race,2022,361,3246.80,506.78,28.37,5.76,38.29,2.17
West,Montana,30,More than one race,2023,388,3246.04,520.79,27.92,5.86,38.52,2.20
West,Montana,30,More than one race,2024,407,3237.03,577.91,27.81,5.77,38.55,2.65
West,Nevada,32,American Indian or Alaska Native,2016,380,3318.25,564.77,27.09,5.80,38.59,2.53
West,Nevada,32,American Indian or Alaska Native,2017,405,3291.23,557.24,27.57,5.87,38.82,2.43
West,Nevada,32,American Indian or Alaska Native,2018,387,3246.23,598.09,27.40,5.48,38.54,2.69
West,Nevada,32,American Indian or Alaska Native,2019,382,3272.40,543.44,27.55,6.14,38.52,2.22
West,Nevada,32,American Indian or Alaska Native,2020,319,3246.16,650.59,27.50,5.91,38.38,3.21
West,Nevada,32,American Indian or Alaska Native,2021,340,3224.31,622.34,27.52,5.87,38.49,2.76
West,Nevada,32,American Indian or Alaska Native,2022,281,3246.77,535.76,28.60,5.64,38.76,2.32
West,Nevada,32,American Indian or Alaska Native,2023,292,3199.22,621.25,28.65,6.00,38.36,2.94
West,Nevada,32,American Indian or Alaska Native,2024,297,3278.00,560.07,28.49,5.87,38.38,2.75
West,Nevada,32,Asian,2016,2860,3138.20,543.72,31.11,5.37,38.51,2.48
West,Nevada,32,Asian,2017,2901,3123.19,536.88,31.19,5.42,38.59,2.50
West,Nevada,32,Asian,2018,2752,3117.12,546.02,31.44,5.32,38.46,2.47
West,Nevada,32,Asian,2019,2745,3100.12,549.24,31.79,5.32,38.50,2.53
West,Nevada,32,Asian,2020,2589,3116.44,545.86,31.73,5.21,38.46,2.51
West,Nevada,32,Asian,2021,2502,3076.93,577.55,32.00,5.18,38.34,2.68
West,Nevada,32,Asian,2022,2673,3099.01,532.13,32.25,5.18,38.46,2.36
West,Nevada,32,Asian,2023,2582,3078.16,561.92,32.45,5.17,38.35,2.55
West,Nevada,32,Asian,2024,2588,3088.20,548.07,32.60,5.08,38.43,2.48
West,Nevada,32,Black or African American,2016,4594,3050.16,621.71,27.15,5.87,38.23,3.04
West,Nevada,32,Black or African American,2017,4902,3040.16,629.72,27.46,5.92,38.18,2.90
West,Nevada,32,Black or African American,2018,4974,3074.43,604.82,27.80,5.88,38.28,2.89
West,Nevada,32,Black or African American,2019,4849,3047.06,604.82,28.03,5.77,38.20,2.89
West,Nevada,32,Black or African American,2020,4954,3049.06,602.11,28.10,5.84,38.17,2.91
West,Nevada,32,Black or African American,2021,4862,3024.24,623.88,28.28,5.84,38.04,2.96
West,Nevada,32,Black or African American,2022,4746,3038.97,613.70,28.62,5.78,38.07,2.89
West,Nevada,32,Black or African American,2023,4451,3040.71,607.97,28.81,6.05,38.07,2.96
West,Nevada,32,Black or African American,2024,4423,2999.84,626.77,29.17,6.15,38.02,3.05
West,Nevada,32,Native Hawaiian or Other Pacific Islander,2016,349,3171.97,624.85,27.86,5.80,38.26,3.06
West,Nevada,32,Native Hawaiian or Other Pacific Islander,2017,367,3319.12,593.66,28.13,5.63,38.55,2.74
West,Nevada,32,Native Hawaiian or Other Pacific Islander,2018,386,3285.63,618.56,27.80,5.67,38.20,2.99
West,Nevada,32,Native Hawaiian or Other Pacific Islander,2019,416,3240.26,642.33,28.25,5.74,38.21,3.13
West,Nevada,32,Native Hawaiian or Other Pacific Islander,2020,412,3290.52,576.68,28.39,5.57,38.41,2.63
West,Nevada,32,Native Hawaiian or Other Pacific Islander,2021,369,3286.74,596.07,28.54,5.88,38.30,2.70
West,Nevada,32,Native Hawaiian or Other Pacific Islander,2022,403,3227.67,632.43,28.86,5.56,38.20,2.81
West,Nevada,32,Native Hawaiian or Other Pacific Islander,2023,365,3191.05,636.68,28.94,5.93,38.05,3.04
West,Nevada,32,Native Hawaiian or Other Pacific Islander,2024,398,3286.02,620.87,28.64,5.76,38.54,3.08
West,Nevada,32,White,2016,26430,3264.34,553.77,28.46,5.84,38.70,2.44
West,Nevada,32,White,2017,25474,3252.85,566.51,28.52,5.86,38.65,2.52
West,Nevada,32,White,2018,25491,3262.25,555.47,28.73,5.90,38.69,2.45
West,Nevada,32,White,2019,24956,3253.49,554.56,28.81,5.82,38.70,2.46
West,Nevada,32,White,2020,23505,3250.40,555.24,28.96,5.78,38.65,2.44
West,Nevada,32,White,2021,23731,3242.56,564.02,29.14,5.72,38.60,2.47
West,Nevada,32,White,2022,23222,3235.52,555.95,29.21,5.76,38.63,2.48
West,Nevada,32,White,2023,22381,3223.55,556.73,29.33,5.77,38.58,2.51
West,Nevada,32,White,2024,22989,3232.99,555.84,29.43,5.72,38.61,2.49
West,Nevada,32,More than one race,2016,1647,3192.94,571.91,26.84,5.76,38.63,2.69
West,Nevada,32,More than one race,2017,1707,3165.61,589.50,27.33,5.79,38.54,2.68
West,Nevada,32,More than one race,2018,1692,3193.40,589.39,27.42,5.74,38.58,2.65
West,Nevada,32,More than one race,2019,1724,3171.48,569.51,27.53,5.71,38.60,2.58
West,Nevada,32,More than one race,2020,1874,3177.82,553.09,27.75,5.77,38.59,2.65
West,Nevada,32,More than one race,2021,1882,3170.08,566.08,28.06,5.68,38.49,2.52
West,Nevada,32,More than one race,2022,1868,3153.59,578.24,28.47,5.71,38.50,2.62
West,Nevada,32,More than one race,2023,1723,3150.07,571.74,28.28,5.79,38.50,2.60
West,Nevada,32,More than one race,2024,1686,3180.14,567.39,28.69,5.62,38.50,2.60
West,New Mexico,35,American Indian or Alaska Native,2016,3119,3219.66,595.56,27.13,5.84,38.48,2.70
West,New Mexico,35,American Indian or Alaska Native,2017,2931,3232.60,582.59,27.43,6.07,38.51,2.53
West,New Mexico,35,American Indian or Alaska Native,2018,2834,3221.00,560.28,27.79,5.89,38.48,2.58
West,New Mexico,35,American Indian or Alaska Native,2019,2881,3228.30,552.87,27.61,5.99,38.46,2.35
West,New Mexico,35,American Indian or Alaska Native,2020,2675,3219.76,557.98,27.80,5.95,38.48,2.30
West,New Mexico,35,American Indian or Alaska Native,2021,2383,3191.21,577.29,28.05,5.94,38.40,2.41
West,New Mexico,35,American Indian or Alaska Native,2022,2480,3201.03,567.77,28.10,6.01,38.51,2.33
West,New Mexico,35,American Indian or Alaska Native,2023,2324,3202.80,562.39,28.27,6.18,38.44,2.16
West,New Mexico,35,American Indian or Alaska Native,2024,2391,3201.99,574.74,28.33,6.11,38.33,2.46
West,New Mexico,35,Asian,2016,457,3112.67,495.21,31.47,5.11,38.48,2.08
West,New Mexico,35,Asian,2017,452,3037.77,561.10,31.17,5.03,38.42,2.29
West,New Mexico,35,Asian,2018,433,3052.55,563.97,31.75,5.00,38.36,2.35
West,New Mexico,35,Asian,2019,421,3103.80,518.15,31.89,5.06,38.38,2.17
West,New Mexico,35,Asian,2020,443,3070.03,585.51,31.86,5.15,38.22,2.65
West,New Mexico,35,Asian,2021,393,3037.21,549.74,32.07,5.16,38.30,2.43
West,New Mexico,35,Asian,2022,445,3074.32,502.46,32.26,5.10,38.46,2.09
West,New Mexico,35,Asian,2023,432,3035.24,501.73,31.89,4.77,38.35,1.93
West,New Mexico,35,Asian,2024,440,3033.03,541.12,32.42,5.26,38.34,2.17
West,New Mexico,35,Black or African American,2016,487,3060.39,544.32,26.93,5.87,38.33,2.80
West,New Mexico,35,Black or African American,2017,533,3035.65,612.04,27.47,6.25,38.20,2.73
West,New Mexico,35,Black or African American,2018,528,3067.95,576.25,27.53,6.14,38.24,2.53
West,New Mexico,35,Black or African American,2019,502,3008.86,668.53,27.68,6.17,38.13,2.93
West,New Mexico,35,Black or African American,2020,551,3027.60,591.64,27.43,6.18,38.28,2.45
West,New Mexico,35,Black or African American,2021,534,3028.41,615.02,27.52,5.97,38.07,2.82
West,New Mexico,35,Black or African American,2022,541,3036.66,581.82,27.72,5.93,38.38,2.61
West,New Mexico,35,Black or African American,2023,543,3068.03,584.43,27.56,5.98,38.35,2.48
West,New Mexico,35,Black or African American,2024,548,3019.97,568.87,27.93,6.21,38.21,2.33
West,New Mexico,35,Native Hawaiian or Other Pacific Islander,2016,25,3176.52,638.83,29.44,6.69,38.32,2.72
West,New Mexico,35,Native Hawaiian or Other Pacific Islander,2017,21,3225.81,468.67,27.57,6.75,38.90,2.67
West,New Mexico,35,Native Hawaiian or Other Pacific Islander,2018,21,3364.14,272.19,27.62,4.50,39.76,1.48
West,New Mexico,35,Native Hawaiian or Other Pacific Islander,2019,19,3097.11,549.82,27.47,5.56,38.53,1.39
West,New Mexico,35,Native Hawaiian or Other Pacific Islander,2020,24,3118.67,742.15,27.42,6.47,38.04,3.42
West,New Mexico,35,Native Hawaiian or Other Pacific Islander,2021,31,3169.97,359.95,26.61,6.21,38.71,2.11
West,New Mexico,35,Native Hawaiian or Other Pacific Islander,2022,26,3137.31,564.55,27.31,5.47,38.88,1.50
West,New Mexico,35,Native Hawaiian or Other Pacific Islander,2023,23,2966.83,638.90,30.04,5.06,38.09,2.06
West,New Mexico,35,Native Hawaiian or Other Pacific Islander,2024,26,3360.38,750.20,25.88,4.89,39.31,2.49
West,New Mexico,35,White,2016,20126,3189.98,567.12,27.33,5.84,38.61,2.42
West,New Mexico,35,White,2017,19371,3181.16,561.84,27.46,5.82,38.58,2.37
West,New Mexico,35,White,2018,18737,3182.92,553.54,27.61,5.82,38.54,2.30
West,New Mexico,35,White,2019,18597,3168.16,560.96,27.78,5.80,38.50,2.31
West,New Mexico,35,White,2020,17747,3181.88,556.35,27.83,5.79,38.55,2.29
West,New Mexico,35,White,2021,17534,3179.96,555.12,28.09,5.83,38.54,2.26
West,New Mexico,35,White,2022,17579,3157.78,557.00,28.05,5.87,38.51,2.32
West,New Mexico,35,White,2023,17123,3163.03,554.29,28.19,5.87,38.50,2.30
West,New Mexico,35,White,2024,17350,3164.30,551.90,28.20,5.87,38.52,2.33
West,New Mexico,35,More than one race,2016,478,3149.51,626.61,26.78,5.56,38.38,2.90
West,New Mexico,35,More than one race,2017,459,3134.44,552.52,27.12,6.17,38.40,2.41
West,New Mexico,35,More than one race,2018,486,3198.06,560.09,27.52,6.02,38.59,2.26
West,New Mexico,35,More than one race,2019,540,3153.85,624.72,27.31,5.98,38.27,2.61
West,New Mexico,35,More than one race,2020,463,3144.86,574.40,27.18,5.81,38.37,2.27
West,New Mexico,35,More than one race,2021,516,3116.09,574.23,28.09,6.15,38.30,2.46
West,New Mexico,35,More than one race,2022,543,3146.55,525.43,28.26,5.99,38.59,2.12
West,New Mexico,35,More than one race,2023,506,3148.32,567.27,27.98,5.73,38.45,2.23
West,New Mexico,35,More than one race,2024,573,3226.95,548.49,28.28,5.86,38.63,2.03
West,Oregon,41,American Indian or Alaska Native,2016,584,3355.83,550.27,26.94,5.94,38.80,2.32
West,Oregon,41,American Indian or Alaska Native,2017,600,3300.61,644.67,27.41,5.85,38.34,2.73
West,Oregon,41,American Indian or Alaska Native,2018,571,3319.80,610.66,27.70,5.82,38.59,2.63
West,Oregon,41,American Indian or Alaska Native,2019,609,3303.17,630.66,27.62,5.92,38.59,2.69
West,Oregon,41,American Indian or Alaska Native,2020,583,3356.34,612.85,27.87,6.01,38.47,2.77
West,Oregon,41,American Indian or Alaska Native,2021,616,3338.34,631.28,27.59,5.99,38.53,2.51
West,Oregon,41,American Indian or Alaska Native,2022,1365,3292.21,590.77,28.05,6.15,38.62,2.40
West,Oregon,41,American Indian or Alaska Native,2023,1259,3283.97,568.73,28.55,5.87,38.70,2.42
West,Oregon,41,American Indian or Alaska Native,2024,1273,3299.83,567.65,28.23,5.88,38.74,2.55
West,Oregon,41,Asian,2016,2494,3204.77,554.54,31.65,5.08,38.81,2.18
West,Oregon,41,Asian,2017,2519,3204.24,540.54,31.80,4.91,38.77,2.15
West,Oregon,41,Asian,2018,2344,3200.60,520.76,31.86,4.83,38.83,2.16
West,Oregon,41,Asian,2019,2462,3179.10,542.29,32.16,4.78,38.75,2.26
West,Oregon,41,Asian,2020,2197,3209.35,527.35,32.49,4.64,38.81,2.08
West,Oregon,41,Asian,2021,2210,3217.10,510.95,32.65,4.58,38.73,1.98
West,Oregon,41,Asian,2022,2532,3191.42,541.50,32.60,4.99,38.66,2.23
West,Oregon,41,Asian,2023,2266,3152.87,567.40,32.61,4.88,38.58,2.35
West,Oregon,41,Asian,2024,2351,3183.59,547.67,32.76,4.69,38.73,2.20
West,Oregon,41,Black or African American,2016,1063,3243.25,623.77,28.56,5.82,38.60,2.60
West,Oregon,41,Black or African American,2017,1143,3215.02,603.08,28.95,6.22,38.56,2.63
West,Oregon,41,Black or African American,2018,1093,3187.56,637.36,28.63,5.93,38.53,2.85
West,Oregon,41,Black or African American,2019,1120,3171.57,614.50,29.41,6.00,38.57,2.69
West,Oregon,41,Black or African American,2020,1133,3204.59,663.81,29.45,5.91,38.46,2.80
West,Oregon,41,Black or African American,2021,1209,3181.63,641.34,29.93,5.73,38.41,2.71
West,Oregon,41,Black or African American,2022,1590,3221.02,630.41,29.43,6.07,38.52,2.71
West,Oregon,41,Black or African American,2023,1642,3237.88,603.43,29.38,6.06,38.63,2.49
West,Oregon,41,Black or African American,2024,1640,3221.43,639.79,30.12,6.18,38.59,2.60
West,Oregon,41,Native Hawaiian or Other Pacific Islander,2016,364,3305.85,588.71,27.48,5.70,38.59,2.47
West,Oregon,41,Native Hawaiian or Other Pacific Islander,2017,335,3289.97,565.79,27.73,5.89,38.38,2.98
West,Oregon,41,Native Hawaiian or Other Pacific Islander,2018,344,3282.24,563.24,27.51,5.68,38.42,2.62
West,Oregon,41,Native Hawaiian or Other Pacific Islander,2019,375,3305.29,549.06,27.59,5.63,38.54,2.71
West,Oregon,41,Native Hawaiian or Other Pacific Islander,2020,299,3230.67,634.01,27.69,5.78,38.20,3.46
West,Oregon,41,Native Hawaiian or Other Pacific Islander,2021,373,3263.57,604.24,28.61,5.70,38.54,2.72
West,Oregon,41,Native Hawaiian or Other Pacific Islander,2022,453,3271.93,587.10,28.74,6.09,38.58,2.56
West,Oregon,41,Native Hawaiian or Other Pacific Islander,2023,457,3227.12,623.71,28.76,5.91,38.34,2.76
West,Oregon,41,Native Hawaiian or Other Pacific Islander,2024,465,3240.83,592.62,28.52,5.63,38.33,2.78
West,Oregon,41,White,2016,39074,3364.79,578.07,29.10,5.72,38.96,2.32
West,Oregon,41,White,2017,37084,3355.83,577.88,29.27,5.73,38.92,2.36
West,Oregon,41,White,2018,35930,3358.19,569.16,29.43,5.72,38.92,2.25
West,Oregon,41,White,2019,35415,3347.92,570.49,29.50,5.72,38.88,2.31
West,Oregon,41,White,2020,33754,3350.53,570.30,29.66,5.67,38.90,2.27
West,Oregon,41,White,2021,34607,3343.15,571.78,29.84,5.66,38.84,2.28
West,Oregon,41,White,2022,31282,3342.24,570.99,29.90,5.68,38.87,2.27
West,Oregon,41,White,2023,30443,3337.14,579.69,29.97,5.70,38.82,2.32
West,Oregon,41,White,2024,30951,3338.99,571.03,30.00,5.70,38.84,2.28
West,Oregon,41,More than one race,2016,1956,3319.61,580.33,27.90,5.91,38.85,2.35
West,Oregon,41,More than one race,2017,1950,3285.97,595.06,28.14,5.83,38.68,2.58
West,Oregon,41,More than one race,2018,1906,3295.72,581.93,28.24,5.92,38.83,2.35
West,Oregon,41,More than one race,2019,1877,3333.27,563.69,28.45,5.89,38.93,2.27
West,Oregon,41,More than one race,2020,1854,3277.71,609.35,28.95,5.97,38.67,2.46
West,Oregon,41,More than one race,2021,1899,3284.58,622.85,29.00,5.69,38.70,2.46
West,Oregon,41,More than one race,2022,2271,3295.27,579.09,29.25,5.97,38.83,2.34
West,Oregon,41,More than one race,2023,2231,3314.31,570.61,29.45,5.79,38.81,2.32
West,Oregon,41,More than one race,2024,2283,3277.94,603.02,29.42,5.85,38.63,2.38
West,Utah,49,American Indian or Alaska Native,2016,557,3292.11,574.64,26.94,5.88,38.46,2.62
West,Utah,49,American Indian or Alaska Native,2017,535,3297.52,562.12,26.91,5.76,38.40,2.47
West,Utah,49,American Indian or Alaska Native,2018,526,3289.59,599.84,26.94,5.43,38.32,2.70
West,Utah,49,American Indian or Alaska Native,2019,474,3267.35,539.07,27.14,5.78,38.28,2.53
West,Utah,49,American Indian or Alaska Native,2020,471,3221.55,606.17,27.67,6.02,38.21,2.69
West,Utah,49,American Indian or Alaska Native,2021,493,3255.31,587.64,27.63,5.94,38.38,2.83
West,Utah,49,American Indian or Alaska Native,2022,467,3251.55,587.59,28.06,5.61,38.15,2.76
West,Utah,49,American Indian or Alaska Native,2023,483,3232.95,577.43,27.83,6.17,38.37,2.55
West,Utah,49,American Indian or Alaska Native,2024,538,3232.59,578.80,28.09,5.94,38.39,2.61
West,Utah,49,Asian,2016,1330,3121.72,530.16,30.37,5.21,38.48,2.25
West,Utah,49,Asian,2017,1316,3074.83,572.87,30.42,4.97,38.30,2.64
West,Utah,49,Asian,2018,1224,3127.09,535.50,30.57,5.10,38.40,2.78
West,Utah,49,Asian,2019,1229,3117.89,541.13,30.87,5.08,38.44,2.24
West,Utah,49,Asian,2020,1235,3162.51,506.85,31.20,4.91,38.58,2.12
West,Utah,49,Asian,2021,1276,3091.34,546.78,30.98,4.84,38.40,2.35
West,Utah,49,Asian,2022,1296,3091.74,505.87,31.59,4.79,38.37,2.12
West,Utah,49,Asian,2023,1226,3091.98,556.60,31.69,4.86,38.33,2.34
West,Utah,49,Asian,2024,1326,3082.29,538.06,31.86,4.88,38.40,2.24
West,Utah,49,Black or African American,2016,662,3156.69,582.13,28.03,5.99,38.26,2.84
West,Utah,49,Black or African American,2017,677,3153.18,611.74,27.99,5.80,38.41,2.94
West,Utah,49,Black or African American,2018,647,3108.92,561.38,28.60,5.93,38.28,2.83
West,Utah,49,Black or African American,2019,759,3074.28,617.29,28.61,5.85,37.98,2.91
West,Utah,49,Black or African American,2020,717,3083.71,589.72,29.08,5.92,38.12,2.78
West,Utah,49,Black or African American,2021,747,3110.19,611.05,29.05,5.70,38.02,2.87
West,Utah,49,Black or African American,2022,791,3130.97,585.04,28.95,5.90,38.33,2.77
West,Utah,49,Black or African American,2023,853,3121.24,599.03,29.18,5.80,38.14,2.96
West,Utah,49,Black or African American,2024,867,3070.14,623.49,29.43,5.77,38.03,2.96
West,Utah,49,Native Hawaiian or Other Pacific Islander,2016,469,3299.86,594.36,27.47,5.50,38.31,2.73
West,Utah,49,Native Hawaiian or Other Pacific Islander,2017,524,3262.14,635.31,27.68,5.38,38.50,2.76
West,Utah,49,Native Hawaiian or Other Pacific Islander,2018,511,3257.94,594.88,27.59,5.63,38.19,2.89
West,Utah,49,Native Hawaiian or Other Pacific Islander,2019,533,3229.58,624.94,28.20,5.61,38.28,3.27
West,Utah,49,Native Hawaiian or Other Pacific Islander,2020,569,3293.91,638.39,28.15,5.33,38.30,2.76
West,Utah,49,Native Hawaiian or Other Pacific Islander,2021,521,3263.45,597.92,27.81,5.44,38.45,2.89
West,Utah,49,Native Hawaiian or Other Pacific Islander,2022,619,3252.18,593.21,27.89,5.48,38.15,2.72
West,Utah,49,Native Hawaiian or Other Pacific Islander,2023,623,3291.66,579.62,28.26,5.38,38.31,2.81
West,Utah,49,Native Hawaiian or Other Pacific Islander,2024,919,3257.60,612.03,28.89,5.69,38.17,2.77
West,Utah,49,White,2016,46335,3275.40,556.32,28.55,5.34,38.61,2.27
West,Utah,49,White,2017,44305,3274.39,556.40,28.55,5.39,38.61,2.27
West,Utah,49,White,2018,42994,3274.05,549.51,28.60,5.38,38.60,2.27
West,Utah,49,White,2019,42552,3259.19,549.54,28.68,5.37,38.56,2.22
West,Utah,49,White,2020,41367,3267.40,546.12,28.72,5.35,38.55,2.22
West,Utah,49,White,2021,42140,3260.64,552.23,28.77,5.30,38.50,2.23
West,Utah,49,White,2022,41187,3254.74,550.32,28.81,5.29,38.50,2.25
West,Utah,49,White,2023,40455,3254.28,549.10,28.89,5.28,38.51,2.23
West,Utah,49,White,2024,41576,3254.84,544.90,28.88,5.26,38.51,2.24
West,Utah,49,More than one race,2016,1111,3233.51,583.23,27.08,5.34,38.63,2.48
West,Utah,49,More than one race,2017,1228,3215.45,583.93,27.31,5.34,38.50,2.67
West,Utah,49,More than one race,2018,1307,3218.14,562.24,27.48,5.46,38.40,2.28
West,Utah,49,More than one race,2019,1279,3212.84,578.53,27.54,5.48,38.43,2.46
West,Utah,49,More than one race,2020,1343,3233.53,555.75,27.80,5.48,38.46,2.49
West,Utah,49,More than one race,2021,1535,3234.71,569.30,28.18,5.38,38.49,2.33
West,Utah,49,More than one race,2022,1408,3216.16,570.90,28.30,5.39,38.43,2.50
West,Utah,49,More than one race,2023,1379,3251.85,541.56,28.23,5.21,38.48,2.14
West,Utah,49,More than one race,2024,1438,3243.51,545.18,28.45,5.24,38.49,2.17
West,Washington,53,American Indian or Alaska Native,2016,1870,3348.81,611.77,27.19,5.86,38.48,2.77
West,Washington,53,American Indian or Alaska Native,2017,1660,3338.88,617.13,27.16,6.03,38.47,2.78
West,Washington,53,American Indian or Alaska Native,2018,1775,3344.92,609.17,27.49,5.95,38.52,2.66
West,Washington,53,American Indian or Alaska Native,2019,1703,3340.84,611.17,27.39,5.87,38.57,2.60
West,Washington,53,American Indian or Alaska Native,2020,1644,3304.44,631.14,27.98,5.98,38.27,2.90
West,Washington,53,American Indian or Alaska Native,2021,1663,3320.41,623.08,28.03,5.88,38.26,2.76
West,Washington,53,American Indian or Alaska Native,2022,1618,3312.64,616.75,27.97,6.08,38.34,2.54
West,Washington,53,American Indian or Alaska Native,2023,1527,3283.67,623.10,28.11,5.92,38.03,2.88
West,Washington,53,American Indian or Alaska Native,2024,1643,3301.79,603.64,28.18,6.00,38.11,2.89
West,Washington,53,Asian,2016,9889,3198.86,536.80,31.39,4.94,38.75,2.25
West,Washington,53,Asian,2017,9869,3196.68,537.03,31.58,4.94,38.75,2.21
West,Washington,53,Asian,2018,9351,3187.51,525.35,32.04,4.72,38.76,2.20
West,Washington,53,Asian,2019,9669,3189.03,524.91,32.07,4.79,38.67,2.20
West,Washington,53,Asian,2020,9186,3188.17,521.55,32.24,4.68,38.73,2.17
West,Washington,53,Asian,2021,9599,3177.20,540.70,32.46,4.57,38.60,2.28
West,Washington,53,Asian,2022,9952,3163.49,533.74,32.66,4.61,38.60,2.24
West,Washington,53,Asian,2023,9855,3173.81,526.09,32.77,4.55,38.66,2.16
West,Washington,53,Asian,2024,10488,3160.44,535.43,32.83,4.51,38.65,2.26
West,Washington,53,Black or African American,2016,4784,3227.87,632.31,28.92,5.91,38.63,2.75
West,Washington,53,Black or African American,2017,4980,3231.45,639.30,29.47,5.98,38.60,2.79
West,Washington,53,Black or African American,2018,4888,3223.96,637.26,29.65,5.94,38.56,2.79
West,Washington,53,Black or African American,2019,4938,3231.25,609.12,29.47,5.99,38.63,2.63
West,Washington,53,Black or African American,2020,4912,3219.63,645.56,29.97,6.00,38.50,2.82
West,Washington,53,Black or African American,2021,4764,3233.69,617.04,29.96,6.04,38.50,2.58
West,Washington,53,Black or African American,2022,4942,3247.08,609.22,30.41,5.89,38.56,2.54
West,Washington,53,Black or African American,2023,4693,3216.79,623.22,30.76,6.02,38.46,2.76
West,Washington,53,Black or African American,2024,4909,3225.13,612.05,30.62,6.00,38.52,2.70
West,Washington,53,Native Hawaiian or Other Pacific Islander,2016,1370,3338.60,598.19,27.44,5.85,38.51,2.69
West,Washington,53,Native Hawaiian or Other Pacific Islander,2017,1395,3348.35,626.04,27.69,5.65,38.64,2.79
West,Washington,53,Native Hawaiian or Other Pacific Islander,2018,1358,3301.29,643.06,27.65,5.80,38.49,2.99
West,Washington,53,Native Hawaiian or Other Pacific Islander,2019,1447,3337.63,591.65,27.82,5.76,38.56,2.81
West,Washington,53,Native Hawaiian or Other Pacific Islander,2020,1452,3322.97,598.60,27.76,5.60,38.43,2.77
West,Washington,53,Native Hawaiian or Other Pacific Islander,2021,1433,3302.60,660.95,27.77,5.60,38.31,2.91
West,Washington,53,Native Hawaiian or Other Pacific Islander,2022,1566,3302.27,614.60,27.78,5.86,38.49,2.85
West,Washington,53,Native Hawaiian or Other Pacific Islander,2023,1621,3271.34,634.18,28.01,5.91,38.29,2.92
West,Washington,53,Native Hawaiian or Other Pacific Islander,2024,1662,3269.64,617.79,27.95,5.80,38.30,2.85
West,Washington,53,White,2016,68579,3384.46,572.07,29.21,5.61,39.00,2.30
West,Washington,53,White,2017,65615,3376.58,572.87,29.38,5.63,38.96,2.29
West,Washington,53,White,2018,64527,3374.03,572.51,29.53,5.61,38.95,2.30
West,Washington,53,White,2019,62985,3368.91,565.87,29.62,5.65,38.88,2.28
West,Washington,53,White,2020,61717,3365.57,569.34,29.78,5.61,38.82,2.34
West,Washington,53,White,2021,62164,3357.27,573.90,29.93,5.58,38.74,2.33
West,Washington,53,White,2022,60760,3352.20,571.14,30.03,5.63,38.79,2.33
West,Washington,53,White,2023,58865,3352.28,572.26,30.01,5.67,38.76,2.38
West,Washington,53,White,2024,59934,3350.09,572.09,30.06,5.66,38.71,2.44
West,Washington,53,More than one race,2016,4013,3312.62,585.14,27.95,5.79,38.85,2.44
West,Washington,53,More than one race,2017,4043,3316.47,592.94,27.91,5.89,38.82,2.48
West,Washington,53,More than one race,2018,4186,3299.04,603.79,28.25,5.83,38.80,2.56
West,Washington,53,More than one race,2019,4153,3300.34,586.38,28.38,5.81,38.80,2.47
West,Washington,53,More than one race,2020,4175,3303.95,609.04,28.68,5.77,38.68,2.59
West,Washington,53,More than one race,2021,4288,3316.88,583.34,28.89,5.78,38.72,2.39
West,Washington,53,More than one race,2022,4495,3299.65,590.84,29.11,5.78,38.65,2.52
West,Washington,53,More than one race,2023,4371,3284.93,591.80,29.11,5.73,38.62,2.43
West,Washington,53,More than one race,2024,4482,3302.84,585.08,29.29,5.86,38.69,2.49
West,Wyoming,56,American Indian or Alaska Native,2016,245,3183.25,683.13,25.88,5.81,38.08,2.95
West,Wyoming,56,American Indian or Alaska Native,2017,249,3242.20,575.99,25.73,5.36,38.28,2.23
West,Wyoming,56,American Indian or Alaska Native,2018,247,3283.99,580.79,26.94,5.65,38.34,2.40
West,Wyoming,56,American Indian or Alaska Native,2019,222,3257.28,563.77,26.03,6.19,38.49,2.46
West,Wyoming,56,American Indian or Alaska Native,2020,227,3272.10,607.53,26.31,5.87,38.06,3.55
West,Wyoming,56,American Indian or Alaska Native,2021,230,3261.83,547.58,25.57,5.54,38.41,2.45
West,Wyoming,56,American Indian or Alaska Native,2022,226,3188.95,665.76,26.55,6.53,38.20,2.71
West,Wyoming,56,American Indian or Alaska Native,2023,198,3197.57,622.71,27.16,6.03,38.34,3.05
West,Wyoming,56,American Indian or Alaska Native,2024,218,3181.53,567.18,26.04,5.63,38.41,2.55
West,Wyoming,56,Asian,2016,112,3097.22,563.38,30.41,4.83,38.48,2.54
West,Wyoming,56,Asian,2017,97,3065.47,558.99,30.26,4.86,38.49,2.50
West,Wyoming,56,Asian,2018,82,3098.17,492.27,31.02,5.23,38.20,1.92
West,Wyoming,56,Asian,2019,86,2977.80,594.02,31.67,5.43,38.12,2.80
West,Wyoming,56,Asian,2020,68,3033.79,463.37,32.12,5.25,38.04,2.21
West,Wyoming,56,Asian,2021,74,3023.12,521.28,30.95,5.31,38.36,2.37
West,Wyoming,56,Asian,2022,77,3079.91,432.28,32.70,5.28,38.25,2.74
West,Wyoming,56,Asian,2023,74,3007.85,470.28,32.07,5.08,38.32,1.91
West,Wyoming,56,Asian,2024,78,2938.69,599.95,30.14,6.00,38.00,2.61
West,Wyoming,56,Black or African American,2016,93,2991.97,688.81,26.90,4.95,37.85,3.66
West,Wyoming,56,Black or African American,2017,71,2964.39,515.52,26.68,5.96,38.38,2.18
West,Wyoming,56,Black or African American,2018,75,2993.91,615.39,27.53,5.47,38.05,2.75
West,Wyoming,56,Black or African American,2019,79,2898.46,617.93,26.82,5.94,38.16,3.05
West,Wyoming,56,Black or African American,2020,75,2924.08,649.32,28.32,5.46,38.01,2.73
West,Wyoming,56,Black or African American,2021,54,3054.59,457.18,28.02,5.69,38.65,2.07
West,Wyoming,56,Black or African American,2022,66,3036.44,460.41,27.39,5.60,38.35,2.03
West,Wyoming,56,Black or African American,2023,66,3004.64,529.63,28.18,6.39,38.53,2.18
West,Wyoming,56,Black or African American,2024,62,3000.31,633.80,27.94,5.72,38.34,3.36
West,Wyoming,56,Native Hawaiian or Other Pacific Islander,2016,,,,,,,
West,Wyoming,56,Native Hawaiian or Other Pacific Islander,2017,,,,,,,
West,Wyoming,56,Native Hawaiian or Other Pacific Islander,2018,16,2955.31,370.44,27.06,4.05,38.81,1.18
West,Wyoming,56,Native Hawaiian or Other Pacific Islander,2019,12,2978.50,211.02,29.08,5.48,39.83,2.27
West,Wyoming,56,Native Hawaiian or Other Pacific Islander,2020,,,,,,,
West,Wyoming,56,Native Hawaiian or Other Pacific Islander,2021,,,,,,,
West,Wyoming,56,Native Hawaiian or Other Pacific Islander,2022,10,3281.60,314.27,25.80,4.33,38.90,1.22
West,Wyoming,56,Native Hawaiian or Other Pacific Islander,2023,10,2771.40,740.33,26.10,5.43,36.50,3.14
West,Wyoming,56,Native Hawaiian or Other Pacific Islander,2024,,,,,,,
West,Wyoming,56,White,2016,6769,3211.13,548.21,27.82,5.53,38.65,2.24
West,Wyoming,56,White,2017,6306,3197.34,536.49,28.00,5.46,38.61,2.16
West,Wyoming,56,White,2018,5973,3172.88,545.68,28.12,5.59,38.56,2.25
West,Wyoming,56,White,2019,6013,3162.06,560.77,28.22,5.55,38.49,2.34
West,Wyoming,56,White,2020,5591,3170.67,553.55,28.14,5.58,38.53,2.36
West,Wyoming,56,White,2021,5700,3175.24,542.12,28.40,5.56,38.40,2.31
West,Wyoming,56,White,2022,5494,3169.51,549.59,28.45,5.53,38.47,2.38
West,Wyoming,56,White,2023,5467,3177.81,537.46,28.57,5.61,38.53,2.21
West,Wyoming,56,White,2024,5559,3178.67,552.29,28.47,5.60,38.47,2.37
West,Wyoming,56,More than one race,2016,160,3147.86,562.97,26.14,5.32,38.52,2.53
West,Wyoming,56,More than one race,2017,171,3146.62,548.74,25.00,5.09,38.70,2.26
West,Wyoming,56,More than one race,2018,169,3158.63,481.71,26.53,5.71,38.59,1.82
West,Wyoming,56,More than one race,2019,153,3204.51,490.27,25.46,5.17,38.73,1.51
West,Wyoming,56,More than one race,2020,159,3077.43,559.76,27.28,5.42,38.41,2.66
West,Wyoming,56,More than one race,2021,170,3095.30,551.17,27.18,5.59,38.41,2.44
West,Wyoming,56,More than one race,2022,176,3089.10,595.79,26.81,6.01,38.32,2.87
West,Wyoming,56,More than one race,2023,175,3196.51,583.66,27.49,5.07,38.75,2.53
West,Wyoming,56,More than one race,2024,164,3110.14,569.90,27.22,6.28,38.51,2.33
